{
    "type": "FeatureCollection",
    "features": [
        {
            "type": "Feature",
            "geometry": {
                "type": "Point",
                "coordinates": [
                    5.278959,
                    44.174607
                ]
            },
            "properties": {
                "id": "VENTOUX",
                "name": "Mont-Ventoux (sommet)",
                "elevation": 1910,
                "license": {
                    "code": 0,
                    "license": "Etalab Open License",
                    "url": "https:\/\/www.etalab.gouv.fr\/wp-content\/uploads\/2017\/04\/ETALAB-Licence-Ouverte-v2.0.pdf",
                    "source": "METEO-FRANCE"
                },
                "country": "FR",
                "departement": "84",
                "last_activity": "0000-00-00T00:00:00Z"
            }
        },
        {
            "type": "Feature",
            "geometry": {
                "type": "Point",
                "coordinates": [
                    3.60158,
                    43.98956
                ]
            },
            "properties": {
                "id": "00002",
                "name": "Le Vigan",
                "elevation": 245,
                "license": {
                    "code": 2,
                    "license": "NON-COMMERCIAL ONLY: CC BY NC",
                    "url": "https:\/\/creativecommons.org\/licenses\/by-nc\/2.0\/fr\/",
                    "source": "infoclimat.fr"
                },
                "country": "FR",
                "departement": "30",
                "last_activity": "2026-01-25T13:50:00Z"
            }
        },
        {
            "type": "Feature",
            "geometry": {
                "type": "Point",
                "coordinates": [
                    6.17,
                    43.34
                ]
            },
            "properties": {
                "id": "00003",
                "name": "Besse sur Issole",
                "elevation": 275,
                "license": {
                    "code": 2,
                    "license": "NON-COMMERCIAL ONLY: CC BY NC",
                    "url": "https:\/\/creativecommons.org\/licenses\/by-nc\/2.0\/fr\/",
                    "source": "infoclimat.fr"
                },
                "country": "FR",
                "departement": "83",
                "last_activity": "2026-06-25T13:30:00Z"
            }
        },
        {
            "type": "Feature",
            "geometry": {
                "type": "Point",
                "coordinates": [
                    4.98,
                    45.05
                ]
            },
            "properties": {
                "id": "00004",
                "name": "Granges l\u00e8s Beaumont",
                "elevation": 155,
                "license": {
                    "code": 1,
                    "license": "CC BY",
                    "url": "https:\/\/creativecommons.org\/licenses\/by\/2.0\/fr\/",
                    "source": "infoclimat.fr"
                },
                "country": "FR",
                "departement": "26",
                "last_activity": "2026-06-25T13:20:00Z"
            }
        },
        {
            "type": "Feature",
            "geometry": {
                "type": "Point",
                "coordinates": [
                    4.5022,
                    44.42884
                ]
            },
            "properties": {
                "id": "000VQ",
                "name": "Dent de Rez",
                "elevation": 710,
                "license": {
                    "code": 2,
                    "license": "NON-COMMERCIAL ONLY: CC BY NC",
                    "url": "https:\/\/creativecommons.org\/licenses\/by-nc\/2.0\/fr\/",
                    "source": "infoclimat.fr"
                },
                "country": "FR",
                "departement": "07",
                "last_activity": "2026-06-25T13:20:00Z"
            }
        },
        {
            "type": "Feature",
            "geometry": {
                "type": "Point",
                "coordinates": [
                    -0.416000008583069,
                    46.3919982910156
                ]
            },
            "properties": {
                "id": "00012",
                "name": "Echir\u00e9",
                "elevation": 48,
                "license": {
                    "code": 2,
                    "license": "NON-COMMERCIAL ONLY: CC BY NC",
                    "url": "https:\/\/creativecommons.org\/licenses\/by-nc\/2.0\/fr\/",
                    "source": "infoclimat.fr"
                },
                "country": "FR",
                "departement": "79",
                "last_activity": "2007-09-02T09:10:00Z"
            }
        },
        {
            "type": "Feature",
            "geometry": {
                "type": "Point",
                "coordinates": [
                    2.76999998092651,
                    50.7000007629395
                ]
            },
            "properties": {
                "id": "00008",
                "name": "Steenwerck",
                "elevation": 22,
                "license": {
                    "code": 2,
                    "license": "NON-COMMERCIAL ONLY: CC BY NC",
                    "url": "https:\/\/creativecommons.org\/licenses\/by-nc\/2.0\/fr\/",
                    "source": "infoclimat.fr"
                },
                "country": "FR",
                "departement": "59",
                "last_activity": "0000-00-00T00:00:00Z"
            }
        },
        {
            "type": "Feature",
            "geometry": {
                "type": "Point",
                "coordinates": [
                    2.58333,
                    49.2
                ]
            },
            "properties": {
                "id": "000J1",
                "name": "Senlis",
                "elevation": 65,
                "license": {
                    "code": 2,
                    "license": "NON-COMMERCIAL ONLY: CC BY NC",
                    "url": "https:\/\/creativecommons.org\/licenses\/by-nc\/2.0\/fr\/",
                    "source": "infoclimat.fr"
                },
                "country": "FR",
                "departement": "60",
                "last_activity": "2020-05-09T16:40:00Z"
            }
        },
        {
            "type": "Feature",
            "geometry": {
                "type": "Point",
                "coordinates": [
                    5.44012,
                    45.78074
                ]
            },
            "properties": {
                "id": "00009",
                "name": "Bouvesse-Quirieu",
                "elevation": 222,
                "license": {
                    "code": 2,
                    "license": "NON-COMMERCIAL ONLY: CC BY NC",
                    "url": "https:\/\/creativecommons.org\/licenses\/by-nc\/2.0\/fr\/",
                    "source": "infoclimat.fr"
                },
                "country": "FR",
                "departement": "38",
                "last_activity": "2014-10-31T17:00:00Z"
            }
        },
        {
            "type": "Feature",
            "geometry": {
                "type": "Point",
                "coordinates": [
                    4.146814,
                    43.532544
                ]
            },
            "properties": {
                "id": "00010",
                "name": "Le Grau-du-Roi - Repausset-Levant",
                "elevation": 1,
                "license": {
                    "code": 1,
                    "license": "CC BY",
                    "url": "https:\/\/creativecommons.org\/licenses\/by\/2.0\/fr\/",
                    "source": "infoclimat.fr"
                },
                "country": "FR",
                "departement": "30",
                "last_activity": "2026-03-16T16:00:00Z"
            }
        },
        {
            "type": "Feature",
            "geometry": {
                "type": "Point",
                "coordinates": [
                    5.7667,
                    45.1667
                ]
            },
            "properties": {
                "id": "00014",
                "name": "Saint-Martin-d'H\u00e8res",
                "elevation": 220,
                "license": {
                    "code": 2,
                    "license": "NON-COMMERCIAL ONLY: CC BY NC",
                    "url": "https:\/\/creativecommons.org\/licenses\/by-nc\/2.0\/fr\/",
                    "source": "infoclimat.fr"
                },
                "country": "FR",
                "departement": "38",
                "last_activity": "2026-06-25T13:30:00Z"
            }
        },
        {
            "type": "Feature",
            "geometry": {
                "type": "Point",
                "coordinates": [
                    9.14999961853027,
                    42.3224983215332
                ]
            },
            "properties": {
                "id": "00015",
                "name": "Corte",
                "elevation": 470,
                "license": {
                    "code": 1,
                    "license": "CC BY",
                    "url": "https:\/\/creativecommons.org\/licenses\/by\/2.0\/fr\/",
                    "source": "infoclimat.fr"
                },
                "country": "FR",
                "departement": "2B",
                "last_activity": "2024-08-14T14:50:00Z"
            }
        },
        {
            "type": "Feature",
            "geometry": {
                "type": "Point",
                "coordinates": [
                    2.7333,
                    43.15
                ]
            },
            "properties": {
                "id": "00018",
                "name": "Ferrals-l\u00e8s-Corbi\u00e8res",
                "elevation": 72,
                "license": {
                    "code": 1,
                    "license": "CC BY",
                    "url": "https:\/\/creativecommons.org\/licenses\/by\/2.0\/fr\/",
                    "source": "infoclimat.fr"
                },
                "country": "FR",
                "departement": "11",
                "last_activity": "2026-06-25T13:00:00Z"
            }
        },
        {
            "type": "Feature",
            "geometry": {
                "type": "Point",
                "coordinates": [
                    -0.96,
                    46.15
                ]
            },
            "properties": {
                "id": "00001",
                "name": "Saint-M\u00e9dard-d'Aunis",
                "elevation": 20,
                "license": {
                    "code": 1,
                    "license": "CC BY",
                    "url": "https:\/\/creativecommons.org\/licenses\/by\/2.0\/fr\/",
                    "source": "infoclimat.fr"
                },
                "country": "FR",
                "departement": "17",
                "last_activity": "2026-06-25T13:20:00Z"
            }
        },
        {
            "type": "Feature",
            "geometry": {
                "type": "Point",
                "coordinates": [
                    1.9667,
                    45.45
                ]
            },
            "properties": {
                "id": "00023",
                "name": "Saint-Yrieix-le-D\u00e9jalat",
                "elevation": 750,
                "license": {
                    "code": 2,
                    "license": "NON-COMMERCIAL ONLY: CC BY NC",
                    "url": "https:\/\/creativecommons.org\/licenses\/by-nc\/2.0\/fr\/",
                    "source": "infoclimat.fr"
                },
                "country": "FR",
                "departement": "19",
                "last_activity": "2026-06-25T13:30:00Z"
            }
        },
        {
            "type": "Feature",
            "geometry": {
                "type": "Point",
                "coordinates": [
                    6.98,
                    46.29
                ]
            },
            "properties": {
                "id": "00025",
                "name": "Saint-Triphon",
                "elevation": 441,
                "license": {
                    "code": 1,
                    "license": "CC BY",
                    "url": "https:\/\/creativecommons.org\/licenses\/by\/2.0\/fr\/",
                    "source": "infoclimat.fr"
                },
                "country": "CH",
                "departement": "CH",
                "last_activity": "2024-11-18T09:00:00Z"
            }
        },
        {
            "type": "Feature",
            "geometry": {
                "type": "Point",
                "coordinates": [
                    9.42797,
                    42.70227
                ]
            },
            "properties": {
                "id": "00027",
                "name": "Cardo",
                "elevation": 300,
                "license": {
                    "code": 2,
                    "license": "NON-COMMERCIAL ONLY: CC BY NC",
                    "url": "https:\/\/creativecommons.org\/licenses\/by-nc\/2.0\/fr\/",
                    "source": "infoclimat.fr"
                },
                "country": "FR",
                "departement": "2B",
                "last_activity": "2026-06-25T13:30:00Z"
            }
        },
        {
            "type": "Feature",
            "geometry": {
                "type": "Point",
                "coordinates": [
                    5.86932,
                    49.15479
                ]
            },
            "properties": {
                "id": "00029",
                "name": "Jarny",
                "elevation": 211,
                "license": {
                    "code": 1,
                    "license": "CC BY",
                    "url": "https:\/\/creativecommons.org\/licenses\/by\/2.0\/fr\/",
                    "source": "infoclimat.fr"
                },
                "country": "FR",
                "departement": "54",
                "last_activity": "2026-06-25T13:20:00Z"
            }
        },
        {
            "type": "Feature",
            "geometry": {
                "type": "Point",
                "coordinates": [
                    1.33333,
                    43.9667
                ]
            },
            "properties": {
                "id": "00032",
                "name": "Bressols",
                "elevation": 92,
                "license": {
                    "code": 2,
                    "license": "NON-COMMERCIAL ONLY: CC BY NC",
                    "url": "https:\/\/creativecommons.org\/licenses\/by-nc\/2.0\/fr\/",
                    "source": "infoclimat.fr"
                },
                "country": "FR",
                "departement": "82",
                "last_activity": "2021-05-23T06:30:00Z"
            }
        },
        {
            "type": "Feature",
            "geometry": {
                "type": "Point",
                "coordinates": [
                    0.8,
                    47.3667
                ]
            },
            "properties": {
                "id": "00033",
                "name": "V\u00e9retz",
                "elevation": 50,
                "license": {
                    "code": 2,
                    "license": "NON-COMMERCIAL ONLY: CC BY NC",
                    "url": "https:\/\/creativecommons.org\/licenses\/by-nc\/2.0\/fr\/",
                    "source": "infoclimat.fr"
                },
                "country": "FR",
                "departement": "37",
                "last_activity": "2026-06-25T13:10:00Z"
            }
        },
        {
            "type": "Feature",
            "geometry": {
                "type": "Point",
                "coordinates": [
                    4.93333,
                    44.2833
                ]
            },
            "properties": {
                "id": "00034",
                "name": "Tulette",
                "elevation": 120,
                "license": {
                    "code": 2,
                    "license": "NON-COMMERCIAL ONLY: CC BY NC",
                    "url": "https:\/\/creativecommons.org\/licenses\/by-nc\/2.0\/fr\/",
                    "source": "infoclimat.fr"
                },
                "country": "FR",
                "departement": "26",
                "last_activity": "2026-06-25T13:30:00Z"
            }
        },
        {
            "type": "Feature",
            "geometry": {
                "type": "Point",
                "coordinates": [
                    4.8297,
                    44.25
                ]
            },
            "properties": {
                "id": "00035",
                "name": "Rochegude",
                "elevation": 107,
                "license": {
                    "code": 1,
                    "license": "CC BY",
                    "url": "https:\/\/creativecommons.org\/licenses\/by\/2.0\/fr\/",
                    "source": "infoclimat.fr"
                },
                "country": "FR",
                "departement": "26",
                "last_activity": "2021-09-26T04:00:00Z"
            }
        },
        {
            "type": "Feature",
            "geometry": {
                "type": "Point",
                "coordinates": [
                    -0.81667,
                    46.46667
                ]
            },
            "properties": {
                "id": "00038",
                "name": "Fontenay-le-Comte",
                "elevation": 43,
                "license": {
                    "code": 1,
                    "license": "CC BY",
                    "url": "https:\/\/creativecommons.org\/licenses\/by\/2.0\/fr\/",
                    "source": "infoclimat.fr"
                },
                "country": "FR",
                "departement": "85",
                "last_activity": "2021-07-09T08:30:00Z"
            }
        },
        {
            "type": "Feature",
            "geometry": {
                "type": "Point",
                "coordinates": [
                    4.7969,
                    45.3756
                ]
            },
            "properties": {
                "id": "00039",
                "name": "Le-P\u00e9age-de-Roussillon - Plateau de Louze",
                "elevation": 256,
                "license": {
                    "code": 2,
                    "license": "NON-COMMERCIAL ONLY: CC BY NC",
                    "url": "https:\/\/creativecommons.org\/licenses\/by-nc\/2.0\/fr\/",
                    "source": "infoclimat.fr"
                },
                "country": "FR",
                "departement": "38",
                "last_activity": "0000-00-00T00:00:00Z"
            }
        },
        {
            "type": "Feature",
            "geometry": {
                "type": "Point",
                "coordinates": [
                    -2.51667,
                    48.42667
                ]
            },
            "properties": {
                "id": "00041",
                "name": "Lamballe",
                "elevation": 55,
                "license": {
                    "code": 1,
                    "license": "CC BY",
                    "url": "https:\/\/creativecommons.org\/licenses\/by\/2.0\/fr\/",
                    "source": "infoclimat.fr"
                },
                "country": "FR",
                "departement": "22",
                "last_activity": "2026-06-25T13:30:00Z"
            }
        },
        {
            "type": "Feature",
            "geometry": {
                "type": "Point",
                "coordinates": [
                    2.0339,
                    47.8456
                ]
            },
            "properties": {
                "id": "00042",
                "name": "Sandillon",
                "elevation": 100,
                "license": {
                    "code": 1,
                    "license": "CC BY",
                    "url": "https:\/\/creativecommons.org\/licenses\/by\/2.0\/fr\/",
                    "source": "infoclimat.fr"
                },
                "country": "FR",
                "departement": "45",
                "last_activity": "2026-06-25T13:30:00Z"
            }
        },
        {
            "type": "Feature",
            "geometry": {
                "type": "Point",
                "coordinates": [
                    -4.425,
                    48.5033
                ]
            },
            "properties": {
                "id": "00047",
                "name": "Plabennec",
                "elevation": 80,
                "license": {
                    "code": 2,
                    "license": "NON-COMMERCIAL ONLY: CC BY NC",
                    "url": "https:\/\/creativecommons.org\/licenses\/by-nc\/2.0\/fr\/",
                    "source": "infoclimat.fr"
                },
                "country": "FR",
                "departement": "29",
                "last_activity": "2026-06-25T13:20:00Z"
            }
        },
        {
            "type": "Feature",
            "geometry": {
                "type": "Point",
                "coordinates": [
                    3.6256,
                    44.84
                ]
            },
            "properties": {
                "id": "00049",
                "name": "Saint-Symphorien - Verri\u00e8res",
                "elevation": 1220,
                "license": {
                    "code": 2,
                    "license": "NON-COMMERCIAL ONLY: CC BY NC",
                    "url": "https:\/\/creativecommons.org\/licenses\/by-nc\/2.0\/fr\/",
                    "source": "infoclimat.fr"
                },
                "country": "FR",
                "departement": "48",
                "last_activity": "2026-06-25T13:30:00Z"
            }
        },
        {
            "type": "Feature",
            "geometry": {
                "type": "Point",
                "coordinates": [
                    -0.722149,
                    46.2193
                ]
            },
            "properties": {
                "id": "00051",
                "name": "Cramchaban",
                "elevation": 10,
                "license": {
                    "code": 1,
                    "license": "CC BY",
                    "url": "https:\/\/creativecommons.org\/licenses\/by\/2.0\/fr\/",
                    "source": "infoclimat.fr"
                },
                "country": "FR",
                "departement": "17",
                "last_activity": "0000-00-00T00:00:00Z"
            }
        },
        {
            "type": "Feature",
            "geometry": {
                "type": "Point",
                "coordinates": [
                    2.8767,
                    50.6886
                ]
            },
            "properties": {
                "id": "00052",
                "name": "Armenti\u00e8res",
                "elevation": 16,
                "license": {
                    "code": 1,
                    "license": "CC BY",
                    "url": "https:\/\/creativecommons.org\/licenses\/by\/2.0\/fr\/",
                    "source": "infoclimat.fr"
                },
                "country": "FR",
                "departement": "59",
                "last_activity": "2026-05-05T05:30:00Z"
            }
        },
        {
            "type": "Feature",
            "geometry": {
                "type": "Point",
                "coordinates": [
                    6.055566,
                    49.030046
                ]
            },
            "properties": {
                "id": "00054",
                "name": "Corny-sur-Moselle",
                "elevation": 180,
                "license": {
                    "code": 1,
                    "license": "CC BY",
                    "url": "https:\/\/creativecommons.org\/licenses\/by\/2.0\/fr\/",
                    "source": "infoclimat.fr"
                },
                "country": "FR",
                "departement": "57",
                "last_activity": "2026-06-25T13:20:00Z"
            }
        },
        {
            "type": "Feature",
            "geometry": {
                "type": "Point",
                "coordinates": [
                    5.893109,
                    43.151848
                ]
            },
            "properties": {
                "id": "00057",
                "name": "Toulon-Le Baou",
                "elevation": 118,
                "license": {
                    "code": 1,
                    "license": "CC BY",
                    "url": "https:\/\/creativecommons.org\/licenses\/by\/2.0\/fr\/",
                    "source": "infoclimat.fr"
                },
                "country": "FR",
                "departement": "83",
                "last_activity": "2026-06-25T13:30:00Z"
            }
        },
        {
            "type": "Feature",
            "geometry": {
                "type": "Point",
                "coordinates": [
                    -0.4625,
                    46.3244
                ]
            },
            "properties": {
                "id": "00059",
                "name": "Niort",
                "elevation": 16,
                "license": {
                    "code": 1,
                    "license": "CC BY",
                    "url": "https:\/\/creativecommons.org\/licenses\/by\/2.0\/fr\/",
                    "source": "infoclimat.fr"
                },
                "country": "FR",
                "departement": "79",
                "last_activity": "2026-06-25T13:30:00Z"
            }
        },
        {
            "type": "Feature",
            "geometry": {
                "type": "Point",
                "coordinates": [
                    -0.0619,
                    44.5961
                ]
            },
            "properties": {
                "id": "00053",
                "name": "La R\u00e9ole",
                "elevation": 50,
                "license": {
                    "code": 2,
                    "license": "NON-COMMERCIAL ONLY: CC BY NC",
                    "url": "https:\/\/creativecommons.org\/licenses\/by-nc\/2.0\/fr\/",
                    "source": "infoclimat.fr"
                },
                "country": "FR",
                "departement": "33",
                "last_activity": "2013-12-27T16:50:00Z"
            }
        },
        {
            "type": "Feature",
            "geometry": {
                "type": "Point",
                "coordinates": [
                    -0.6522,
                    44.7636
                ]
            },
            "properties": {
                "id": "00060",
                "name": "Can\u00e9jan",
                "elevation": 49,
                "license": {
                    "code": 2,
                    "license": "NON-COMMERCIAL ONLY: CC BY NC",
                    "url": "https:\/\/creativecommons.org\/licenses\/by-nc\/2.0\/fr\/",
                    "source": "infoclimat.fr"
                },
                "country": "FR",
                "departement": "33",
                "last_activity": "2026-06-25T13:20:00Z"
            }
        },
        {
            "type": "Feature",
            "geometry": {
                "type": "Point",
                "coordinates": [
                    -1.1442,
                    44.6328
                ]
            },
            "properties": {
                "id": "00063",
                "name": "La Teste de Buch",
                "elevation": 10,
                "license": {
                    "code": 2,
                    "license": "NON-COMMERCIAL ONLY: CC BY NC",
                    "url": "https:\/\/creativecommons.org\/licenses\/by-nc\/2.0\/fr\/",
                    "source": "infoclimat.fr"
                },
                "country": "FR",
                "departement": "33",
                "last_activity": "2026-06-25T13:20:00Z"
            }
        },
        {
            "type": "Feature",
            "geometry": {
                "type": "Point",
                "coordinates": [
                    2.4081,
                    48.6183
                ]
            },
            "properties": {
                "id": "00061",
                "name": "Evry-Courcouronnes",
                "elevation": 80,
                "license": {
                    "code": 2,
                    "license": "NON-COMMERCIAL ONLY: CC BY NC",
                    "url": "https:\/\/creativecommons.org\/licenses\/by-nc\/2.0\/fr\/",
                    "source": "infoclimat.fr"
                },
                "country": "FR",
                "departement": "91",
                "last_activity": "2026-06-25T13:30:00Z"
            }
        },
        {
            "type": "Feature",
            "geometry": {
                "type": "Point",
                "coordinates": [
                    -0.1875,
                    43.2656
                ]
            },
            "properties": {
                "id": "00065",
                "name": "Soumoulou",
                "elevation": 290,
                "license": {
                    "code": 2,
                    "license": "NON-COMMERCIAL ONLY: CC BY NC",
                    "url": "https:\/\/creativecommons.org\/licenses\/by-nc\/2.0\/fr\/",
                    "source": "infoclimat.fr"
                },
                "country": "FR",
                "departement": "64",
                "last_activity": "2026-06-24T16:30:00Z"
            }
        },
        {
            "type": "Feature",
            "geometry": {
                "type": "Point",
                "coordinates": [
                    -0.1431,
                    46.2233
                ]
            },
            "properties": {
                "id": "00067",
                "name": "Melle",
                "elevation": 145,
                "license": {
                    "code": 2,
                    "license": "NON-COMMERCIAL ONLY: CC BY NC",
                    "url": "https:\/\/creativecommons.org\/licenses\/by-nc\/2.0\/fr\/",
                    "source": "infoclimat.fr"
                },
                "country": "FR",
                "departement": "79",
                "last_activity": "0000-00-00T00:00:00Z"
            }
        },
        {
            "type": "Feature",
            "geometry": {
                "type": "Point",
                "coordinates": [
                    6.1831,
                    49.1092
                ]
            },
            "properties": {
                "id": "00070",
                "name": "Montigny-l\u00e8s-Metz",
                "elevation": 182,
                "license": {
                    "code": 2,
                    "license": "NON-COMMERCIAL ONLY: CC BY NC",
                    "url": "https:\/\/creativecommons.org\/licenses\/by-nc\/2.0\/fr\/",
                    "source": "infoclimat.fr"
                },
                "country": "FR",
                "departement": "57",
                "last_activity": "1999-11-29T22:00:00Z"
            }
        },
        {
            "type": "Feature",
            "geometry": {
                "type": "Point",
                "coordinates": [
                    6.635556,
                    44.896389
                ]
            },
            "properties": {
                "id": "00072",
                "name": "Brian\u00e7on",
                "elevation": 1320,
                "license": {
                    "code": 2,
                    "license": "NON-COMMERCIAL ONLY: CC BY NC",
                    "url": "https:\/\/creativecommons.org\/licenses\/by-nc\/2.0\/fr\/",
                    "source": "infoclimat.fr"
                },
                "country": "FR",
                "departement": "05",
                "last_activity": "0000-00-00T00:00:00Z"
            }
        },
        {
            "type": "Feature",
            "geometry": {
                "type": "Point",
                "coordinates": [
                    -1.3617,
                    48.7
                ]
            },
            "properties": {
                "id": "00074",
                "name": "Saint-Jean-de-la-Haize",
                "elevation": 22,
                "license": {
                    "code": 2,
                    "license": "NON-COMMERCIAL ONLY: CC BY NC",
                    "url": "https:\/\/creativecommons.org\/licenses\/by-nc\/2.0\/fr\/",
                    "source": "infoclimat.fr"
                },
                "country": "FR",
                "departement": "50",
                "last_activity": "2026-06-25T13:30:00Z"
            }
        },
        {
            "type": "Feature",
            "geometry": {
                "type": "Point",
                "coordinates": [
                    5.5514,
                    43.391332
                ]
            },
            "properties": {
                "id": "00075",
                "name": "Peypin",
                "elevation": 300,
                "license": {
                    "code": 2,
                    "license": "NON-COMMERCIAL ONLY: CC BY NC",
                    "url": "https:\/\/creativecommons.org\/licenses\/by-nc\/2.0\/fr\/",
                    "source": "infoclimat.fr"
                },
                "country": "FR",
                "departement": "13",
                "last_activity": "2026-06-25T13:20:00Z"
            }
        },
        {
            "type": "Feature",
            "geometry": {
                "type": "Point",
                "coordinates": [
                    4.7969,
                    45.3756
                ]
            },
            "properties": {
                "id": "00076",
                "name": "Le-P\u00e9age-de-Roussillon",
                "elevation": 156,
                "license": {
                    "code": 2,
                    "license": "NON-COMMERCIAL ONLY: CC BY NC",
                    "url": "https:\/\/creativecommons.org\/licenses\/by-nc\/2.0\/fr\/",
                    "source": "infoclimat.fr"
                },
                "country": "FR",
                "departement": "38",
                "last_activity": "2013-08-07T15:00:00Z"
            }
        },
        {
            "type": "Feature",
            "geometry": {
                "type": "Point",
                "coordinates": [
                    1.9733,
                    48.9811
                ]
            },
            "properties": {
                "id": "00081",
                "name": "Verneuil-sur-Seine",
                "elevation": 40,
                "license": {
                    "code": 2,
                    "license": "NON-COMMERCIAL ONLY: CC BY NC",
                    "url": "https:\/\/creativecommons.org\/licenses\/by-nc\/2.0\/fr\/",
                    "source": "infoclimat.fr"
                },
                "country": "FR",
                "departement": "78",
                "last_activity": "2025-07-15T06:40:00Z"
            }
        },
        {
            "type": "Feature",
            "geometry": {
                "type": "Point",
                "coordinates": [
                    -0.9514,
                    46.2111
                ]
            },
            "properties": {
                "id": "00080",
                "name": "Angliers",
                "elevation": 5,
                "license": {
                    "code": 1,
                    "license": "CC BY",
                    "url": "https:\/\/creativecommons.org\/licenses\/by\/2.0\/fr\/",
                    "source": "infoclimat.fr"
                },
                "country": "FR",
                "departement": "17",
                "last_activity": "2018-01-02T11:20:00Z"
            }
        },
        {
            "type": "Feature",
            "geometry": {
                "type": "Point",
                "coordinates": [
                    6.8678,
                    44.7014
                ]
            },
            "properties": {
                "id": "00083",
                "name": "Saint-V\u00e9ran",
                "elevation": 2040,
                "license": {
                    "code": 1,
                    "license": "CC BY",
                    "url": "https:\/\/creativecommons.org\/licenses\/by\/2.0\/fr\/",
                    "source": "infoclimat.fr"
                },
                "country": "FR",
                "departement": "05",
                "last_activity": "2020-06-04T20:10:00Z"
            }
        },
        {
            "type": "Feature",
            "geometry": {
                "type": "Point",
                "coordinates": [
                    -2.470833,
                    48.013889
                ]
            },
            "properties": {
                "id": "00086",
                "name": "Saint-Malo-des-Trois-Fontaines",
                "elevation": 60,
                "license": {
                    "code": 1,
                    "license": "CC BY",
                    "url": "https:\/\/creativecommons.org\/licenses\/by\/2.0\/fr\/",
                    "source": "infoclimat.fr"
                },
                "country": "FR",
                "departement": "56",
                "last_activity": "2026-06-25T13:10:00Z"
            }
        },
        {
            "type": "Feature",
            "geometry": {
                "type": "Point",
                "coordinates": [
                    4.81,
                    44.1369
                ]
            },
            "properties": {
                "id": "00088",
                "name": "Orange Centre",
                "elevation": 44,
                "license": {
                    "code": 2,
                    "license": "NON-COMMERCIAL ONLY: CC BY NC",
                    "url": "https:\/\/creativecommons.org\/licenses\/by-nc\/2.0\/fr\/",
                    "source": "infoclimat.fr"
                },
                "country": "FR",
                "departement": "84",
                "last_activity": "2022-09-04T22:00:00Z"
            }
        },
        {
            "type": "Feature",
            "geometry": {
                "type": "Point",
                "coordinates": [
                    2.3336,
                    48.6875
                ]
            },
            "properties": {
                "id": "00089",
                "name": "Villemoisson-sur-Orge",
                "elevation": 80,
                "license": {
                    "code": 1,
                    "license": "CC BY",
                    "url": "https:\/\/creativecommons.org\/licenses\/by\/2.0\/fr\/",
                    "source": "infoclimat.fr"
                },
                "country": "FR",
                "departement": "91",
                "last_activity": "2026-06-25T13:00:00Z"
            }
        },
        {
            "type": "Feature",
            "geometry": {
                "type": "Point",
                "coordinates": [
                    4.774342,
                    50.458344
                ]
            },
            "properties": {
                "id": "00091",
                "name": "Namur - Floriffoux",
                "elevation": 116,
                "license": {
                    "code": 1,
                    "license": "CC BY",
                    "url": "https:\/\/creativecommons.org\/licenses\/by\/2.0\/fr\/",
                    "source": "infoclimat.fr"
                },
                "country": "BE",
                "departement": "",
                "last_activity": "2026-06-25T13:30:00Z"
            }
        },
        {
            "type": "Feature",
            "geometry": {
                "type": "Point",
                "coordinates": [
                    -2.9858,
                    48.2019
                ]
            },
            "properties": {
                "id": "00092",
                "name": "M\u00fbr-de-Bretagne",
                "elevation": 160,
                "license": {
                    "code": 2,
                    "license": "NON-COMMERCIAL ONLY: CC BY NC",
                    "url": "https:\/\/creativecommons.org\/licenses\/by-nc\/2.0\/fr\/",
                    "source": "infoclimat.fr"
                },
                "country": "FR",
                "departement": "22",
                "last_activity": "0000-00-00T00:00:00Z"
            }
        },
        {
            "type": "Feature",
            "geometry": {
                "type": "Point",
                "coordinates": [
                    6.02975875139236,
                    43.4170753888361
                ]
            },
            "properties": {
                "id": "00093",
                "name": "Brignoles Ouest",
                "elevation": 275,
                "license": {
                    "code": 2,
                    "license": "NON-COMMERCIAL ONLY: CC BY NC",
                    "url": "https:\/\/creativecommons.org\/licenses\/by-nc\/2.0\/fr\/",
                    "source": "infoclimat.fr"
                },
                "country": "FR",
                "departement": "83",
                "last_activity": "2018-04-04T08:50:00Z"
            }
        },
        {
            "type": "Feature",
            "geometry": {
                "type": "Point",
                "coordinates": [
                    5.70917,
                    45.42917
                ]
            },
            "properties": {
                "id": "00094",
                "name": "Miribel-les-Echelles",
                "elevation": 760,
                "license": {
                    "code": 1,
                    "license": "CC BY",
                    "url": "https:\/\/creativecommons.org\/licenses\/by\/2.0\/fr\/",
                    "source": "infoclimat.fr"
                },
                "country": "FR",
                "departement": "38",
                "last_activity": "2026-06-25T13:10:00Z"
            }
        },
        {
            "type": "Feature",
            "geometry": {
                "type": "Point",
                "coordinates": [
                    -4.1092,
                    47.995
                ]
            },
            "properties": {
                "id": "00095",
                "name": "Quimper",
                "elevation": 30,
                "license": {
                    "code": 2,
                    "license": "NON-COMMERCIAL ONLY: CC BY NC",
                    "url": "https:\/\/creativecommons.org\/licenses\/by-nc\/2.0\/fr\/",
                    "source": "infoclimat.fr"
                },
                "country": "FR",
                "departement": "29",
                "last_activity": "0000-00-00T00:00:00Z"
            }
        },
        {
            "type": "Feature",
            "geometry": {
                "type": "Point",
                "coordinates": [
                    6.1669,
                    46.0889
                ]
            },
            "properties": {
                "id": "00096",
                "name": "Le-Sappey (Mt Sal\u00e8ve)",
                "elevation": 900,
                "license": {
                    "code": 2,
                    "license": "NON-COMMERCIAL ONLY: CC BY NC",
                    "url": "https:\/\/creativecommons.org\/licenses\/by-nc\/2.0\/fr\/",
                    "source": "infoclimat.fr"
                },
                "country": "FR",
                "departement": "74",
                "last_activity": "2026-06-25T13:30:00Z"
            }
        },
        {
            "type": "Feature",
            "geometry": {
                "type": "Point",
                "coordinates": [
                    2.52443,
                    45.24703
                ]
            },
            "properties": {
                "id": "00097",
                "name": "Trizac",
                "elevation": 950,
                "license": {
                    "code": 2,
                    "license": "NON-COMMERCIAL ONLY: CC BY NC",
                    "url": "https:\/\/creativecommons.org\/licenses\/by-nc\/2.0\/fr\/",
                    "source": "infoclimat.fr"
                },
                "country": "FR",
                "departement": "15",
                "last_activity": "2016-10-01T12:30:00Z"
            }
        },
        {
            "type": "Feature",
            "geometry": {
                "type": "Point",
                "coordinates": [
                    -4.5,
                    48.6
                ]
            },
            "properties": {
                "id": "00098",
                "name": "Plouguerneau",
                "elevation": 12,
                "license": {
                    "code": 1,
                    "license": "CC BY",
                    "url": "https:\/\/creativecommons.org\/licenses\/by\/2.0\/fr\/",
                    "source": "infoclimat.fr"
                },
                "country": "FR",
                "departement": "29",
                "last_activity": "2026-06-25T13:20:00Z"
            }
        },
        {
            "type": "Feature",
            "geometry": {
                "type": "Point",
                "coordinates": [
                    5.90361,
                    45.9525
                ]
            },
            "properties": {
                "id": "00099",
                "name": "Crempigny-Bonnegu\u00eate",
                "elevation": 502,
                "license": {
                    "code": 2,
                    "license": "NON-COMMERCIAL ONLY: CC BY NC",
                    "url": "https:\/\/creativecommons.org\/licenses\/by-nc\/2.0\/fr\/",
                    "source": "infoclimat.fr"
                },
                "country": "FR",
                "departement": "74",
                "last_activity": "2026-06-25T13:30:00Z"
            }
        },
        {
            "type": "Feature",
            "geometry": {
                "type": "Point",
                "coordinates": [
                    0.3,
                    46.83
                ]
            },
            "properties": {
                "id": "000A1",
                "name": "Cernay",
                "elevation": 81,
                "license": {
                    "code": 2,
                    "license": "NON-COMMERCIAL ONLY: CC BY NC",
                    "url": "https:\/\/creativecommons.org\/licenses\/by-nc\/2.0\/fr\/",
                    "source": "infoclimat.fr"
                },
                "country": "FR",
                "departement": "86",
                "last_activity": "2026-06-25T13:30:00Z"
            }
        },
        {
            "type": "Feature",
            "geometry": {
                "type": "Point",
                "coordinates": [
                    5.1,
                    44.2
                ]
            },
            "properties": {
                "id": "000A3",
                "name": "Entrechaux",
                "elevation": 305,
                "license": {
                    "code": 2,
                    "license": "NON-COMMERCIAL ONLY: CC BY NC",
                    "url": "https:\/\/creativecommons.org\/licenses\/by-nc\/2.0\/fr\/",
                    "source": "infoclimat.fr"
                },
                "country": "FR",
                "departement": "84",
                "last_activity": "2023-11-16T10:30:00Z"
            }
        },
        {
            "type": "Feature",
            "geometry": {
                "type": "Point",
                "coordinates": [
                    7.025,
                    46.3545
                ]
            },
            "properties": {
                "id": "000A6",
                "name": "Leysin",
                "elevation": 1360,
                "license": {
                    "code": 1,
                    "license": "CC BY",
                    "url": "https:\/\/creativecommons.org\/licenses\/by\/2.0\/fr\/",
                    "source": "infoclimat.fr"
                },
                "country": "CH",
                "departement": "CH",
                "last_activity": "2026-06-25T13:00:00Z"
            }
        },
        {
            "type": "Feature",
            "geometry": {
                "type": "Point",
                "coordinates": [
                    4.7744,
                    45.3192
                ]
            },
            "properties": {
                "id": "000A5",
                "name": "Sablons",
                "elevation": 138,
                "license": {
                    "code": 2,
                    "license": "NON-COMMERCIAL ONLY: CC BY NC",
                    "url": "https:\/\/creativecommons.org\/licenses\/by-nc\/2.0\/fr\/",
                    "source": "infoclimat.fr"
                },
                "country": "FR",
                "departement": "38",
                "last_activity": "2016-09-17T09:00:00Z"
            }
        },
        {
            "type": "Feature",
            "geometry": {
                "type": "Point",
                "coordinates": [
                    -0.5753,
                    47.2953
                ]
            },
            "properties": {
                "id": "000A9",
                "name": "Rablay-sur-Layon",
                "elevation": 51,
                "license": {
                    "code": 1,
                    "license": "CC BY",
                    "url": "https:\/\/creativecommons.org\/licenses\/by\/2.0\/fr\/",
                    "source": "infoclimat.fr"
                },
                "country": "FR",
                "departement": "49",
                "last_activity": "2026-06-25T13:20:00Z"
            }
        },
        {
            "type": "Feature",
            "geometry": {
                "type": "Point",
                "coordinates": [
                    6.426308,
                    47.021491
                ]
            },
            "properties": {
                "id": "000B0",
                "name": "La Chaux ",
                "elevation": 900,
                "license": {
                    "code": 1,
                    "license": "CC BY",
                    "url": "https:\/\/creativecommons.org\/licenses\/by\/2.0\/fr\/",
                    "source": "infoclimat.fr"
                },
                "country": "FR",
                "departement": "25",
                "last_activity": "2026-06-25T13:30:00Z"
            }
        },
        {
            "type": "Feature",
            "geometry": {
                "type": "Point",
                "coordinates": [
                    7.342558,
                    47.745615
                ]
            },
            "properties": {
                "id": "000B3",
                "name": "Mulhouse",
                "elevation": 255,
                "license": {
                    "code": 2,
                    "license": "NON-COMMERCIAL ONLY: CC BY NC",
                    "url": "https:\/\/creativecommons.org\/licenses\/by-nc\/2.0\/fr\/",
                    "source": "infoclimat.fr"
                },
                "country": "FR",
                "departement": "68",
                "last_activity": "2016-01-04T12:30:00Z"
            }
        },
        {
            "type": "Feature",
            "geometry": {
                "type": "Point",
                "coordinates": [
                    7.54636,
                    47.83039
                ]
            },
            "properties": {
                "id": "000B4",
                "name": "Chalamp\u00e9",
                "elevation": 216,
                "license": {
                    "code": 2,
                    "license": "NON-COMMERCIAL ONLY: CC BY NC",
                    "url": "https:\/\/creativecommons.org\/licenses\/by-nc\/2.0\/fr\/",
                    "source": "infoclimat.fr"
                },
                "country": "FR",
                "departement": "68",
                "last_activity": "2013-12-29T16:20:00Z"
            }
        },
        {
            "type": "Feature",
            "geometry": {
                "type": "Point",
                "coordinates": [
                    2.3914,
                    45.1911
                ]
            },
            "properties": {
                "id": "000B6",
                "name": "Salins",
                "elevation": 660,
                "license": {
                    "code": 2,
                    "license": "NON-COMMERCIAL ONLY: CC BY NC",
                    "url": "https:\/\/creativecommons.org\/licenses\/by-nc\/2.0\/fr\/",
                    "source": "infoclimat.fr"
                },
                "country": "FR",
                "departement": "15",
                "last_activity": "2026-06-25T13:30:00Z"
            }
        },
        {
            "type": "Feature",
            "geometry": {
                "type": "Point",
                "coordinates": [
                    4.943055,
                    45.2686111
                ]
            },
            "properties": {
                "id": "000B5",
                "name": "Saint-Sorlin-en-Valloire",
                "elevation": 340,
                "license": {
                    "code": 2,
                    "license": "NON-COMMERCIAL ONLY: CC BY NC",
                    "url": "https:\/\/creativecommons.org\/licenses\/by-nc\/2.0\/fr\/",
                    "source": "infoclimat.fr"
                },
                "country": "FR",
                "departement": "26",
                "last_activity": "2019-07-19T09:30:00Z"
            }
        },
        {
            "type": "Feature",
            "geometry": {
                "type": "Point",
                "coordinates": [
                    7.0856,
                    48.7239
                ]
            },
            "properties": {
                "id": "000C0",
                "name": "Buhl-Lorraine",
                "elevation": 260,
                "license": {
                    "code": 1,
                    "license": "CC BY",
                    "url": "https:\/\/creativecommons.org\/licenses\/by\/2.0\/fr\/",
                    "source": "infoclimat.fr"
                },
                "country": "FR",
                "departement": "57",
                "last_activity": "2026-06-25T13:30:00Z"
            }
        },
        {
            "type": "Feature",
            "geometry": {
                "type": "Point",
                "coordinates": [
                    -1.42,
                    48.96
                ]
            },
            "properties": {
                "id": "000C1",
                "name": "Trelly",
                "elevation": 45,
                "license": {
                    "code": 2,
                    "license": "NON-COMMERCIAL ONLY: CC BY NC",
                    "url": "https:\/\/creativecommons.org\/licenses\/by-nc\/2.0\/fr\/",
                    "source": "infoclimat.fr"
                },
                "country": "FR",
                "departement": "50",
                "last_activity": "2026-06-25T13:30:00Z"
            }
        },
        {
            "type": "Feature",
            "geometry": {
                "type": "Point",
                "coordinates": [
                    2.238222,
                    46.194031
                ]
            },
            "properties": {
                "id": "000B9",
                "name": "Gouzon",
                "elevation": 379,
                "license": {
                    "code": 2,
                    "license": "NON-COMMERCIAL ONLY: CC BY NC",
                    "url": "https:\/\/creativecommons.org\/licenses\/by-nc\/2.0\/fr\/",
                    "source": "infoclimat.fr"
                },
                "country": "FR",
                "departement": "23",
                "last_activity": "2014-07-29T00:00:00Z"
            }
        },
        {
            "type": "Feature",
            "geometry": {
                "type": "Point",
                "coordinates": [
                    2.83,
                    46.77
                ]
            },
            "properties": {
                "id": "000B8",
                "name": "Augy-sur-Aubois",
                "elevation": 245,
                "license": {
                    "code": 1,
                    "license": "CC BY",
                    "url": "https:\/\/creativecommons.org\/licenses\/by\/2.0\/fr\/",
                    "source": "infoclimat.fr"
                },
                "country": "FR",
                "departement": "18",
                "last_activity": "2024-05-31T13:40:00Z"
            }
        },
        {
            "type": "Feature",
            "geometry": {
                "type": "Point",
                "coordinates": [
                    6.39022,
                    51.90425
                ]
            },
            "properties": {
                "id": "000C3",
                "name": "Silvolde",
                "elevation": 15,
                "license": {
                    "code": 2,
                    "license": "NON-COMMERCIAL ONLY: CC BY NC",
                    "url": "https:\/\/creativecommons.org\/licenses\/by-nc\/2.0\/fr\/",
                    "source": "infoclimat.fr"
                },
                "country": "NL",
                "departement": "NL",
                "last_activity": "2026-06-25T13:20:00Z"
            }
        },
        {
            "type": "Feature",
            "geometry": {
                "type": "Point",
                "coordinates": [
                    5.3598,
                    43.2747
                ]
            },
            "properties": {
                "id": "000C4",
                "name": "Marseille-Corniche",
                "elevation": 10,
                "license": {
                    "code": 1,
                    "license": "CC BY",
                    "url": "https:\/\/creativecommons.org\/licenses\/by\/2.0\/fr\/",
                    "source": "infoclimat.fr"
                },
                "country": "FR",
                "departement": "13",
                "last_activity": "2026-06-25T13:30:00Z"
            }
        },
        {
            "type": "Feature",
            "geometry": {
                "type": "Point",
                "coordinates": [
                    5.96,
                    47.14
                ]
            },
            "properties": {
                "id": "000C7",
                "name": "Chenecey-Buillon",
                "elevation": 280,
                "license": {
                    "code": 2,
                    "license": "NON-COMMERCIAL ONLY: CC BY NC",
                    "url": "https:\/\/creativecommons.org\/licenses\/by-nc\/2.0\/fr\/",
                    "source": "infoclimat.fr"
                },
                "country": "FR",
                "departement": "25",
                "last_activity": "2026-06-25T13:30:00Z"
            }
        },
        {
            "type": "Feature",
            "geometry": {
                "type": "Point",
                "coordinates": [
                    -1.74551,
                    47.96935
                ]
            },
            "properties": {
                "id": "000C5",
                "name": "Laill\u00e9",
                "elevation": 18,
                "license": {
                    "code": 2,
                    "license": "NON-COMMERCIAL ONLY: CC BY NC",
                    "url": "https:\/\/creativecommons.org\/licenses\/by-nc\/2.0\/fr\/",
                    "source": "infoclimat.fr"
                },
                "country": "FR",
                "departement": "35",
                "last_activity": "2026-06-25T13:20:00Z"
            }
        },
        {
            "type": "Feature",
            "geometry": {
                "type": "Point",
                "coordinates": [
                    -1.6403,
                    47.0358
                ]
            },
            "properties": {
                "id": "000C6",
                "name": "Saint-Philbert-de-Grand-Lieu",
                "elevation": 19,
                "license": {
                    "code": 1,
                    "license": "CC BY",
                    "url": "https:\/\/creativecommons.org\/licenses\/by\/2.0\/fr\/",
                    "source": "infoclimat.fr"
                },
                "country": "FR",
                "departement": "44",
                "last_activity": "2026-06-25T13:30:00Z"
            }
        },
        {
            "type": "Feature",
            "geometry": {
                "type": "Point",
                "coordinates": [
                    4.59601,
                    45.81679
                ]
            },
            "properties": {
                "id": "000C9",
                "name": "Sain-Bel",
                "elevation": 300,
                "license": {
                    "code": 1,
                    "license": "CC BY",
                    "url": "https:\/\/creativecommons.org\/licenses\/by\/2.0\/fr\/",
                    "source": "infoclimat.fr"
                },
                "country": "FR",
                "departement": "69",
                "last_activity": "2026-06-25T13:30:00Z"
            }
        },
        {
            "type": "Feature",
            "geometry": {
                "type": "Point",
                "coordinates": [
                    -4.2,
                    48.5
                ]
            },
            "properties": {
                "id": "000D3",
                "name": "Ploun\u00e9venter",
                "elevation": 97,
                "license": {
                    "code": 2,
                    "license": "NON-COMMERCIAL ONLY: CC BY NC",
                    "url": "https:\/\/creativecommons.org\/licenses\/by-nc\/2.0\/fr\/",
                    "source": "infoclimat.fr"
                },
                "country": "FR",
                "departement": "29",
                "last_activity": "2026-06-25T13:00:00Z"
            }
        },
        {
            "type": "Feature",
            "geometry": {
                "type": "Point",
                "coordinates": [
                    -4.347839,
                    48.588354
                ]
            },
            "properties": {
                "id": "000D2",
                "name": "Kernoues",
                "elevation": 28,
                "license": {
                    "code": 2,
                    "license": "NON-COMMERCIAL ONLY: CC BY NC",
                    "url": "https:\/\/creativecommons.org\/licenses\/by-nc\/2.0\/fr\/",
                    "source": "infoclimat.fr"
                },
                "country": "FR",
                "departement": "29",
                "last_activity": "2026-06-25T13:00:00Z"
            }
        },
        {
            "type": "Feature",
            "geometry": {
                "type": "Point",
                "coordinates": [
                    0.48061,
                    46.75789
                ]
            },
            "properties": {
                "id": "000D5",
                "name": "Naintr\u00e9",
                "elevation": 62,
                "license": {
                    "code": 1,
                    "license": "CC BY",
                    "url": "https:\/\/creativecommons.org\/licenses\/by\/2.0\/fr\/",
                    "source": "infoclimat.fr"
                },
                "country": "FR",
                "departement": "86",
                "last_activity": "2026-06-25T13:30:00Z"
            }
        },
        {
            "type": "Feature",
            "geometry": {
                "type": "Point",
                "coordinates": [
                    0.71667,
                    45.18333
                ]
            },
            "properties": {
                "id": "000BP",
                "name": "P\u00e9rigueux",
                "elevation": 83,
                "license": {
                    "code": 1,
                    "license": "CC BY",
                    "url": "https:\/\/creativecommons.org\/licenses\/by\/2.0\/fr\/",
                    "source": "infoclimat.fr"
                },
                "country": "FR",
                "departement": "24",
                "last_activity": "2026-06-25T13:30:00Z"
            }
        },
        {
            "type": "Feature",
            "geometry": {
                "type": "Point",
                "coordinates": [
                    3.4651,
                    43.2826
                ]
            },
            "properties": {
                "id": "000F3",
                "name": "Agde - Le Grau",
                "elevation": 10,
                "license": {
                    "code": 1,
                    "license": "CC BY",
                    "url": "https:\/\/creativecommons.org\/licenses\/by\/2.0\/fr\/",
                    "source": "infoclimat.fr"
                },
                "country": "FR",
                "departement": "34",
                "last_activity": "2026-06-25T13:30:00Z"
            }
        },
        {
            "type": "Feature",
            "geometry": {
                "type": "Point",
                "coordinates": [
                    -4.48333,
                    48.4
                ]
            },
            "properties": {
                "id": "000D8",
                "name": "Brest",
                "elevation": 30,
                "license": {
                    "code": 2,
                    "license": "NON-COMMERCIAL ONLY: CC BY NC",
                    "url": "https:\/\/creativecommons.org\/licenses\/by-nc\/2.0\/fr\/",
                    "source": "infoclimat.fr"
                },
                "country": "FR",
                "departement": "29",
                "last_activity": "0000-00-00T00:00:00Z"
            }
        },
        {
            "type": "Feature",
            "geometry": {
                "type": "Point",
                "coordinates": [
                    7.106,
                    45.9517
                ]
            },
            "properties": {
                "id": "000F4",
                "name": "La Fouly",
                "elevation": 1509,
                "license": {
                    "code": 2,
                    "license": "NON-COMMERCIAL ONLY: CC BY NC",
                    "url": "https:\/\/creativecommons.org\/licenses\/by-nc\/2.0\/fr\/",
                    "source": "infoclimat.fr"
                },
                "country": "CH",
                "departement": "CH",
                "last_activity": "2026-06-25T13:00:00Z"
            }
        },
        {
            "type": "Feature",
            "geometry": {
                "type": "Point",
                "coordinates": [
                    6.165768206,
                    46.2955479074
                ]
            },
            "properties": {
                "id": "000F7",
                "name": "Versoix",
                "elevation": 385,
                "license": {
                    "code": 2,
                    "license": "NON-COMMERCIAL ONLY: CC BY NC",
                    "url": "https:\/\/creativecommons.org\/licenses\/by-nc\/2.0\/fr\/",
                    "source": "infoclimat.fr"
                },
                "country": "CH",
                "departement": "CHE",
                "last_activity": "2026-06-25T13:30:00Z"
            }
        },
        {
            "type": "Feature",
            "geometry": {
                "type": "Point",
                "coordinates": [
                    -0.76389,
                    44.50602
                ]
            },
            "properties": {
                "id": "000F8",
                "name": "Belin-B\u00e9liet",
                "elevation": 55,
                "license": {
                    "code": 2,
                    "license": "NON-COMMERCIAL ONLY: CC BY NC",
                    "url": "https:\/\/creativecommons.org\/licenses\/by-nc\/2.0\/fr\/",
                    "source": "infoclimat.fr"
                },
                "country": "FR",
                "departement": "33",
                "last_activity": "2025-08-29T19:00:00Z"
            }
        },
        {
            "type": "Feature",
            "geometry": {
                "type": "Point",
                "coordinates": [
                    7.2132862,
                    49.0703376
                ]
            },
            "properties": {
                "id": "000G1",
                "name": "Gros-R\u00e9derching",
                "elevation": 299,
                "license": {
                    "code": 1,
                    "license": "CC BY",
                    "url": "https:\/\/creativecommons.org\/licenses\/by\/2.0\/fr\/",
                    "source": "infoclimat.fr"
                },
                "country": "FR",
                "departement": "57",
                "last_activity": "2026-06-25T13:20:00Z"
            }
        },
        {
            "type": "Feature",
            "geometry": {
                "type": "Point",
                "coordinates": [
                    7.8135,
                    48.7535
                ]
            },
            "properties": {
                "id": "000G2",
                "name": "Gries",
                "elevation": 143,
                "license": {
                    "code": 1,
                    "license": "CC BY",
                    "url": "https:\/\/creativecommons.org\/licenses\/by\/2.0\/fr\/",
                    "source": "infoclimat.fr"
                },
                "country": "FR",
                "departement": "67",
                "last_activity": "0000-00-00T00:00:00Z"
            }
        },
        {
            "type": "Feature",
            "geometry": {
                "type": "Point",
                "coordinates": [
                    1.15,
                    49.4167
                ]
            },
            "properties": {
                "id": "000G3",
                "name": "Le Mesnil-Esnard",
                "elevation": 152,
                "license": {
                    "code": 1,
                    "license": "CC BY",
                    "url": "https:\/\/creativecommons.org\/licenses\/by\/2.0\/fr\/",
                    "source": "infoclimat.fr"
                },
                "country": "FR",
                "departement": "76",
                "last_activity": "2026-06-25T13:30:00Z"
            }
        },
        {
            "type": "Feature",
            "geometry": {
                "type": "Point",
                "coordinates": [
                    7.6353,
                    48.955
                ]
            },
            "properties": {
                "id": "000G4",
                "name": "Niederbronn-les-Bains",
                "elevation": 217,
                "license": {
                    "code": 1,
                    "license": "CC BY",
                    "url": "https:\/\/creativecommons.org\/licenses\/by\/2.0\/fr\/",
                    "source": "infoclimat.fr"
                },
                "country": "FR",
                "departement": "67",
                "last_activity": "2023-08-28T13:00:00Z"
            }
        },
        {
            "type": "Feature",
            "geometry": {
                "type": "Point",
                "coordinates": [
                    -0.93333,
                    46.1167
                ]
            },
            "properties": {
                "id": "000G6",
                "name": "Aigrefeuille-d'Aunis",
                "elevation": 20,
                "license": {
                    "code": 2,
                    "license": "NON-COMMERCIAL ONLY: CC BY NC",
                    "url": "https:\/\/creativecommons.org\/licenses\/by-nc\/2.0\/fr\/",
                    "source": "infoclimat.fr"
                },
                "country": "FR",
                "departement": "17",
                "last_activity": "2026-06-25T13:20:00Z"
            }
        },
        {
            "type": "Feature",
            "geometry": {
                "type": "Point",
                "coordinates": [
                    3.75,
                    44.85
                ]
            },
            "properties": {
                "id": "000G7",
                "name": "Saint-Haon",
                "elevation": 1005,
                "license": {
                    "code": 2,
                    "license": "NON-COMMERCIAL ONLY: CC BY NC",
                    "url": "https:\/\/creativecommons.org\/licenses\/by-nc\/2.0\/fr\/",
                    "source": "infoclimat.fr"
                },
                "country": "FR",
                "departement": "43",
                "last_activity": "2026-06-25T12:00:00Z"
            }
        },
        {
            "type": "Feature",
            "geometry": {
                "type": "Point",
                "coordinates": [
                    6.515,
                    52.065
                ]
            },
            "properties": {
                "id": "000G9",
                "name": "Ruurlo",
                "elevation": 15,
                "license": {
                    "code": 2,
                    "license": "NON-COMMERCIAL ONLY: CC BY NC",
                    "url": "https:\/\/creativecommons.org\/licenses\/by-nc\/2.0\/fr\/",
                    "source": "infoclimat.fr"
                },
                "country": "NL",
                "departement": "NL",
                "last_activity": "2026-06-25T13:20:00Z"
            }
        },
        {
            "type": "Feature",
            "geometry": {
                "type": "Point",
                "coordinates": [
                    5.945,
                    51.987
                ]
            },
            "properties": {
                "id": "000H0",
                "name": "Arnhem - Presikhaaf",
                "elevation": 11,
                "license": {
                    "code": 2,
                    "license": "NON-COMMERCIAL ONLY: CC BY NC",
                    "url": "https:\/\/creativecommons.org\/licenses\/by-nc\/2.0\/fr\/",
                    "source": "infoclimat.fr"
                },
                "country": "NL",
                "departement": "NL",
                "last_activity": "2025-12-12T23:50:00Z"
            }
        },
        {
            "type": "Feature",
            "geometry": {
                "type": "Point",
                "coordinates": [
                    6.6584,
                    47.92532
                ]
            },
            "properties": {
                "id": "000H2",
                "name": "Rupt-sur-Moselle",
                "elevation": 432,
                "license": {
                    "code": 2,
                    "license": "NON-COMMERCIAL ONLY: CC BY NC",
                    "url": "https:\/\/creativecommons.org\/licenses\/by-nc\/2.0\/fr\/",
                    "source": "infoclimat.fr"
                },
                "country": "FR",
                "departement": "88",
                "last_activity": "2026-06-25T13:30:00Z"
            }
        },
        {
            "type": "Feature",
            "geometry": {
                "type": "Point",
                "coordinates": [
                    4.16667,
                    44.9
                ]
            },
            "properties": {
                "id": "000H3",
                "name": "Les Estables",
                "elevation": 1350,
                "license": {
                    "code": 1,
                    "license": "CC BY",
                    "url": "https:\/\/creativecommons.org\/licenses\/by\/2.0\/fr\/",
                    "source": "infoclimat.fr"
                },
                "country": "FR",
                "departement": "43",
                "last_activity": "2025-06-08T10:10:00Z"
            }
        },
        {
            "type": "Feature",
            "geometry": {
                "type": "Point",
                "coordinates": [
                    3.08333,
                    46.5
                ]
            },
            "properties": {
                "id": "000H4",
                "name": "Meillers",
                "elevation": 320,
                "license": {
                    "code": 1,
                    "license": "CC BY",
                    "url": "https:\/\/creativecommons.org\/licenses\/by\/2.0\/fr\/",
                    "source": "infoclimat.fr"
                },
                "country": "FR",
                "departement": "03",
                "last_activity": "2025-02-15T09:20:00Z"
            }
        },
        {
            "type": "Feature",
            "geometry": {
                "type": "Point",
                "coordinates": [
                    3.972,
                    46.985
                ]
            },
            "properties": {
                "id": "000H6",
                "name": "Les Buteaux",
                "elevation": 670,
                "license": {
                    "code": 2,
                    "license": "NON-COMMERCIAL ONLY: CC BY NC",
                    "url": "https:\/\/creativecommons.org\/licenses\/by-nc\/2.0\/fr\/",
                    "source": "infoclimat.fr"
                },
                "country": "FR",
                "departement": "58",
                "last_activity": "2021-08-29T16:45:00Z"
            }
        },
        {
            "type": "Feature",
            "geometry": {
                "type": "Point",
                "coordinates": [
                    3.8833333,
                    43.6
                ]
            },
            "properties": {
                "id": "000H8",
                "name": "Montpellier",
                "elevation": 40,
                "license": {
                    "code": 2,
                    "license": "NON-COMMERCIAL ONLY: CC BY NC",
                    "url": "https:\/\/creativecommons.org\/licenses\/by-nc\/2.0\/fr\/",
                    "source": "infoclimat.fr"
                },
                "country": "FR",
                "departement": "34",
                "last_activity": "0000-00-00T00:00:00Z"
            }
        },
        {
            "type": "Feature",
            "geometry": {
                "type": "Point",
                "coordinates": [
                    1.847591,
                    48.9938
                ]
            },
            "properties": {
                "id": "000H9",
                "name": "Juziers",
                "elevation": 82,
                "license": {
                    "code": 2,
                    "license": "NON-COMMERCIAL ONLY: CC BY NC",
                    "url": "https:\/\/creativecommons.org\/licenses\/by-nc\/2.0\/fr\/",
                    "source": "infoclimat.fr"
                },
                "country": "FR",
                "departement": "78",
                "last_activity": "0000-00-00T00:00:00Z"
            }
        },
        {
            "type": "Feature",
            "geometry": {
                "type": "Point",
                "coordinates": [
                    3.7333333,
                    43.9166667
                ]
            },
            "properties": {
                "id": "000I1",
                "name": "Laroque",
                "elevation": 150,
                "license": {
                    "code": 2,
                    "license": "NON-COMMERCIAL ONLY: CC BY NC",
                    "url": "https:\/\/creativecommons.org\/licenses\/by-nc\/2.0\/fr\/",
                    "source": "infoclimat.fr"
                },
                "country": "FR",
                "departement": "34",
                "last_activity": "2026-06-25T13:30:00Z"
            }
        },
        {
            "type": "Feature",
            "geometry": {
                "type": "Point",
                "coordinates": [
                    2.9833333,
                    43.45
                ]
            },
            "properties": {
                "id": "000I2",
                "name": "Prades-sur-Vernazobre",
                "elevation": 110,
                "license": {
                    "code": 1,
                    "license": "CC BY",
                    "url": "https:\/\/creativecommons.org\/licenses\/by\/2.0\/fr\/",
                    "source": "infoclimat.fr"
                },
                "country": "FR",
                "departement": "34",
                "last_activity": "2020-08-28T14:10:00Z"
            }
        },
        {
            "type": "Feature",
            "geometry": {
                "type": "Point",
                "coordinates": [
                    -0.7166667,
                    47.95
                ]
            },
            "properties": {
                "id": "000E0",
                "name": "Orign\u00e9",
                "elevation": 100,
                "license": {
                    "code": 2,
                    "license": "NON-COMMERCIAL ONLY: CC BY NC",
                    "url": "https:\/\/creativecommons.org\/licenses\/by-nc\/2.0\/fr\/",
                    "source": "infoclimat.fr"
                },
                "country": "FR",
                "departement": "53",
                "last_activity": "2016-01-19T10:10:00Z"
            }
        },
        {
            "type": "Feature",
            "geometry": {
                "type": "Point",
                "coordinates": [
                    2.47291666,
                    46.3383611
                ]
            },
            "properties": {
                "id": "000E2",
                "name": "Saint-Martinien",
                "elevation": 390,
                "license": {
                    "code": 2,
                    "license": "NON-COMMERCIAL ONLY: CC BY NC",
                    "url": "https:\/\/creativecommons.org\/licenses\/by-nc\/2.0\/fr\/",
                    "source": "infoclimat.fr"
                },
                "country": "FR",
                "departement": "03",
                "last_activity": "2026-06-25T13:20:00Z"
            }
        },
        {
            "type": "Feature",
            "geometry": {
                "type": "Point",
                "coordinates": [
                    0.89101,
                    44.10823
                ]
            },
            "properties": {
                "id": "000K3",
                "name": "Valence",
                "elevation": 67,
                "license": {
                    "code": 1,
                    "license": "CC BY",
                    "url": "https:\/\/creativecommons.org\/licenses\/by\/2.0\/fr\/",
                    "source": "infoclimat.fr"
                },
                "country": "FR",
                "departement": "82",
                "last_activity": "2026-06-25T13:20:00Z"
            }
        },
        {
            "type": "Feature",
            "geometry": {
                "type": "Point",
                "coordinates": [
                    3.8333333,
                    43.5833333
                ]
            },
            "properties": {
                "id": "000E7",
                "name": "Saint-Jean-de-V\u00e9das - La Fermaude",
                "elevation": 50,
                "license": {
                    "code": 1,
                    "license": "CC BY",
                    "url": "https:\/\/creativecommons.org\/licenses\/by\/2.0\/fr\/",
                    "source": "infoclimat.fr"
                },
                "country": "FR",
                "departement": "34",
                "last_activity": "2026-06-25T13:30:00Z"
            }
        },
        {
            "type": "Feature",
            "geometry": {
                "type": "Point",
                "coordinates": [
                    6.4666667,
                    48.3166667
                ]
            },
            "properties": {
                "id": "000E8",
                "name": "Hadigny-les-Verri\u00e8res",
                "elevation": 325,
                "license": {
                    "code": 1,
                    "license": "CC BY",
                    "url": "https:\/\/creativecommons.org\/licenses\/by\/2.0\/fr\/",
                    "source": "infoclimat.fr"
                },
                "country": "FR",
                "departement": "88",
                "last_activity": "0000-00-00T00:00:00Z"
            }
        },
        {
            "type": "Feature",
            "geometry": {
                "type": "Point",
                "coordinates": [
                    -3.4866667,
                    47.7888889
                ]
            },
            "properties": {
                "id": "000I4",
                "name": "Guidel",
                "elevation": 41,
                "license": {
                    "code": 1,
                    "license": "CC BY",
                    "url": "https:\/\/creativecommons.org\/licenses\/by\/2.0\/fr\/",
                    "source": "infoclimat.fr"
                },
                "country": "FR",
                "departement": "56",
                "last_activity": "2019-11-28T06:30:00Z"
            }
        },
        {
            "type": "Feature",
            "geometry": {
                "type": "Point",
                "coordinates": [
                    4.9166667,
                    49.6333333
                ]
            },
            "properties": {
                "id": "000I5",
                "name": "Bulson",
                "elevation": 285,
                "license": {
                    "code": 1,
                    "license": "CC BY",
                    "url": "https:\/\/creativecommons.org\/licenses\/by\/2.0\/fr\/",
                    "source": "infoclimat.fr"
                },
                "country": "FR",
                "departement": "08",
                "last_activity": "2026-06-25T13:30:00Z"
            }
        },
        {
            "type": "Feature",
            "geometry": {
                "type": "Point",
                "coordinates": [
                    4.25,
                    50.35
                ]
            },
            "properties": {
                "id": "000I6",
                "name": "Lobbes",
                "elevation": 155,
                "license": {
                    "code": 1,
                    "license": "CC BY",
                    "url": "https:\/\/creativecommons.org\/licenses\/by\/2.0\/fr\/",
                    "source": "infoclimat.fr"
                },
                "country": "BE",
                "departement": "BE",
                "last_activity": "2026-06-25T13:20:00Z"
            }
        },
        {
            "type": "Feature",
            "geometry": {
                "type": "Point",
                "coordinates": [
                    -0.68333,
                    46.53333
                ]
            },
            "properties": {
                "id": "000I9",
                "name": "Foussais-Payr\u00e9",
                "elevation": 75,
                "license": {
                    "code": 2,
                    "license": "NON-COMMERCIAL ONLY: CC BY NC",
                    "url": "https:\/\/creativecommons.org\/licenses\/by-nc\/2.0\/fr\/",
                    "source": "infoclimat.fr"
                },
                "country": "FR",
                "departement": "85",
                "last_activity": "2026-06-25T13:30:00Z"
            }
        },
        {
            "type": "Feature",
            "geometry": {
                "type": "Point",
                "coordinates": [
                    2.63827,
                    46.26685
                ]
            },
            "properties": {
                "id": "000J2",
                "name": "Villebret",
                "elevation": 397,
                "license": {
                    "code": 2,
                    "license": "NON-COMMERCIAL ONLY: CC BY NC",
                    "url": "https:\/\/creativecommons.org\/licenses\/by-nc\/2.0\/fr\/",
                    "source": "infoclimat.fr"
                },
                "country": "FR",
                "departement": "03",
                "last_activity": "2026-06-25T13:30:00Z"
            }
        },
        {
            "type": "Feature",
            "geometry": {
                "type": "Point",
                "coordinates": [
                    6.61900520324707,
                    44.6773811394476
                ]
            },
            "properties": {
                "id": "000I7",
                "name": "Eygliers",
                "elevation": 934,
                "license": {
                    "code": 1,
                    "license": "CC BY",
                    "url": "https:\/\/creativecommons.org\/licenses\/by\/2.0\/fr\/",
                    "source": "infoclimat.fr"
                },
                "country": "FR",
                "departement": "05",
                "last_activity": "2026-06-25T13:20:00Z"
            }
        },
        {
            "type": "Feature",
            "geometry": {
                "type": "Point",
                "coordinates": [
                    6.31474,
                    43.39318
                ]
            },
            "properties": {
                "id": "000J0",
                "name": "Le Luc",
                "elevation": 175,
                "license": {
                    "code": 1,
                    "license": "CC BY",
                    "url": "https:\/\/creativecommons.org\/licenses\/by\/2.0\/fr\/",
                    "source": "infoclimat.fr"
                },
                "country": "FR",
                "departement": "83",
                "last_activity": "2026-06-25T13:30:00Z"
            }
        },
        {
            "type": "Feature",
            "geometry": {
                "type": "Point",
                "coordinates": [
                    5.052222,
                    43.902778
                ]
            },
            "properties": {
                "id": "000J4",
                "name": "L'Isle-sur-la-Sorgue - Velorgues",
                "elevation": 65,
                "license": {
                    "code": 2,
                    "license": "NON-COMMERCIAL ONLY: CC BY NC",
                    "url": "https:\/\/creativecommons.org\/licenses\/by-nc\/2.0\/fr\/",
                    "source": "infoclimat.fr"
                },
                "country": "FR",
                "departement": "84",
                "last_activity": "2026-06-25T13:30:00Z"
            }
        },
        {
            "type": "Feature",
            "geometry": {
                "type": "Point",
                "coordinates": [
                    5.77642,
                    43.20285
                ]
            },
            "properties": {
                "id": "000J6",
                "name": "Le Castellet",
                "elevation": 123,
                "license": {
                    "code": 2,
                    "license": "NON-COMMERCIAL ONLY: CC BY NC",
                    "url": "https:\/\/creativecommons.org\/licenses\/by-nc\/2.0\/fr\/",
                    "source": "infoclimat.fr"
                },
                "country": "FR",
                "departement": "83",
                "last_activity": "2022-08-18T10:30:00Z"
            }
        },
        {
            "type": "Feature",
            "geometry": {
                "type": "Point",
                "coordinates": [
                    3.21899,
                    43.34762
                ]
            },
            "properties": {
                "id": "000J8",
                "name": "B\u00e9ziers",
                "elevation": 50,
                "license": {
                    "code": 2,
                    "license": "NON-COMMERCIAL ONLY: CC BY NC",
                    "url": "https:\/\/creativecommons.org\/licenses\/by-nc\/2.0\/fr\/",
                    "source": "infoclimat.fr"
                },
                "country": "FR",
                "departement": "34",
                "last_activity": "2025-12-23T15:30:00Z"
            }
        },
        {
            "type": "Feature",
            "geometry": {
                "type": "Point",
                "coordinates": [
                    3.4004,
                    49.0161
                ]
            },
            "properties": {
                "id": "000J9",
                "name": "Nogentel",
                "elevation": 70,
                "license": {
                    "code": 1,
                    "license": "CC BY",
                    "url": "https:\/\/creativecommons.org\/licenses\/by\/2.0\/fr\/",
                    "source": "infoclimat.fr"
                },
                "country": "FR",
                "departement": "02",
                "last_activity": "2026-06-25T13:20:00Z"
            }
        },
        {
            "type": "Feature",
            "geometry": {
                "type": "Point",
                "coordinates": [
                    5.21567,
                    46.25484
                ]
            },
            "properties": {
                "id": "000K0",
                "name": "Viriat",
                "elevation": 231,
                "license": {
                    "code": 2,
                    "license": "NON-COMMERCIAL ONLY: CC BY NC",
                    "url": "https:\/\/creativecommons.org\/licenses\/by-nc\/2.0\/fr\/",
                    "source": "infoclimat.fr"
                },
                "country": "FR",
                "departement": "01",
                "last_activity": "2026-06-25T13:30:00Z"
            }
        },
        {
            "type": "Feature",
            "geometry": {
                "type": "Point",
                "coordinates": [
                    5.23546,
                    45.61813
                ]
            },
            "properties": {
                "id": "000K1",
                "name": "L'Isle-d'Abeau",
                "elevation": 250,
                "license": {
                    "code": 1,
                    "license": "CC BY",
                    "url": "https:\/\/creativecommons.org\/licenses\/by\/2.0\/fr\/",
                    "source": "infoclimat.fr"
                },
                "country": "FR",
                "departement": "38",
                "last_activity": "2026-06-06T00:00:00Z"
            }
        },
        {
            "type": "Feature",
            "geometry": {
                "type": "Point",
                "coordinates": [
                    5.0511,
                    43.9219
                ]
            },
            "properties": {
                "id": "000K2",
                "name": "L'Isle-sur-la-Sorgue - Lyc\u00e9e agricole",
                "elevation": 55,
                "license": {
                    "code": 1,
                    "license": "CC BY",
                    "url": "https:\/\/creativecommons.org\/licenses\/by\/2.0\/fr\/",
                    "source": "infoclimat.fr"
                },
                "country": "FR",
                "departement": "84",
                "last_activity": "2019-04-16T06:30:00Z"
            }
        },
        {
            "type": "Feature",
            "geometry": {
                "type": "Point",
                "coordinates": [
                    7.26667,
                    48.76667
                ]
            },
            "properties": {
                "id": "000K4",
                "name": "Phalsbourg",
                "elevation": 322,
                "license": {
                    "code": 2,
                    "license": "NON-COMMERCIAL ONLY: CC BY NC",
                    "url": "https:\/\/creativecommons.org\/licenses\/by-nc\/2.0\/fr\/",
                    "source": "infoclimat.fr"
                },
                "country": "FR",
                "departement": "57",
                "last_activity": "2016-08-17T20:30:00Z"
            }
        },
        {
            "type": "Feature",
            "geometry": {
                "type": "Point",
                "coordinates": [
                    6.49803,
                    45.80791
                ]
            },
            "properties": {
                "id": "000K5",
                "name": "Saint-Nicolas-la-Chapelle",
                "elevation": 930,
                "license": {
                    "code": 2,
                    "license": "NON-COMMERCIAL ONLY: CC BY NC",
                    "url": "https:\/\/creativecommons.org\/licenses\/by-nc\/2.0\/fr\/",
                    "source": "infoclimat.fr"
                },
                "country": "FR",
                "departement": "73",
                "last_activity": "2026-06-25T13:30:00Z"
            }
        },
        {
            "type": "Feature",
            "geometry": {
                "type": "Point",
                "coordinates": [
                    4.15197,
                    50.19932
                ]
            },
            "properties": {
                "id": "000K6",
                "name": "Hestrud",
                "elevation": 232,
                "license": {
                    "code": 2,
                    "license": "NON-COMMERCIAL ONLY: CC BY NC",
                    "url": "https:\/\/creativecommons.org\/licenses\/by-nc\/2.0\/fr\/",
                    "source": "infoclimat.fr"
                },
                "country": "FR",
                "departement": "59",
                "last_activity": "2026-06-25T13:20:00Z"
            }
        },
        {
            "type": "Feature",
            "geometry": {
                "type": "Point",
                "coordinates": [
                    6.2,
                    44.64409
                ]
            },
            "properties": {
                "id": "000K7",
                "name": "Saint-L\u00e9ger-les-M\u00e9l\u00e8zes",
                "elevation": 1245,
                "license": {
                    "code": 2,
                    "license": "NON-COMMERCIAL ONLY: CC BY NC",
                    "url": "https:\/\/creativecommons.org\/licenses\/by-nc\/2.0\/fr\/",
                    "source": "infoclimat.fr"
                },
                "country": "FR",
                "departement": "05",
                "last_activity": "2024-12-08T17:00:00Z"
            }
        },
        {
            "type": "Feature",
            "geometry": {
                "type": "Point",
                "coordinates": [
                    2.7,
                    45.175
                ]
            },
            "properties": {
                "id": "000L1",
                "name": "Cheylade - Vall\u00e9e de la Rhue",
                "elevation": 1000,
                "license": {
                    "code": 1,
                    "license": "CC BY",
                    "url": "https:\/\/creativecommons.org\/licenses\/by\/2.0\/fr\/",
                    "source": "infoclimat.fr"
                },
                "country": "FR",
                "departement": "15",
                "last_activity": "2026-06-25T12:40:00Z"
            }
        },
        {
            "type": "Feature",
            "geometry": {
                "type": "Point",
                "coordinates": [
                    0.76349,
                    43.52318
                ]
            },
            "properties": {
                "id": "000L2",
                "name": "Saramon",
                "elevation": 190,
                "license": {
                    "code": 2,
                    "license": "NON-COMMERCIAL ONLY: CC BY NC",
                    "url": "https:\/\/creativecommons.org\/licenses\/by-nc\/2.0\/fr\/",
                    "source": "infoclimat.fr"
                },
                "country": "FR",
                "departement": "32",
                "last_activity": "2026-06-25T13:00:00Z"
            }
        },
        {
            "type": "Feature",
            "geometry": {
                "type": "Point",
                "coordinates": [
                    2.25,
                    48.95
                ]
            },
            "properties": {
                "id": "000P7",
                "name": "Argenteuil",
                "elevation": 104,
                "license": {
                    "code": 1,
                    "license": "CC BY",
                    "url": "https:\/\/creativecommons.org\/licenses\/by\/2.0\/fr\/",
                    "source": "infoclimat.fr"
                },
                "country": "FR",
                "departement": "95",
                "last_activity": "2026-06-25T13:20:00Z"
            }
        },
        {
            "type": "Feature",
            "geometry": {
                "type": "Point",
                "coordinates": [
                    2.89541,
                    42.69764
                ]
            },
            "properties": {
                "id": "000Q3",
                "name": "Perpignan - Moulin \u00e0 Vent",
                "elevation": 43,
                "license": {
                    "code": 1,
                    "license": "CC BY",
                    "url": "https:\/\/creativecommons.org\/licenses\/by\/2.0\/fr\/",
                    "source": "infoclimat.fr"
                },
                "country": "FR",
                "departement": "66",
                "last_activity": "2025-05-07T12:30:00Z"
            }
        },
        {
            "type": "Feature",
            "geometry": {
                "type": "Point",
                "coordinates": [
                    4.92548,
                    43.95501
                ]
            },
            "properties": {
                "id": "000L3",
                "name": "Saint-Saturnin-l\u00e8s-Avignon",
                "elevation": 60,
                "license": {
                    "code": 1,
                    "license": "CC BY",
                    "url": "https:\/\/creativecommons.org\/licenses\/by\/2.0\/fr\/",
                    "source": "infoclimat.fr"
                },
                "country": "FR",
                "departement": "84",
                "last_activity": "2017-06-13T19:50:00Z"
            }
        },
        {
            "type": "Feature",
            "geometry": {
                "type": "Point",
                "coordinates": [
                    5.5725,
                    43.3443
                ]
            },
            "properties": {
                "id": "000L4",
                "name": "Roquevaire - Vallon du Gaudissard",
                "elevation": 227,
                "license": {
                    "code": 1,
                    "license": "CC BY",
                    "url": "https:\/\/creativecommons.org\/licenses\/by\/2.0\/fr\/",
                    "source": "infoclimat.fr"
                },
                "country": "FR",
                "departement": "13",
                "last_activity": "2024-09-22T15:00:00Z"
            }
        },
        {
            "type": "Feature",
            "geometry": {
                "type": "Point",
                "coordinates": [
                    3.87234,
                    43.80011
                ]
            },
            "properties": {
                "id": "000L5",
                "name": "Valflaun\u00e8s",
                "elevation": 155,
                "license": {
                    "code": 1,
                    "license": "CC BY",
                    "url": "https:\/\/creativecommons.org\/licenses\/by\/2.0\/fr\/",
                    "source": "infoclimat.fr"
                },
                "country": "FR",
                "departement": "34",
                "last_activity": "2016-09-14T06:30:00Z"
            }
        },
        {
            "type": "Feature",
            "geometry": {
                "type": "Point",
                "coordinates": [
                    3.58652114868164,
                    43.6845083544836
                ]
            },
            "properties": {
                "id": "000L7",
                "name": "Aniane",
                "elevation": 64,
                "license": {
                    "code": 2,
                    "license": "NON-COMMERCIAL ONLY: CC BY NC",
                    "url": "https:\/\/creativecommons.org\/licenses\/by-nc\/2.0\/fr\/",
                    "source": "infoclimat.fr"
                },
                "country": "FR",
                "departement": "34",
                "last_activity": "2026-06-25T13:20:00Z"
            }
        },
        {
            "type": "Feature",
            "geometry": {
                "type": "Point",
                "coordinates": [
                    0.029167,
                    45.794722
                ]
            },
            "properties": {
                "id": "000L9",
                "name": "Genac",
                "elevation": 75,
                "license": {
                    "code": 2,
                    "license": "NON-COMMERCIAL ONLY: CC BY NC",
                    "url": "https:\/\/creativecommons.org\/licenses\/by-nc\/2.0\/fr\/",
                    "source": "infoclimat.fr"
                },
                "country": "FR",
                "departement": "16",
                "last_activity": "2026-06-25T13:30:00Z"
            }
        },
        {
            "type": "Feature",
            "geometry": {
                "type": "Point",
                "coordinates": [
                    4.91023,
                    44.95601
                ]
            },
            "properties": {
                "id": "000M2",
                "name": "Bourg-l\u00e8s-Valence",
                "elevation": 150,
                "license": {
                    "code": 1,
                    "license": "CC BY",
                    "url": "https:\/\/creativecommons.org\/licenses\/by\/2.0\/fr\/",
                    "source": "infoclimat.fr"
                },
                "country": "FR",
                "departement": "26",
                "last_activity": "2021-10-23T12:30:00Z"
            }
        },
        {
            "type": "Feature",
            "geometry": {
                "type": "Point",
                "coordinates": [
                    -135.2,
                    60.826
                ]
            },
            "properties": {
                "id": "000M3",
                "name": "Whitehorse",
                "elevation": 660,
                "license": {
                    "code": 1,
                    "license": "CC BY",
                    "url": "https:\/\/creativecommons.org\/licenses\/by\/2.0\/fr\/",
                    "source": "infoclimat.fr"
                },
                "country": "CA",
                "departement": "CA",
                "last_activity": "2017-08-07T03:30:00Z"
            }
        },
        {
            "type": "Feature",
            "geometry": {
                "type": "Point",
                "coordinates": [
                    0.889194,
                    47.061466
                ]
            },
            "properties": {
                "id": "000M4",
                "name": "Ciran",
                "elevation": 84,
                "license": {
                    "code": 1,
                    "license": "CC BY",
                    "url": "https:\/\/creativecommons.org\/licenses\/by\/2.0\/fr\/",
                    "source": "infoclimat.fr"
                },
                "country": "FR",
                "departement": "37",
                "last_activity": "2026-06-25T13:30:00Z"
            }
        },
        {
            "type": "Feature",
            "geometry": {
                "type": "Point",
                "coordinates": [
                    -1.126,
                    45.74486
                ]
            },
            "properties": {
                "id": "000M6",
                "name": "Arvert (1)",
                "elevation": 22,
                "license": {
                    "code": 2,
                    "license": "NON-COMMERCIAL ONLY: CC BY NC",
                    "url": "https:\/\/creativecommons.org\/licenses\/by-nc\/2.0\/fr\/",
                    "source": "infoclimat.fr"
                },
                "country": "FR",
                "departement": "17",
                "last_activity": "2026-06-25T13:30:00Z"
            }
        },
        {
            "type": "Feature",
            "geometry": {
                "type": "Point",
                "coordinates": [
                    -2.86398,
                    47.65713
                ]
            },
            "properties": {
                "id": "000M7",
                "name": "Ploeren",
                "elevation": 45,
                "license": {
                    "code": 1,
                    "license": "CC BY",
                    "url": "https:\/\/creativecommons.org\/licenses\/by\/2.0\/fr\/",
                    "source": "infoclimat.fr"
                },
                "country": "FR",
                "departement": "56",
                "last_activity": "2023-03-23T06:40:00Z"
            }
        },
        {
            "type": "Feature",
            "geometry": {
                "type": "Point",
                "coordinates": [
                    5.844013094902039,
                    43.47828749302741
                ]
            },
            "properties": {
                "id": "000M8",
                "name": "Saint-Maximin-la-Sainte-Baume - Saint Mitre",
                "elevation": 307,
                "license": {
                    "code": 2,
                    "license": "NON-COMMERCIAL ONLY: CC BY NC",
                    "url": "https:\/\/creativecommons.org\/licenses\/by-nc\/2.0\/fr\/",
                    "source": "infoclimat.fr"
                },
                "country": "FR",
                "departement": "83",
                "last_activity": "2026-06-25T13:30:00Z"
            }
        },
        {
            "type": "Feature",
            "geometry": {
                "type": "Point",
                "coordinates": [
                    2.32281,
                    49.8837
                ]
            },
            "properties": {
                "id": "STATIC0383",
                "name": "Amiens - Saint-Acheul",
                "elevation": 50,
                "license": {
                    "code": 1,
                    "license": "CC BY",
                    "url": "https:\/\/creativecommons.org\/licenses\/by\/2.0\/fr\/",
                    "source": "infoclimat.fr"
                },
                "country": "FR",
                "departement": "80",
                "last_activity": "2026-06-25T13:30:00Z"
            }
        },
        {
            "type": "Feature",
            "geometry": {
                "type": "Point",
                "coordinates": [
                    5.811918,
                    43.141322
                ]
            },
            "properties": {
                "id": "000M9",
                "name": "Sanary-sur-Mer",
                "elevation": 67,
                "license": {
                    "code": 1,
                    "license": "CC BY",
                    "url": "https:\/\/creativecommons.org\/licenses\/by\/2.0\/fr\/",
                    "source": "infoclimat.fr"
                },
                "country": "FR",
                "departement": "83",
                "last_activity": "2026-06-25T13:30:00Z"
            }
        },
        {
            "type": "Feature",
            "geometry": {
                "type": "Point",
                "coordinates": [
                    -0.93689,
                    46.11539
                ]
            },
            "properties": {
                "id": "000Q7",
                "name": "Aigrefeuille-d'Aunis - Ch\u00e2teau-d'eau",
                "elevation": 62,
                "license": {
                    "code": 2,
                    "license": "NON-COMMERCIAL ONLY: CC BY NC",
                    "url": "https:\/\/creativecommons.org\/licenses\/by-nc\/2.0\/fr\/",
                    "source": "infoclimat.fr"
                },
                "country": "FR",
                "departement": "17",
                "last_activity": "2020-06-12T22:20:00Z"
            }
        },
        {
            "type": "Feature",
            "geometry": {
                "type": "Point",
                "coordinates": [
                    5.02722,
                    44.72836
                ]
            },
            "properties": {
                "id": "000N3",
                "name": "Crest",
                "elevation": 310,
                "license": {
                    "code": 1,
                    "license": "CC BY",
                    "url": "https:\/\/creativecommons.org\/licenses\/by\/2.0\/fr\/",
                    "source": "infoclimat.fr"
                },
                "country": "FR",
                "departement": "26",
                "last_activity": "2026-06-25T13:30:00Z"
            }
        },
        {
            "type": "Feature",
            "geometry": {
                "type": "Point",
                "coordinates": [
                    -1.60834,
                    46.74004
                ]
            },
            "properties": {
                "id": "000N4",
                "name": "Aizenay",
                "elevation": 69,
                "license": {
                    "code": 2,
                    "license": "NON-COMMERCIAL ONLY: CC BY NC",
                    "url": "https:\/\/creativecommons.org\/licenses\/by-nc\/2.0\/fr\/",
                    "source": "infoclimat.fr"
                },
                "country": "FR",
                "departement": "85",
                "last_activity": "2024-09-23T05:30:00Z"
            }
        },
        {
            "type": "Feature",
            "geometry": {
                "type": "Point",
                "coordinates": [
                    5.78436613082886,
                    43.3720281466243
                ]
            },
            "properties": {
                "id": "000N6",
                "name": "Nans-les-Pins",
                "elevation": 400,
                "license": {
                    "code": 2,
                    "license": "NON-COMMERCIAL ONLY: CC BY NC",
                    "url": "https:\/\/creativecommons.org\/licenses\/by-nc\/2.0\/fr\/",
                    "source": "infoclimat.fr"
                },
                "country": "FR",
                "departement": "83",
                "last_activity": "2026-06-25T13:30:00Z"
            }
        },
        {
            "type": "Feature",
            "geometry": {
                "type": "Point",
                "coordinates": [
                    9.342,
                    42.632
                ]
            },
            "properties": {
                "id": "000N5",
                "name": "Oletta",
                "elevation": 110,
                "license": {
                    "code": 2,
                    "license": "NON-COMMERCIAL ONLY: CC BY NC",
                    "url": "https:\/\/creativecommons.org\/licenses\/by-nc\/2.0\/fr\/",
                    "source": "infoclimat.fr"
                },
                "country": "FR",
                "departement": "2B",
                "last_activity": "2026-06-25T13:30:00Z"
            }
        },
        {
            "type": "Feature",
            "geometry": {
                "type": "Point",
                "coordinates": [
                    -1.009414,
                    46.887261
                ]
            },
            "properties": {
                "id": "000N9",
                "name": "Les Herbiers",
                "elevation": 180,
                "license": {
                    "code": 2,
                    "license": "NON-COMMERCIAL ONLY: CC BY NC",
                    "url": "https:\/\/creativecommons.org\/licenses\/by-nc\/2.0\/fr\/",
                    "source": "infoclimat.fr"
                },
                "country": "FR",
                "departement": "85",
                "last_activity": "2026-06-25T13:30:00Z"
            }
        },
        {
            "type": "Feature",
            "geometry": {
                "type": "Point",
                "coordinates": [
                    3.4851,
                    48.13339
                ]
            },
            "properties": {
                "id": "000O2",
                "name": "Cerisiers",
                "elevation": 150,
                "license": {
                    "code": 2,
                    "license": "NON-COMMERCIAL ONLY: CC BY NC",
                    "url": "https:\/\/creativecommons.org\/licenses\/by-nc\/2.0\/fr\/",
                    "source": "infoclimat.fr"
                },
                "country": "FR",
                "departement": "89",
                "last_activity": "2026-06-25T13:30:00Z"
            }
        },
        {
            "type": "Feature",
            "geometry": {
                "type": "Point",
                "coordinates": [
                    -2.16667,
                    47.25
                ]
            },
            "properties": {
                "id": "000O3",
                "name": "Saint-Brevin-les-Pins",
                "elevation": 5,
                "license": {
                    "code": 2,
                    "license": "NON-COMMERCIAL ONLY: CC BY NC",
                    "url": "https:\/\/creativecommons.org\/licenses\/by-nc\/2.0\/fr\/",
                    "source": "infoclimat.fr"
                },
                "country": "FR",
                "departement": "44",
                "last_activity": "2026-06-25T13:20:00Z"
            }
        },
        {
            "type": "Feature",
            "geometry": {
                "type": "Point",
                "coordinates": [
                    2.23333,
                    45.5
                ]
            },
            "properties": {
                "id": "000O4",
                "name": "Saint-Angel",
                "elevation": 662,
                "license": {
                    "code": 2,
                    "license": "NON-COMMERCIAL ONLY: CC BY NC",
                    "url": "https:\/\/creativecommons.org\/licenses\/by-nc\/2.0\/fr\/",
                    "source": "infoclimat.fr"
                },
                "country": "FR",
                "departement": "19",
                "last_activity": "2026-06-25T13:30:00Z"
            }
        },
        {
            "type": "Feature",
            "geometry": {
                "type": "Point",
                "coordinates": [
                    4.002604,
                    45.590715
                ]
            },
            "properties": {
                "id": "000O5",
                "name": "Bard",
                "elevation": 805,
                "license": {
                    "code": 1,
                    "license": "CC BY",
                    "url": "https:\/\/creativecommons.org\/licenses\/by\/2.0\/fr\/",
                    "source": "infoclimat.fr"
                },
                "country": "FR",
                "departement": "42",
                "last_activity": "2026-06-25T13:20:00Z"
            }
        },
        {
            "type": "Feature",
            "geometry": {
                "type": "Point",
                "coordinates": [
                    4.067,
                    45.424
                ]
            },
            "properties": {
                "id": "000O7",
                "name": "Saint-Bonnet-le-Ch\u00e2teau",
                "elevation": 870,
                "license": {
                    "code": 1,
                    "license": "CC BY",
                    "url": "https:\/\/creativecommons.org\/licenses\/by\/2.0\/fr\/",
                    "source": "infoclimat.fr"
                },
                "country": "FR",
                "departement": "42",
                "last_activity": "2020-09-30T16:20:00Z"
            }
        },
        {
            "type": "Feature",
            "geometry": {
                "type": "Point",
                "coordinates": [
                    3.83333,
                    43.68333
                ]
            },
            "properties": {
                "id": "000O8",
                "name": "Saint-Cl\u00e9ment-de-Rivi\u00e8re",
                "elevation": 115,
                "license": {
                    "code": 1,
                    "license": "CC BY",
                    "url": "https:\/\/creativecommons.org\/licenses\/by\/2.0\/fr\/",
                    "source": "infoclimat.fr"
                },
                "country": "FR",
                "departement": "34",
                "last_activity": "2026-06-23T21:10:00Z"
            }
        },
        {
            "type": "Feature",
            "geometry": {
                "type": "Point",
                "coordinates": [
                    5.41489,
                    44.65498
                ]
            },
            "properties": {
                "id": "000O9",
                "name": "Recoubeau-Jansac",
                "elevation": 510,
                "license": {
                    "code": 2,
                    "license": "NON-COMMERCIAL ONLY: CC BY NC",
                    "url": "https:\/\/creativecommons.org\/licenses\/by-nc\/2.0\/fr\/",
                    "source": "infoclimat.fr"
                },
                "country": "FR",
                "departement": "26",
                "last_activity": "2026-06-25T13:30:00Z"
            }
        },
        {
            "type": "Feature",
            "geometry": {
                "type": "Point",
                "coordinates": [
                    -4.59443,
                    48.625
                ]
            },
            "properties": {
                "id": "STATIC0441",
                "name": "Plouguerneau - \u00cele de Stagadon",
                "elevation": 10,
                "license": {
                    "code": 2,
                    "license": "NON-COMMERCIAL ONLY: CC BY NC",
                    "url": "https:\/\/creativecommons.org\/licenses\/by-nc\/2.0\/fr\/",
                    "source": "infoclimat.fr"
                },
                "country": "FR",
                "departement": "29",
                "last_activity": "2026-06-25T13:20:00Z"
            }
        },
        {
            "type": "Feature",
            "geometry": {
                "type": "Point",
                "coordinates": [
                    1.89812,
                    46.06194
                ]
            },
            "properties": {
                "id": "000P1",
                "name": "Maisonnisses",
                "elevation": 576,
                "license": {
                    "code": 1,
                    "license": "CC BY",
                    "url": "https:\/\/creativecommons.org\/licenses\/by\/2.0\/fr\/",
                    "source": "infoclimat.fr"
                },
                "country": "FR",
                "departement": "23",
                "last_activity": "2024-11-21T09:20:00Z"
            }
        },
        {
            "type": "Feature",
            "geometry": {
                "type": "Point",
                "coordinates": [
                    6.01815,
                    47.24878
                ]
            },
            "properties": {
                "id": "000P2",
                "name": "Besan\u00e7on",
                "elevation": 355,
                "license": {
                    "code": 1,
                    "license": "CC BY",
                    "url": "https:\/\/creativecommons.org\/licenses\/by\/2.0\/fr\/",
                    "source": "infoclimat.fr"
                },
                "country": "FR",
                "departement": "25",
                "last_activity": "2026-06-25T13:20:00Z"
            }
        },
        {
            "type": "Feature",
            "geometry": {
                "type": "Point",
                "coordinates": [
                    3.60768,
                    46.03951
                ]
            },
            "properties": {
                "id": "000P4",
                "name": "Ferri\u00e8res sur Sichon - Cheval Rigon",
                "elevation": 586,
                "license": {
                    "code": 2,
                    "license": "NON-COMMERCIAL ONLY: CC BY NC",
                    "url": "https:\/\/creativecommons.org\/licenses\/by-nc\/2.0\/fr\/",
                    "source": "infoclimat.fr"
                },
                "country": "FR",
                "departement": "03",
                "last_activity": "2025-09-20T21:30:00Z"
            }
        },
        {
            "type": "Feature",
            "geometry": {
                "type": "Point",
                "coordinates": [
                    -0.82601,
                    48.20608
                ]
            },
            "properties": {
                "id": "000P6",
                "name": "Saint-Germain-le-Guillaume",
                "elevation": 110,
                "license": {
                    "code": 2,
                    "license": "NON-COMMERCIAL ONLY: CC BY NC",
                    "url": "https:\/\/creativecommons.org\/licenses\/by-nc\/2.0\/fr\/",
                    "source": "infoclimat.fr"
                },
                "country": "FR",
                "departement": "53",
                "last_activity": "2026-06-25T13:30:00Z"
            }
        },
        {
            "type": "Feature",
            "geometry": {
                "type": "Point",
                "coordinates": [
                    1.79292,
                    48.98994
                ]
            },
            "properties": {
                "id": "000P8",
                "name": "Issou",
                "elevation": 85,
                "license": {
                    "code": 2,
                    "license": "NON-COMMERCIAL ONLY: CC BY NC",
                    "url": "https:\/\/creativecommons.org\/licenses\/by-nc\/2.0\/fr\/",
                    "source": "infoclimat.fr"
                },
                "country": "FR",
                "departement": "78",
                "last_activity": "2022-06-05T09:10:00Z"
            }
        },
        {
            "type": "Feature",
            "geometry": {
                "type": "Point",
                "coordinates": [
                    -0.88298,
                    46.82941
                ]
            },
            "properties": {
                "id": "000P9",
                "name": "Saint-Michel-Mont-Mercure",
                "elevation": 235,
                "license": {
                    "code": 1,
                    "license": "CC BY",
                    "url": "https:\/\/creativecommons.org\/licenses\/by\/2.0\/fr\/",
                    "source": "infoclimat.fr"
                },
                "country": "FR",
                "departement": "85",
                "last_activity": "2018-07-04T18:20:00Z"
            }
        },
        {
            "type": "Feature",
            "geometry": {
                "type": "Point",
                "coordinates": [
                    -3.3593,
                    47.8413
                ]
            },
            "properties": {
                "id": "000Q2",
                "name": "S\u00e9n\u00e9bret",
                "elevation": 69,
                "license": {
                    "code": 1,
                    "license": "CC BY",
                    "url": "https:\/\/creativecommons.org\/licenses\/by\/2.0\/fr\/",
                    "source": "infoclimat.fr"
                },
                "country": "FR",
                "departement": "56",
                "last_activity": "2026-06-25T13:30:00Z"
            }
        },
        {
            "type": "Feature",
            "geometry": {
                "type": "Point",
                "coordinates": [
                    3.8749374389648,
                    44.385771176034
                ]
            },
            "properties": {
                "id": "000Q4",
                "name": "Villefort - Mas de la Barque",
                "elevation": 1420,
                "license": {
                    "code": 1,
                    "license": "CC BY",
                    "url": "https:\/\/creativecommons.org\/licenses\/by\/2.0\/fr\/",
                    "source": "infoclimat.fr"
                },
                "country": "FR",
                "departement": "48",
                "last_activity": "2026-06-25T13:20:00Z"
            }
        },
        {
            "type": "Feature",
            "geometry": {
                "type": "Point",
                "coordinates": [
                    -1.45462,
                    46.71898
                ]
            },
            "properties": {
                "id": "000Q6",
                "name": "Mouilleron-le-Captif",
                "elevation": 77,
                "license": {
                    "code": 2,
                    "license": "NON-COMMERCIAL ONLY: CC BY NC",
                    "url": "https:\/\/creativecommons.org\/licenses\/by-nc\/2.0\/fr\/",
                    "source": "infoclimat.fr"
                },
                "country": "FR",
                "departement": "85",
                "last_activity": "2026-06-25T13:30:00Z"
            }
        },
        {
            "type": "Feature",
            "geometry": {
                "type": "Point",
                "coordinates": [
                    2.2331524,
                    43.5996765
                ]
            },
            "properties": {
                "id": "000Q8",
                "name": "Castres",
                "elevation": 174,
                "license": {
                    "code": 1,
                    "license": "CC BY",
                    "url": "https:\/\/creativecommons.org\/licenses\/by\/2.0\/fr\/",
                    "source": "infoclimat.fr"
                },
                "country": "FR",
                "departement": "81",
                "last_activity": "2017-02-18T11:30:00Z"
            }
        },
        {
            "type": "Feature",
            "geometry": {
                "type": "Point",
                "coordinates": [
                    5.73452,
                    43.50611
                ]
            },
            "properties": {
                "id": "000Q9",
                "name": "Pourri\u00e8res",
                "elevation": 283,
                "license": {
                    "code": 2,
                    "license": "NON-COMMERCIAL ONLY: CC BY NC",
                    "url": "https:\/\/creativecommons.org\/licenses\/by-nc\/2.0\/fr\/",
                    "source": "infoclimat.fr"
                },
                "country": "FR",
                "departement": "83",
                "last_activity": "2021-08-15T18:00:00Z"
            }
        },
        {
            "type": "Feature",
            "geometry": {
                "type": "Point",
                "coordinates": [
                    3.902878,
                    47.270676
                ]
            },
            "properties": {
                "id": "000R1",
                "name": "Brassy",
                "elevation": 412,
                "license": {
                    "code": 1,
                    "license": "CC BY",
                    "url": "https:\/\/creativecommons.org\/licenses\/by\/2.0\/fr\/",
                    "source": "infoclimat.fr"
                },
                "country": "FR",
                "departement": "58",
                "last_activity": "2026-06-25T13:30:00Z"
            }
        },
        {
            "type": "Feature",
            "geometry": {
                "type": "Point",
                "coordinates": [
                    6.23191,
                    44.10429
                ]
            },
            "properties": {
                "id": "000R2",
                "name": "Digne-les-Bains",
                "elevation": 610,
                "license": {
                    "code": 2,
                    "license": "NON-COMMERCIAL ONLY: CC BY NC",
                    "url": "https:\/\/creativecommons.org\/licenses\/by-nc\/2.0\/fr\/",
                    "source": "infoclimat.fr"
                },
                "country": "FR",
                "departement": "04",
                "last_activity": "2025-12-24T05:40:00Z"
            }
        },
        {
            "type": "Feature",
            "geometry": {
                "type": "Point",
                "coordinates": [
                    6.87787,
                    48.07346
                ]
            },
            "properties": {
                "id": "000R3",
                "name": "G\u00e9rardmer",
                "elevation": 700,
                "license": {
                    "code": 1,
                    "license": "CC BY",
                    "url": "https:\/\/creativecommons.org\/licenses\/by\/2.0\/fr\/",
                    "source": "infoclimat.fr"
                },
                "country": "FR",
                "departement": "88",
                "last_activity": "2018-02-28T23:20:00Z"
            }
        },
        {
            "type": "Feature",
            "geometry": {
                "type": "Point",
                "coordinates": [
                    2.27784,
                    43.57765
                ]
            },
            "properties": {
                "id": "000R4",
                "name": "Lagarrigue",
                "elevation": 208,
                "license": {
                    "code": 2,
                    "license": "NON-COMMERCIAL ONLY: CC BY NC",
                    "url": "https:\/\/creativecommons.org\/licenses\/by-nc\/2.0\/fr\/",
                    "source": "infoclimat.fr"
                },
                "country": "FR",
                "departement": "81",
                "last_activity": "2026-06-25T13:30:00Z"
            }
        },
        {
            "type": "Feature",
            "geometry": {
                "type": "Point",
                "coordinates": [
                    2.4405555555555556,
                    50.9680683
                ]
            },
            "properties": {
                "id": "000R5",
                "name": "Bergues",
                "elevation": 17,
                "license": {
                    "code": 1,
                    "license": "CC BY",
                    "url": "https:\/\/creativecommons.org\/licenses\/by\/2.0\/fr\/",
                    "source": "infoclimat.fr"
                },
                "country": "FR",
                "departement": "59",
                "last_activity": "2026-06-25T13:20:00Z"
            }
        },
        {
            "type": "Feature",
            "geometry": {
                "type": "Point",
                "coordinates": [
                    6.35,
                    45.283333
                ]
            },
            "properties": {
                "id": "000R6",
                "name": "Saint-Jean-de-Maurienne",
                "elevation": 540,
                "license": {
                    "code": 1,
                    "license": "CC BY",
                    "url": "https:\/\/creativecommons.org\/licenses\/by\/2.0\/fr\/",
                    "source": "infoclimat.fr"
                },
                "country": "FR",
                "departement": "73",
                "last_activity": "2017-01-19T18:30:00Z"
            }
        },
        {
            "type": "Feature",
            "geometry": {
                "type": "Point",
                "coordinates": [
                    -0.00322,
                    42.87191
                ]
            },
            "properties": {
                "id": "000S0",
                "name": "Luz-Saint-Sauveur",
                "elevation": 670,
                "license": {
                    "code": 2,
                    "license": "NON-COMMERCIAL ONLY: CC BY NC",
                    "url": "https:\/\/creativecommons.org\/licenses\/by-nc\/2.0\/fr\/",
                    "source": "infoclimat.fr"
                },
                "country": "FR",
                "departement": "65",
                "last_activity": "2026-06-25T13:30:00Z"
            }
        },
        {
            "type": "Feature",
            "geometry": {
                "type": "Point",
                "coordinates": [
                    7.093058,
                    47.881718
                ]
            },
            "properties": {
                "id": "000S1",
                "name": "Goldbach-Altenbach",
                "elevation": 705,
                "license": {
                    "code": 2,
                    "license": "NON-COMMERCIAL ONLY: CC BY NC",
                    "url": "https:\/\/creativecommons.org\/licenses\/by-nc\/2.0\/fr\/",
                    "source": "infoclimat.fr"
                },
                "country": "FR",
                "departement": "68",
                "last_activity": "2026-06-25T13:30:00Z"
            }
        },
        {
            "type": "Feature",
            "geometry": {
                "type": "Point",
                "coordinates": [
                    4.5367,
                    49.5386
                ]
            },
            "properties": {
                "id": "000S4",
                "name": "Sorcy-Bauth\u00e9mont",
                "elevation": 112,
                "license": {
                    "code": 1,
                    "license": "CC BY",
                    "url": "https:\/\/creativecommons.org\/licenses\/by\/2.0\/fr\/",
                    "source": "infoclimat.fr"
                },
                "country": "FR",
                "departement": "08",
                "last_activity": "2024-01-15T14:00:00Z"
            }
        },
        {
            "type": "Feature",
            "geometry": {
                "type": "Point",
                "coordinates": [
                    1.83126,
                    50.89326
                ]
            },
            "properties": {
                "id": "000S2",
                "name": "Saint-Tricat",
                "elevation": 11,
                "license": {
                    "code": 1,
                    "license": "CC BY",
                    "url": "https:\/\/creativecommons.org\/licenses\/by\/2.0\/fr\/",
                    "source": "infoclimat.fr"
                },
                "country": "FR",
                "departement": "62",
                "last_activity": "2026-06-25T13:30:00Z"
            }
        },
        {
            "type": "Feature",
            "geometry": {
                "type": "Point",
                "coordinates": [
                    0.60484,
                    46.97478
                ]
            },
            "properties": {
                "id": "000S3",
                "name": "Les Ormes",
                "elevation": 40,
                "license": {
                    "code": 2,
                    "license": "NON-COMMERCIAL ONLY: CC BY NC",
                    "url": "https:\/\/creativecommons.org\/licenses\/by-nc\/2.0\/fr\/",
                    "source": "infoclimat.fr"
                },
                "country": "FR",
                "departement": "86",
                "last_activity": "2026-06-25T13:30:00Z"
            }
        },
        {
            "type": "Feature",
            "geometry": {
                "type": "Point",
                "coordinates": [
                    2.80204,
                    48.27787
                ]
            },
            "properties": {
                "id": "000S6",
                "name": "Treuzy-Levelay",
                "elevation": 84,
                "license": {
                    "code": 1,
                    "license": "CC BY",
                    "url": "https:\/\/creativecommons.org\/licenses\/by\/2.0\/fr\/",
                    "source": "infoclimat.fr"
                },
                "country": "FR",
                "departement": "77",
                "last_activity": "2015-01-02T21:00:00Z"
            }
        },
        {
            "type": "Feature",
            "geometry": {
                "type": "Point",
                "coordinates": [
                    -0.06969,
                    45.51209
                ]
            },
            "properties": {
                "id": "000S7",
                "name": "Ladiville",
                "elevation": 130,
                "license": {
                    "code": 2,
                    "license": "NON-COMMERCIAL ONLY: CC BY NC",
                    "url": "https:\/\/creativecommons.org\/licenses\/by-nc\/2.0\/fr\/",
                    "source": "infoclimat.fr"
                },
                "country": "FR",
                "departement": "16",
                "last_activity": "2026-06-25T13:20:00Z"
            }
        },
        {
            "type": "Feature",
            "geometry": {
                "type": "Point",
                "coordinates": [
                    0.547139,
                    44.9142
                ]
            },
            "properties": {
                "id": "STATIC0313",
                "name": "Queyssac",
                "elevation": 113,
                "license": {
                    "code": 1,
                    "license": "CC BY",
                    "url": "https:\/\/creativecommons.org\/licenses\/by\/2.0\/fr\/",
                    "source": "infoclimat.fr"
                },
                "country": "FR",
                "departement": "24",
                "last_activity": "2026-06-25T13:30:00Z"
            }
        },
        {
            "type": "Feature",
            "geometry": {
                "type": "Point",
                "coordinates": [
                    7.102187,
                    47.904363
                ]
            },
            "properties": {
                "id": "000S8",
                "name": "Willer-sur-Thur - Grand Ballon",
                "elevation": 1355,
                "license": {
                    "code": 2,
                    "license": "NON-COMMERCIAL ONLY: CC BY NC",
                    "url": "https:\/\/creativecommons.org\/licenses\/by-nc\/2.0\/fr\/",
                    "source": "infoclimat.fr"
                },
                "country": "FR",
                "departement": "68",
                "last_activity": "2026-06-11T22:00:00Z"
            }
        },
        {
            "type": "Feature",
            "geometry": {
                "type": "Point",
                "coordinates": [
                    6.39953,
                    46.83455
                ]
            },
            "properties": {
                "id": "000S9",
                "name": "Les Fourgs",
                "elevation": 1140,
                "license": {
                    "code": 2,
                    "license": "NON-COMMERCIAL ONLY: CC BY NC",
                    "url": "https:\/\/creativecommons.org\/licenses\/by-nc\/2.0\/fr\/",
                    "source": "infoclimat.fr"
                },
                "country": "FR",
                "departement": "25",
                "last_activity": "2026-06-25T13:30:00Z"
            }
        },
        {
            "type": "Feature",
            "geometry": {
                "type": "Point",
                "coordinates": [
                    5.57,
                    45.1
                ]
            },
            "properties": {
                "id": "000T0",
                "name": "Lans-en-Vercors - Les Bruy\u00e8res",
                "elevation": 990,
                "license": {
                    "code": 1,
                    "license": "CC BY",
                    "url": "https:\/\/creativecommons.org\/licenses\/by\/2.0\/fr\/",
                    "source": "infoclimat.fr"
                },
                "country": "FR",
                "departement": "38",
                "last_activity": "2026-06-25T13:30:00Z"
            }
        },
        {
            "type": "Feature",
            "geometry": {
                "type": "Point",
                "coordinates": [
                    -0.36844,
                    46.3155
                ]
            },
            "properties": {
                "id": "000T1",
                "name": "Vouill\u00e9",
                "elevation": 71,
                "license": {
                    "code": 1,
                    "license": "CC BY",
                    "url": "https:\/\/creativecommons.org\/licenses\/by\/2.0\/fr\/",
                    "source": "infoclimat.fr"
                },
                "country": "FR",
                "departement": "79",
                "last_activity": "2026-06-25T13:20:00Z"
            }
        },
        {
            "type": "Feature",
            "geometry": {
                "type": "Point",
                "coordinates": [
                    7.119471,
                    47.925547
                ]
            },
            "properties": {
                "id": "000T3",
                "name": "Lautenbachzell",
                "elevation": 690,
                "license": {
                    "code": 1,
                    "license": "CC BY",
                    "url": "https:\/\/creativecommons.org\/licenses\/by\/2.0\/fr\/",
                    "source": "infoclimat.fr"
                },
                "country": "FR",
                "departement": "68",
                "last_activity": "2026-06-25T13:30:00Z"
            }
        },
        {
            "type": "Feature",
            "geometry": {
                "type": "Point",
                "coordinates": [
                    6.09025,
                    49.31887
                ]
            },
            "properties": {
                "id": "000T5",
                "name": "Ser\u00e9mange-Erzange",
                "elevation": 210,
                "license": {
                    "code": 2,
                    "license": "NON-COMMERCIAL ONLY: CC BY NC",
                    "url": "https:\/\/creativecommons.org\/licenses\/by-nc\/2.0\/fr\/",
                    "source": "infoclimat.fr"
                },
                "country": "FR",
                "departement": "57",
                "last_activity": "2026-06-25T13:30:00Z"
            }
        },
        {
            "type": "Feature",
            "geometry": {
                "type": "Point",
                "coordinates": [
                    3.03403,
                    47.1397
                ]
            },
            "properties": {
                "id": "000T6",
                "name": "La Marche",
                "elevation": 170,
                "license": {
                    "code": 1,
                    "license": "CC BY",
                    "url": "https:\/\/creativecommons.org\/licenses\/by\/2.0\/fr\/",
                    "source": "infoclimat.fr"
                },
                "country": "FR",
                "departement": "58",
                "last_activity": "2022-08-14T19:00:00Z"
            }
        },
        {
            "type": "Feature",
            "geometry": {
                "type": "Point",
                "coordinates": [
                    1.47274,
                    44.53704
                ]
            },
            "properties": {
                "id": "000T9",
                "name": "Moncoutie",
                "elevation": 333,
                "license": {
                    "code": 2,
                    "license": "NON-COMMERCIAL ONLY: CC BY NC",
                    "url": "https:\/\/creativecommons.org\/licenses\/by-nc\/2.0\/fr\/",
                    "source": "infoclimat.fr"
                },
                "country": "FR",
                "departement": "46",
                "last_activity": "2026-06-25T13:30:00Z"
            }
        },
        {
            "type": "Feature",
            "geometry": {
                "type": "Point",
                "coordinates": [
                    6.406667,
                    48.046111
                ]
            },
            "properties": {
                "id": "000T8",
                "name": "Xertigny",
                "elevation": 461,
                "license": {
                    "code": 2,
                    "license": "NON-COMMERCIAL ONLY: CC BY NC",
                    "url": "https:\/\/creativecommons.org\/licenses\/by-nc\/2.0\/fr\/",
                    "source": "infoclimat.fr"
                },
                "country": "FR",
                "departement": "88",
                "last_activity": "2026-06-25T13:30:00Z"
            }
        },
        {
            "type": "Feature",
            "geometry": {
                "type": "Point",
                "coordinates": [
                    2.35551,
                    49.13369
                ]
            },
            "properties": {
                "id": "000U0",
                "name": "Asni\u00e8res-sur-Oise",
                "elevation": 51,
                "license": {
                    "code": 1,
                    "license": "CC BY",
                    "url": "https:\/\/creativecommons.org\/licenses\/by\/2.0\/fr\/",
                    "source": "infoclimat.fr"
                },
                "country": "FR",
                "departement": "95",
                "last_activity": "2026-06-25T13:30:00Z"
            }
        },
        {
            "type": "Feature",
            "geometry": {
                "type": "Point",
                "coordinates": [
                    -0.16254,
                    44.7381
                ]
            },
            "properties": {
                "id": "000U1",
                "name": "Frontenac",
                "elevation": 84,
                "license": {
                    "code": 2,
                    "license": "NON-COMMERCIAL ONLY: CC BY NC",
                    "url": "https:\/\/creativecommons.org\/licenses\/by-nc\/2.0\/fr\/",
                    "source": "infoclimat.fr"
                },
                "country": "FR",
                "departement": "33",
                "last_activity": "2026-06-25T13:30:00Z"
            }
        },
        {
            "type": "Feature",
            "geometry": {
                "type": "Point",
                "coordinates": [
                    5.33742,
                    45.29351
                ]
            },
            "properties": {
                "id": "000QU",
                "name": "Brion",
                "elevation": 673,
                "license": {
                    "code": 1,
                    "license": "CC BY",
                    "url": "https:\/\/creativecommons.org\/licenses\/by\/2.0\/fr\/",
                    "source": "infoclimat.fr"
                },
                "country": "FR",
                "departement": "38",
                "last_activity": "2026-06-25T13:30:00Z"
            }
        },
        {
            "type": "Feature",
            "geometry": {
                "type": "Point",
                "coordinates": [
                    6.6268,
                    44.89348
                ]
            },
            "properties": {
                "id": "000U2",
                "name": "Puy-Saint-Pierre",
                "elevation": 1560,
                "license": {
                    "code": 1,
                    "license": "CC BY",
                    "url": "https:\/\/creativecommons.org\/licenses\/by\/2.0\/fr\/",
                    "source": "infoclimat.fr"
                },
                "country": "FR",
                "departement": "05",
                "last_activity": "2026-06-25T13:20:00Z"
            }
        },
        {
            "type": "Feature",
            "geometry": {
                "type": "Point",
                "coordinates": [
                    4.27561,
                    45.30234
                ]
            },
            "properties": {
                "id": "000U3",
                "name": "Saint-Didier-en-Velay",
                "elevation": 834,
                "license": {
                    "code": 2,
                    "license": "NON-COMMERCIAL ONLY: CC BY NC",
                    "url": "https:\/\/creativecommons.org\/licenses\/by-nc\/2.0\/fr\/",
                    "source": "infoclimat.fr"
                },
                "country": "FR",
                "departement": "43",
                "last_activity": "2026-06-25T13:00:00Z"
            }
        },
        {
            "type": "Feature",
            "geometry": {
                "type": "Point",
                "coordinates": [
                    4.69733,
                    46.19208
                ]
            },
            "properties": {
                "id": "000U4",
                "name": "Fleurie",
                "elevation": 290,
                "license": {
                    "code": 1,
                    "license": "CC BY",
                    "url": "https:\/\/creativecommons.org\/licenses\/by\/2.0\/fr\/",
                    "source": "infoclimat.fr"
                },
                "country": "FR",
                "departement": "69",
                "last_activity": "2024-06-28T15:25:00Z"
            }
        },
        {
            "type": "Feature",
            "geometry": {
                "type": "Point",
                "coordinates": [
                    6.293677,
                    44.68143
                ]
            },
            "properties": {
                "id": "000U6",
                "name": "Orci\u00e8res - Chauffarel",
                "elevation": 1257,
                "license": {
                    "code": 2,
                    "license": "NON-COMMERCIAL ONLY: CC BY NC",
                    "url": "https:\/\/creativecommons.org\/licenses\/by-nc\/2.0\/fr\/",
                    "source": "infoclimat.fr"
                },
                "country": "FR",
                "departement": "05",
                "last_activity": "2023-10-03T08:10:00Z"
            }
        },
        {
            "type": "Feature",
            "geometry": {
                "type": "Point",
                "coordinates": [
                    5.10945,
                    44.9136
                ]
            },
            "properties": {
                "id": "000U7",
                "name": "Peyrus",
                "elevation": 430,
                "license": {
                    "code": 2,
                    "license": "NON-COMMERCIAL ONLY: CC BY NC",
                    "url": "https:\/\/creativecommons.org\/licenses\/by-nc\/2.0\/fr\/",
                    "source": "infoclimat.fr"
                },
                "country": "FR",
                "departement": "26",
                "last_activity": "2026-06-25T13:30:00Z"
            }
        },
        {
            "type": "Feature",
            "geometry": {
                "type": "Point",
                "coordinates": [
                    4.68721,
                    44.48515
                ]
            },
            "properties": {
                "id": "000U8",
                "name": "Viviers",
                "elevation": 90,
                "license": {
                    "code": 2,
                    "license": "NON-COMMERCIAL ONLY: CC BY NC",
                    "url": "https:\/\/creativecommons.org\/licenses\/by-nc\/2.0\/fr\/",
                    "source": "infoclimat.fr"
                },
                "country": "FR",
                "departement": "07",
                "last_activity": "2026-06-25T13:20:00Z"
            }
        },
        {
            "type": "Feature",
            "geometry": {
                "type": "Point",
                "coordinates": [
                    5.95672,
                    43.47183
                ]
            },
            "properties": {
                "id": "000U9",
                "name": "Bras",
                "elevation": 327,
                "license": {
                    "code": 2,
                    "license": "NON-COMMERCIAL ONLY: CC BY NC",
                    "url": "https:\/\/creativecommons.org\/licenses\/by-nc\/2.0\/fr\/",
                    "source": "infoclimat.fr"
                },
                "country": "FR",
                "departement": "83",
                "last_activity": "2026-06-25T13:20:00Z"
            }
        },
        {
            "type": "Feature",
            "geometry": {
                "type": "Point",
                "coordinates": [
                    5.5725,
                    45.78262
                ]
            },
            "properties": {
                "id": "000V0",
                "name": "Innimond",
                "elevation": 890,
                "license": {
                    "code": 2,
                    "license": "NON-COMMERCIAL ONLY: CC BY NC",
                    "url": "https:\/\/creativecommons.org\/licenses\/by-nc\/2.0\/fr\/",
                    "source": "infoclimat.fr"
                },
                "country": "FR",
                "departement": "01",
                "last_activity": "2026-06-25T13:30:00Z"
            }
        },
        {
            "type": "Feature",
            "geometry": {
                "type": "Point",
                "coordinates": [
                    7.002565,
                    48.042556
                ]
            },
            "properties": {
                "id": "000V2",
                "name": "Xonrupt-Longemer - Refuge du Sotr\u00e9",
                "elevation": 1200,
                "license": {
                    "code": 2,
                    "license": "NON-COMMERCIAL ONLY: CC BY NC",
                    "url": "https:\/\/creativecommons.org\/licenses\/by-nc\/2.0\/fr\/",
                    "source": "infoclimat.fr"
                },
                "country": "FR",
                "departement": "88",
                "last_activity": "2026-06-25T13:30:00Z"
            }
        },
        {
            "type": "Feature",
            "geometry": {
                "type": "Point",
                "coordinates": [
                    7.62357,
                    48.62877
                ]
            },
            "properties": {
                "id": "000V3",
                "name": "Stutzheim-Offenheim",
                "elevation": 163,
                "license": {
                    "code": 1,
                    "license": "CC BY",
                    "url": "https:\/\/creativecommons.org\/licenses\/by\/2.0\/fr\/",
                    "source": "infoclimat.fr"
                },
                "country": "FR",
                "departement": "67",
                "last_activity": "2026-06-25T13:20:00Z"
            }
        },
        {
            "type": "Feature",
            "geometry": {
                "type": "Point",
                "coordinates": [
                    -1.1973,
                    47.01492
                ]
            },
            "properties": {
                "id": "000V4",
                "name": "La Bruffi\u00e8re",
                "elevation": 75,
                "license": {
                    "code": 2,
                    "license": "NON-COMMERCIAL ONLY: CC BY NC",
                    "url": "https:\/\/creativecommons.org\/licenses\/by-nc\/2.0\/fr\/",
                    "source": "infoclimat.fr"
                },
                "country": "FR",
                "departement": "85",
                "last_activity": "2026-06-25T13:30:00Z"
            }
        },
        {
            "type": "Feature",
            "geometry": {
                "type": "Point",
                "coordinates": [
                    0.0235525,
                    43.6984
                ]
            },
            "properties": {
                "id": "STATIC0132",
                "name": "Bouzon-Gellenave",
                "elevation": 139,
                "license": {
                    "code": 1,
                    "license": "CC BY",
                    "url": "https:\/\/creativecommons.org\/licenses\/by\/2.0\/fr\/",
                    "source": "infoclimat.fr"
                },
                "country": "FR",
                "departement": "32",
                "last_activity": "2026-04-01T08:00:00Z"
            }
        },
        {
            "type": "Feature",
            "geometry": {
                "type": "Point",
                "coordinates": [
                    6.815951,
                    47.986869
                ]
            },
            "properties": {
                "id": "000V6",
                "name": "Basse-sur-le-Rupt (Croix des Moinats)",
                "elevation": 900,
                "license": {
                    "code": 1,
                    "license": "CC BY",
                    "url": "https:\/\/creativecommons.org\/licenses\/by\/2.0\/fr\/",
                    "source": "infoclimat.fr"
                },
                "country": "FR",
                "departement": "88",
                "last_activity": "2026-06-25T13:30:00Z"
            }
        },
        {
            "type": "Feature",
            "geometry": {
                "type": "Point",
                "coordinates": [
                    -56.3811,
                    47.100211
                ]
            },
            "properties": {
                "id": "000V8",
                "name": "Miquelon",
                "elevation": 6,
                "license": {
                    "code": 2,
                    "license": "NON-COMMERCIAL ONLY: CC BY NC",
                    "url": "https:\/\/creativecommons.org\/licenses\/by-nc\/2.0\/fr\/",
                    "source": "infoclimat.fr"
                },
                "country": "FR",
                "departement": "975",
                "last_activity": "2026-06-25T13:30:00Z"
            }
        },
        {
            "type": "Feature",
            "geometry": {
                "type": "Point",
                "coordinates": [
                    5.50721,
                    43.69553
                ]
            },
            "properties": {
                "id": "000V7",
                "name": "Pertuis",
                "elevation": 206,
                "license": {
                    "code": 1,
                    "license": "CC BY",
                    "url": "https:\/\/creativecommons.org\/licenses\/by\/2.0\/fr\/",
                    "source": "infoclimat.fr"
                },
                "country": "FR",
                "departement": "84",
                "last_activity": "2020-02-28T16:10:00Z"
            }
        },
        {
            "type": "Feature",
            "geometry": {
                "type": "Point",
                "coordinates": [
                    6.9781,
                    45.44972
                ]
            },
            "properties": {
                "id": "000W1",
                "name": "Val-d'Is\u00e8re",
                "elevation": 1850,
                "license": {
                    "code": 2,
                    "license": "NON-COMMERCIAL ONLY: CC BY NC",
                    "url": "https:\/\/creativecommons.org\/licenses\/by-nc\/2.0\/fr\/",
                    "source": "infoclimat.fr"
                },
                "country": "FR",
                "departement": "73",
                "last_activity": "2026-06-25T13:30:00Z"
            }
        },
        {
            "type": "Feature",
            "geometry": {
                "type": "Point",
                "coordinates": [
                    3.14398,
                    46.00246
                ]
            },
            "properties": {
                "id": "000W2",
                "name": "Artonne",
                "elevation": 405,
                "license": {
                    "code": 2,
                    "license": "NON-COMMERCIAL ONLY: CC BY NC",
                    "url": "https:\/\/creativecommons.org\/licenses\/by-nc\/2.0\/fr\/",
                    "source": "infoclimat.fr"
                },
                "country": "FR",
                "departement": "63",
                "last_activity": "2026-06-25T13:20:00Z"
            }
        },
        {
            "type": "Feature",
            "geometry": {
                "type": "Point",
                "coordinates": [
                    2.577601,
                    48.663886
                ]
            },
            "properties": {
                "id": "000DA",
                "name": "Combs-la-Ville",
                "elevation": 89,
                "license": {
                    "code": 2,
                    "license": "NON-COMMERCIAL ONLY: CC BY NC",
                    "url": "https:\/\/creativecommons.org\/licenses\/by-nc\/2.0\/fr\/",
                    "source": "infoclimat.fr"
                },
                "country": "FR",
                "departement": "77",
                "last_activity": "2021-06-26T16:50:00Z"
            }
        },
        {
            "type": "Feature",
            "geometry": {
                "type": "Point",
                "coordinates": [
                    2.41965,
                    44.64484
                ]
            },
            "properties": {
                "id": "000W5",
                "name": "Vieillevie",
                "elevation": 210,
                "license": {
                    "code": 2,
                    "license": "NON-COMMERCIAL ONLY: CC BY NC",
                    "url": "https:\/\/creativecommons.org\/licenses\/by-nc\/2.0\/fr\/",
                    "source": "infoclimat.fr"
                },
                "country": "FR",
                "departement": "15",
                "last_activity": "2026-06-25T13:30:00Z"
            }
        },
        {
            "type": "Feature",
            "geometry": {
                "type": "Point",
                "coordinates": [
                    2.18176,
                    42.87579
                ]
            },
            "properties": {
                "id": "000W6",
                "name": "Quillan",
                "elevation": 276,
                "license": {
                    "code": 1,
                    "license": "CC BY",
                    "url": "https:\/\/creativecommons.org\/licenses\/by\/2.0\/fr\/",
                    "source": "infoclimat.fr"
                },
                "country": "FR",
                "departement": "11",
                "last_activity": "2026-06-25T13:20:00Z"
            }
        },
        {
            "type": "Feature",
            "geometry": {
                "type": "Point",
                "coordinates": [
                    2.740771,
                    45.588773
                ]
            },
            "properties": {
                "id": "000Y4",
                "name": "La Bourboule",
                "elevation": 855,
                "license": {
                    "code": 1,
                    "license": "CC BY",
                    "url": "https:\/\/creativecommons.org\/licenses\/by\/2.0\/fr\/",
                    "source": "infoclimat.fr"
                },
                "country": "FR",
                "departement": "63",
                "last_activity": "2026-06-25T13:30:00Z"
            }
        },
        {
            "type": "Feature",
            "geometry": {
                "type": "Point",
                "coordinates": [
                    2.00716,
                    42.854787
                ]
            },
            "properties": {
                "id": "000W7",
                "name": "Roquefeuil",
                "elevation": 885,
                "license": {
                    "code": 1,
                    "license": "CC BY",
                    "url": "https:\/\/creativecommons.org\/licenses\/by\/2.0\/fr\/",
                    "source": "infoclimat.fr"
                },
                "country": "FR",
                "departement": "11",
                "last_activity": "2026-06-25T13:30:00Z"
            }
        },
        {
            "type": "Feature",
            "geometry": {
                "type": "Point",
                "coordinates": [
                    1.64759,
                    48.85996
                ]
            },
            "properties": {
                "id": "000W8",
                "name": "Orvilliers",
                "elevation": 131,
                "license": {
                    "code": 2,
                    "license": "NON-COMMERCIAL ONLY: CC BY NC",
                    "url": "https:\/\/creativecommons.org\/licenses\/by-nc\/2.0\/fr\/",
                    "source": "infoclimat.fr"
                },
                "country": "FR",
                "departement": "78",
                "last_activity": "2026-06-25T13:30:00Z"
            }
        },
        {
            "type": "Feature",
            "geometry": {
                "type": "Point",
                "coordinates": [
                    6.04368,
                    44.5373
                ]
            },
            "properties": {
                "id": "000W9",
                "name": "Gap",
                "elevation": 788,
                "license": {
                    "code": 1,
                    "license": "CC BY",
                    "url": "https:\/\/creativecommons.org\/licenses\/by\/2.0\/fr\/",
                    "source": "infoclimat.fr"
                },
                "country": "FR",
                "departement": "05",
                "last_activity": "2026-03-27T01:00:00Z"
            }
        },
        {
            "type": "Feature",
            "geometry": {
                "type": "Point",
                "coordinates": [
                    -2.73333,
                    48.48333
                ]
            },
            "properties": {
                "id": "000X0",
                "name": "Tr\u00e9gueux",
                "elevation": 101,
                "license": {
                    "code": 1,
                    "license": "CC BY",
                    "url": "https:\/\/creativecommons.org\/licenses\/by\/2.0\/fr\/",
                    "source": "infoclimat.fr"
                },
                "country": "FR",
                "departement": "22",
                "last_activity": "2026-06-25T13:30:00Z"
            }
        },
        {
            "type": "Feature",
            "geometry": {
                "type": "Point",
                "coordinates": [
                    4.64273,
                    44.37566
                ]
            },
            "properties": {
                "id": "000X1",
                "name": "Bourg-Saint-And\u00e9ol",
                "elevation": 140,
                "license": {
                    "code": 2,
                    "license": "NON-COMMERCIAL ONLY: CC BY NC",
                    "url": "https:\/\/creativecommons.org\/licenses\/by-nc\/2.0\/fr\/",
                    "source": "infoclimat.fr"
                },
                "country": "FR",
                "departement": "07",
                "last_activity": "2023-03-03T21:20:00Z"
            }
        },
        {
            "type": "Feature",
            "geometry": {
                "type": "Point",
                "coordinates": [
                    4.90082,
                    44.39307
                ]
            },
            "properties": {
                "id": "000X2",
                "name": "Colonzelle",
                "elevation": 152,
                "license": {
                    "code": 2,
                    "license": "NON-COMMERCIAL ONLY: CC BY NC",
                    "url": "https:\/\/creativecommons.org\/licenses\/by-nc\/2.0\/fr\/",
                    "source": "infoclimat.fr"
                },
                "country": "FR",
                "departement": "26",
                "last_activity": "2015-12-09T18:20:00Z"
            }
        },
        {
            "type": "Feature",
            "geometry": {
                "type": "Point",
                "coordinates": [
                    -1.01094,
                    46.15543
                ]
            },
            "properties": {
                "id": "000X3",
                "name": "Montroy",
                "elevation": 38,
                "license": {
                    "code": 2,
                    "license": "NON-COMMERCIAL ONLY: CC BY NC",
                    "url": "https:\/\/creativecommons.org\/licenses\/by-nc\/2.0\/fr\/",
                    "source": "infoclimat.fr"
                },
                "country": "FR",
                "departement": "17",
                "last_activity": "2026-06-25T13:20:00Z"
            }
        },
        {
            "type": "Feature",
            "geometry": {
                "type": "Point",
                "coordinates": [
                    1.41667,
                    44.35
                ]
            },
            "properties": {
                "id": "000X4",
                "name": "Lhospitalet",
                "elevation": 280,
                "license": {
                    "code": 2,
                    "license": "NON-COMMERCIAL ONLY: CC BY NC",
                    "url": "https:\/\/creativecommons.org\/licenses\/by-nc\/2.0\/fr\/",
                    "source": "infoclimat.fr"
                },
                "country": "FR",
                "departement": "46",
                "last_activity": "2026-06-25T13:20:00Z"
            }
        },
        {
            "type": "Feature",
            "geometry": {
                "type": "Point",
                "coordinates": [
                    3.3868896822479,
                    44.774565830145
                ]
            },
            "properties": {
                "id": "000X5",
                "name": "Saint-Alban-sur-Limagnole",
                "elevation": 930,
                "license": {
                    "code": 1,
                    "license": "CC BY",
                    "url": "https:\/\/creativecommons.org\/licenses\/by\/2.0\/fr\/",
                    "source": "infoclimat.fr"
                },
                "country": "FR",
                "departement": "48",
                "last_activity": "2026-06-25T13:30:00Z"
            }
        },
        {
            "type": "Feature",
            "geometry": {
                "type": "Point",
                "coordinates": [
                    -2.0661,
                    48.11343
                ]
            },
            "properties": {
                "id": "000X6",
                "name": "Saint-Gonlay",
                "elevation": 78,
                "license": {
                    "code": 1,
                    "license": "CC BY",
                    "url": "https:\/\/creativecommons.org\/licenses\/by\/2.0\/fr\/",
                    "source": "infoclimat.fr"
                },
                "country": "FR",
                "departement": "35",
                "last_activity": "2017-08-30T12:20:00Z"
            }
        },
        {
            "type": "Feature",
            "geometry": {
                "type": "Point",
                "coordinates": [
                    -1.61655,
                    46.53946
                ]
            },
            "properties": {
                "id": "000X8",
                "name": "Grosbreuil",
                "elevation": 41,
                "license": {
                    "code": 1,
                    "license": "CC BY",
                    "url": "https:\/\/creativecommons.org\/licenses\/by\/2.0\/fr\/",
                    "source": "infoclimat.fr"
                },
                "country": "FR",
                "departement": "85",
                "last_activity": "2026-06-25T13:30:00Z"
            }
        },
        {
            "type": "Feature",
            "geometry": {
                "type": "Point",
                "coordinates": [
                    5.833386,
                    43.094817
                ]
            },
            "properties": {
                "id": "000X9",
                "name": "Six-Fours-les-Plages (Pont du Brusc)",
                "elevation": 35,
                "license": {
                    "code": 1,
                    "license": "CC BY",
                    "url": "https:\/\/creativecommons.org\/licenses\/by\/2.0\/fr\/",
                    "source": "infoclimat.fr"
                },
                "country": "FR",
                "departement": "83",
                "last_activity": "2023-04-04T06:30:00Z"
            }
        },
        {
            "type": "Feature",
            "geometry": {
                "type": "Point",
                "coordinates": [
                    6.653205,
                    43.745068
                ]
            },
            "properties": {
                "id": "000Y1",
                "name": "La Bastide - Montagne de Lachens",
                "elevation": 1680,
                "license": {
                    "code": 2,
                    "license": "NON-COMMERCIAL ONLY: CC BY NC",
                    "url": "https:\/\/creativecommons.org\/licenses\/by-nc\/2.0\/fr\/",
                    "source": "infoclimat.fr"
                },
                "country": "FR",
                "departement": "83",
                "last_activity": "2016-08-23T18:30:00Z"
            }
        },
        {
            "type": "Feature",
            "geometry": {
                "type": "Point",
                "coordinates": [
                    3.36786,
                    48.98881
                ]
            },
            "properties": {
                "id": "000AU",
                "name": "Ch\u00e9zy-sur-Marne",
                "elevation": 70,
                "license": {
                    "code": 2,
                    "license": "NON-COMMERCIAL ONLY: CC BY NC",
                    "url": "https:\/\/creativecommons.org\/licenses\/by-nc\/2.0\/fr\/",
                    "source": "infoclimat.fr"
                },
                "country": "FR",
                "departement": "02",
                "last_activity": "2026-06-25T13:30:00Z"
            }
        },
        {
            "type": "Feature",
            "geometry": {
                "type": "Point",
                "coordinates": [
                    0.73862,
                    47.8223
                ]
            },
            "properties": {
                "id": "000VB",
                "name": "Bess\u00e9-sur-Braye",
                "elevation": 77,
                "license": {
                    "code": 2,
                    "license": "NON-COMMERCIAL ONLY: CC BY NC",
                    "url": "https:\/\/creativecommons.org\/licenses\/by-nc\/2.0\/fr\/",
                    "source": "infoclimat.fr"
                },
                "country": "FR",
                "departement": "72",
                "last_activity": "2026-06-25T13:30:00Z"
            }
        },
        {
            "type": "Feature",
            "geometry": {
                "type": "Point",
                "coordinates": [
                    2.819371,
                    45.531689
                ]
            },
            "properties": {
                "id": "000Y3",
                "name": "Mont-Dore - Puy de Sancy",
                "elevation": 1660,
                "license": {
                    "code": 2,
                    "license": "NON-COMMERCIAL ONLY: CC BY NC",
                    "url": "https:\/\/creativecommons.org\/licenses\/by-nc\/2.0\/fr\/",
                    "source": "infoclimat.fr"
                },
                "country": "FR",
                "departement": "63",
                "last_activity": "2026-06-25T13:30:00Z"
            }
        },
        {
            "type": "Feature",
            "geometry": {
                "type": "Point",
                "coordinates": [
                    5.487,
                    45.777
                ]
            },
            "properties": {
                "id": "000Y5",
                "name": "Briord (V\u00e9rizieu)",
                "elevation": 281,
                "license": {
                    "code": 2,
                    "license": "NON-COMMERCIAL ONLY: CC BY NC",
                    "url": "https:\/\/creativecommons.org\/licenses\/by-nc\/2.0\/fr\/",
                    "source": "infoclimat.fr"
                },
                "country": "FR",
                "departement": "01",
                "last_activity": "2026-06-25T13:30:00Z"
            }
        },
        {
            "type": "Feature",
            "geometry": {
                "type": "Point",
                "coordinates": [
                    5.822602,
                    43.10414
                ]
            },
            "properties": {
                "id": "000Y9",
                "name": "Six-Fours-les-Plages (Bucarin)",
                "elevation": 15,
                "license": {
                    "code": 1,
                    "license": "CC BY",
                    "url": "https:\/\/creativecommons.org\/licenses\/by\/2.0\/fr\/",
                    "source": "infoclimat.fr"
                },
                "country": "FR",
                "departement": "83",
                "last_activity": "2026-06-25T13:00:00Z"
            }
        },
        {
            "type": "Feature",
            "geometry": {
                "type": "Point",
                "coordinates": [
                    5.31617,
                    45.68561
                ]
            },
            "properties": {
                "id": "000Z0",
                "name": "Trept",
                "elevation": 265,
                "license": {
                    "code": 1,
                    "license": "CC BY",
                    "url": "https:\/\/creativecommons.org\/licenses\/by\/2.0\/fr\/",
                    "source": "infoclimat.fr"
                },
                "country": "FR",
                "departement": "38",
                "last_activity": "2026-06-25T13:30:00Z"
            }
        },
        {
            "type": "Feature",
            "geometry": {
                "type": "Point",
                "coordinates": [
                    -2.34498,
                    48.41612
                ]
            },
            "properties": {
                "id": "000Z1",
                "name": "Saint-Igneuc",
                "elevation": 85,
                "license": {
                    "code": 1,
                    "license": "CC BY",
                    "url": "https:\/\/creativecommons.org\/licenses\/by\/2.0\/fr\/",
                    "source": "infoclimat.fr"
                },
                "country": "FR",
                "departement": "22",
                "last_activity": "2026-06-25T13:30:00Z"
            }
        },
        {
            "type": "Feature",
            "geometry": {
                "type": "Point",
                "coordinates": [
                    5.05516,
                    44.71699
                ]
            },
            "properties": {
                "id": "000Z2",
                "name": "Aouste-sur-Sye (Saint-Pierre)",
                "elevation": 206,
                "license": {
                    "code": 1,
                    "license": "CC BY",
                    "url": "https:\/\/creativecommons.org\/licenses\/by\/2.0\/fr\/",
                    "source": "infoclimat.fr"
                },
                "country": "FR",
                "departement": "26",
                "last_activity": "2026-06-25T13:30:00Z"
            }
        },
        {
            "type": "Feature",
            "geometry": {
                "type": "Point",
                "coordinates": [
                    7.55516,
                    48.80743
                ]
            },
            "properties": {
                "id": "000Z4",
                "name": "Ringendorf",
                "elevation": 215,
                "license": {
                    "code": 2,
                    "license": "NON-COMMERCIAL ONLY: CC BY NC",
                    "url": "https:\/\/creativecommons.org\/licenses\/by-nc\/2.0\/fr\/",
                    "source": "infoclimat.fr"
                },
                "country": "FR",
                "departement": "67",
                "last_activity": "2026-06-25T13:30:00Z"
            }
        },
        {
            "type": "Feature",
            "geometry": {
                "type": "Point",
                "coordinates": [
                    0.843665,
                    45.964076
                ]
            },
            "properties": {
                "id": "000Z6",
                "name": "Brigueuil",
                "elevation": 250,
                "license": {
                    "code": 2,
                    "license": "NON-COMMERCIAL ONLY: CC BY NC",
                    "url": "https:\/\/creativecommons.org\/licenses\/by-nc\/2.0\/fr\/",
                    "source": "infoclimat.fr"
                },
                "country": "FR",
                "departement": "16",
                "last_activity": "2026-06-25T13:30:00Z"
            }
        },
        {
            "type": "Feature",
            "geometry": {
                "type": "Point",
                "coordinates": [
                    0.11667,
                    46.53333
                ]
            },
            "properties": {
                "id": "000Z7",
                "name": "La Chapelle-Montreuil",
                "elevation": 150,
                "license": {
                    "code": 2,
                    "license": "NON-COMMERCIAL ONLY: CC BY NC",
                    "url": "https:\/\/creativecommons.org\/licenses\/by-nc\/2.0\/fr\/",
                    "source": "infoclimat.fr"
                },
                "country": "FR",
                "departement": "86",
                "last_activity": "2026-06-25T13:30:00Z"
            }
        },
        {
            "type": "Feature",
            "geometry": {
                "type": "Point",
                "coordinates": [
                    5.459174,
                    43.510673
                ]
            },
            "properties": {
                "id": "000Z8",
                "name": "Aix-en-Provence",
                "elevation": 153,
                "license": {
                    "code": 1,
                    "license": "CC BY",
                    "url": "https:\/\/creativecommons.org\/licenses\/by\/2.0\/fr\/",
                    "source": "infoclimat.fr"
                },
                "country": "FR",
                "departement": "13",
                "last_activity": "2026-06-25T13:30:00Z"
            }
        },
        {
            "type": "Feature",
            "geometry": {
                "type": "Point",
                "coordinates": [
                    5.59209,
                    45.36395
                ]
            },
            "properties": {
                "id": "000Z9",
                "name": "Voiron",
                "elevation": 390,
                "license": {
                    "code": 1,
                    "license": "CC BY",
                    "url": "https:\/\/creativecommons.org\/licenses\/by\/2.0\/fr\/",
                    "source": "infoclimat.fr"
                },
                "country": "FR",
                "departement": "38",
                "last_activity": "2015-06-19T18:30:00Z"
            }
        },
        {
            "type": "Feature",
            "geometry": {
                "type": "Point",
                "coordinates": [
                    1.05692,
                    44.87184
                ]
            },
            "properties": {
                "id": "000AA",
                "name": "Castels",
                "elevation": 185,
                "license": {
                    "code": 2,
                    "license": "NON-COMMERCIAL ONLY: CC BY NC",
                    "url": "https:\/\/creativecommons.org\/licenses\/by-nc\/2.0\/fr\/",
                    "source": "infoclimat.fr"
                },
                "country": "FR",
                "departement": "24",
                "last_activity": "2026-06-25T13:00:00Z"
            }
        },
        {
            "type": "Feature",
            "geometry": {
                "type": "Point",
                "coordinates": [
                    7.394,
                    47.68387
                ]
            },
            "properties": {
                "id": "000AB",
                "name": "Landser",
                "elevation": 267,
                "license": {
                    "code": 1,
                    "license": "CC BY",
                    "url": "https:\/\/creativecommons.org\/licenses\/by\/2.0\/fr\/",
                    "source": "infoclimat.fr"
                },
                "country": "FR",
                "departement": "68",
                "last_activity": "2026-06-25T13:20:00Z"
            }
        },
        {
            "type": "Feature",
            "geometry": {
                "type": "Point",
                "coordinates": [
                    0.471311,
                    48.05437
                ]
            },
            "properties": {
                "id": "000AC",
                "name": "Connerr\u00e9",
                "elevation": 64,
                "license": {
                    "code": 2,
                    "license": "NON-COMMERCIAL ONLY: CC BY NC",
                    "url": "https:\/\/creativecommons.org\/licenses\/by-nc\/2.0\/fr\/",
                    "source": "infoclimat.fr"
                },
                "country": "FR",
                "departement": "72",
                "last_activity": "2026-06-25T13:30:00Z"
            }
        },
        {
            "type": "Feature",
            "geometry": {
                "type": "Point",
                "coordinates": [
                    2.3556,
                    50.377
                ]
            },
            "properties": {
                "id": "000AD",
                "name": "Saint-Michel-sur-Ternoise",
                "elevation": 87,
                "license": {
                    "code": 1,
                    "license": "CC BY",
                    "url": "https:\/\/creativecommons.org\/licenses\/by\/2.0\/fr\/",
                    "source": "infoclimat.fr"
                },
                "country": "FR",
                "departement": "62",
                "last_activity": "2026-06-25T13:30:00Z"
            }
        },
        {
            "type": "Feature",
            "geometry": {
                "type": "Point",
                "coordinates": [
                    9.1975323677063,
                    42.445697145571
                ]
            },
            "properties": {
                "id": "000AE",
                "name": "Piedigriggio",
                "elevation": 210,
                "license": {
                    "code": 1,
                    "license": "CC BY",
                    "url": "https:\/\/creativecommons.org\/licenses\/by\/2.0\/fr\/",
                    "source": "infoclimat.fr"
                },
                "country": "FR",
                "departement": "2B",
                "last_activity": "2026-06-25T13:30:00Z"
            }
        },
        {
            "type": "Feature",
            "geometry": {
                "type": "Point",
                "coordinates": [
                    -0.5381,
                    45.31482
                ]
            },
            "properties": {
                "id": "000AF",
                "name": "Boisredon",
                "elevation": 50,
                "license": {
                    "code": 1,
                    "license": "CC BY",
                    "url": "https:\/\/creativecommons.org\/licenses\/by\/2.0\/fr\/",
                    "source": "infoclimat.fr"
                },
                "country": "FR",
                "departement": "17",
                "last_activity": "2018-03-28T10:30:00Z"
            }
        },
        {
            "type": "Feature",
            "geometry": {
                "type": "Point",
                "coordinates": [
                    7.88286,
                    48.69209
                ]
            },
            "properties": {
                "id": "000AH",
                "name": "Gambsheim",
                "elevation": 132,
                "license": {
                    "code": 1,
                    "license": "CC BY",
                    "url": "https:\/\/creativecommons.org\/licenses\/by\/2.0\/fr\/",
                    "source": "infoclimat.fr"
                },
                "country": "FR",
                "departement": "67",
                "last_activity": "2017-05-26T21:30:00Z"
            }
        },
        {
            "type": "Feature",
            "geometry": {
                "type": "Point",
                "coordinates": [
                    3.06,
                    44.1
                ]
            },
            "properties": {
                "id": "000AI",
                "name": "Millau (1)",
                "elevation": 475,
                "license": {
                    "code": 1,
                    "license": "CC BY",
                    "url": "https:\/\/creativecommons.org\/licenses\/by\/2.0\/fr\/",
                    "source": "infoclimat.fr"
                },
                "country": "FR",
                "departement": "12",
                "last_activity": "2018-07-09T14:40:00Z"
            }
        },
        {
            "type": "Feature",
            "geometry": {
                "type": "Point",
                "coordinates": [
                    1.90958,
                    42.98707
                ]
            },
            "properties": {
                "id": "000AJ",
                "name": "L\u00e9ran",
                "elevation": 380,
                "license": {
                    "code": 1,
                    "license": "CC BY",
                    "url": "https:\/\/creativecommons.org\/licenses\/by\/2.0\/fr\/",
                    "source": "infoclimat.fr"
                },
                "country": "FR",
                "departement": "09",
                "last_activity": "2026-06-25T13:30:00Z"
            }
        },
        {
            "type": "Feature",
            "geometry": {
                "type": "Point",
                "coordinates": [
                    4.95166,
                    45.9259
                ]
            },
            "properties": {
                "id": "000AK",
                "name": "Saint-Andr\u00e9-de-Corcy",
                "elevation": 296,
                "license": {
                    "code": 2,
                    "license": "NON-COMMERCIAL ONLY: CC BY NC",
                    "url": "https:\/\/creativecommons.org\/licenses\/by-nc\/2.0\/fr\/",
                    "source": "infoclimat.fr"
                },
                "country": "FR",
                "departement": "01",
                "last_activity": "2022-04-02T08:30:00Z"
            }
        },
        {
            "type": "Feature",
            "geometry": {
                "type": "Point",
                "coordinates": [
                    8.04113,
                    48.95768
                ]
            },
            "properties": {
                "id": "000AL",
                "name": "Siegen - Kaidenbourg",
                "elevation": 168,
                "license": {
                    "code": 1,
                    "license": "CC BY",
                    "url": "https:\/\/creativecommons.org\/licenses\/by\/2.0\/fr\/",
                    "source": "infoclimat.fr"
                },
                "country": "FR",
                "departement": "67",
                "last_activity": "2015-12-12T11:30:00Z"
            }
        },
        {
            "type": "Feature",
            "geometry": {
                "type": "Point",
                "coordinates": [
                    -72.575,
                    46.784
                ]
            },
            "properties": {
                "id": "000AO",
                "name": "Sainte-Th\u00e8cle",
                "elevation": 150,
                "license": {
                    "code": 1,
                    "license": "CC BY",
                    "url": "https:\/\/creativecommons.org\/licenses\/by\/2.0\/fr\/",
                    "source": "infoclimat.fr"
                },
                "country": "CA",
                "departement": "CA",
                "last_activity": "2026-06-25T13:20:00Z"
            }
        },
        {
            "type": "Feature",
            "geometry": {
                "type": "Point",
                "coordinates": [
                    2.9051,
                    45.0063
                ]
            },
            "properties": {
                "id": "000AR",
                "name": "Paulhac",
                "elevation": 1125,
                "license": {
                    "code": 2,
                    "license": "NON-COMMERCIAL ONLY: CC BY NC",
                    "url": "https:\/\/creativecommons.org\/licenses\/by-nc\/2.0\/fr\/",
                    "source": "infoclimat.fr"
                },
                "country": "FR",
                "departement": "15",
                "last_activity": "2016-12-28T15:00:00Z"
            }
        },
        {
            "type": "Feature",
            "geometry": {
                "type": "Point",
                "coordinates": [
                    -2.34936,
                    46.72515
                ]
            },
            "properties": {
                "id": "000AS",
                "name": "Ile-d'Yeu - Port Joinville",
                "elevation": 16,
                "license": {
                    "code": 1,
                    "license": "CC BY",
                    "url": "https:\/\/creativecommons.org\/licenses\/by\/2.0\/fr\/",
                    "source": "infoclimat.fr"
                },
                "country": "FR",
                "departement": "85",
                "last_activity": "2026-06-25T12:40:00Z"
            }
        },
        {
            "type": "Feature",
            "geometry": {
                "type": "Point",
                "coordinates": [
                    0.34167,
                    49.66559
                ]
            },
            "properties": {
                "id": "000AT",
                "name": "Sausseuzemare-en-Caux",
                "elevation": 129,
                "license": {
                    "code": 2,
                    "license": "NON-COMMERCIAL ONLY: CC BY NC",
                    "url": "https:\/\/creativecommons.org\/licenses\/by-nc\/2.0\/fr\/",
                    "source": "infoclimat.fr"
                },
                "country": "FR",
                "departement": "76",
                "last_activity": "2019-06-28T16:00:00Z"
            }
        },
        {
            "type": "Feature",
            "geometry": {
                "type": "Point",
                "coordinates": [
                    3.762739,
                    48.8539
                ]
            },
            "properties": {
                "id": "000AV",
                "name": "Baye",
                "elevation": 177,
                "license": {
                    "code": 2,
                    "license": "NON-COMMERCIAL ONLY: CC BY NC",
                    "url": "https:\/\/creativecommons.org\/licenses\/by-nc\/2.0\/fr\/",
                    "source": "infoclimat.fr"
                },
                "country": "FR",
                "departement": "51",
                "last_activity": "2026-06-25T13:20:00Z"
            }
        },
        {
            "type": "Feature",
            "geometry": {
                "type": "Point",
                "coordinates": [
                    -0.40898,
                    45.69695
                ]
            },
            "properties": {
                "id": "000AX",
                "name": "Saint-Laurent-de-Cognac",
                "elevation": 40,
                "license": {
                    "code": 2,
                    "license": "NON-COMMERCIAL ONLY: CC BY NC",
                    "url": "https:\/\/creativecommons.org\/licenses\/by-nc\/2.0\/fr\/",
                    "source": "infoclimat.fr"
                },
                "country": "FR",
                "departement": "16",
                "last_activity": "2026-06-25T13:00:00Z"
            }
        },
        {
            "type": "Feature",
            "geometry": {
                "type": "Point",
                "coordinates": [
                    5.31306,
                    43.41028
                ]
            },
            "properties": {
                "id": "000AY",
                "name": "Les Pennes-Mirabeau",
                "elevation": 142,
                "license": {
                    "code": 1,
                    "license": "CC BY",
                    "url": "https:\/\/creativecommons.org\/licenses\/by\/2.0\/fr\/",
                    "source": "infoclimat.fr"
                },
                "country": "FR",
                "departement": "13",
                "last_activity": "2023-05-13T14:20:00Z"
            }
        },
        {
            "type": "Feature",
            "geometry": {
                "type": "Point",
                "coordinates": [
                    2.65216,
                    49.37218
                ]
            },
            "properties": {
                "id": "000BA",
                "name": "Grandfresnoy",
                "elevation": 72,
                "license": {
                    "code": 1,
                    "license": "CC BY",
                    "url": "https:\/\/creativecommons.org\/licenses\/by\/2.0\/fr\/",
                    "source": "infoclimat.fr"
                },
                "country": "FR",
                "departement": "60",
                "last_activity": "2020-04-27T10:30:00Z"
            }
        },
        {
            "type": "Feature",
            "geometry": {
                "type": "Point",
                "coordinates": [
                    7.12492,
                    48.05396
                ]
            },
            "properties": {
                "id": "000BB",
                "name": "Hohrod",
                "elevation": 417,
                "license": {
                    "code": 1,
                    "license": "CC BY",
                    "url": "https:\/\/creativecommons.org\/licenses\/by\/2.0\/fr\/",
                    "source": "infoclimat.fr"
                },
                "country": "FR",
                "departement": "68",
                "last_activity": "2021-05-09T12:50:00Z"
            }
        },
        {
            "type": "Feature",
            "geometry": {
                "type": "Point",
                "coordinates": [
                    -0.3974,
                    42.8802
                ]
            },
            "properties": {
                "id": "000BE",
                "name": "Laruns-Artouste-Fabr\u00e8ges",
                "elevation": 1270,
                "license": {
                    "code": 1,
                    "license": "CC BY",
                    "url": "https:\/\/creativecommons.org\/licenses\/by\/2.0\/fr\/",
                    "source": "infoclimat.fr"
                },
                "country": "FR",
                "departement": "64",
                "last_activity": "2026-06-25T13:20:00Z"
            }
        },
        {
            "type": "Feature",
            "geometry": {
                "type": "Point",
                "coordinates": [
                    4.782931,
                    48.255144
                ]
            },
            "properties": {
                "id": "000BQ",
                "name": "Colomb\u00e9-le-Sec",
                "elevation": 229,
                "license": {
                    "code": 1,
                    "license": "CC BY",
                    "url": "https:\/\/creativecommons.org\/licenses\/by\/2.0\/fr\/",
                    "source": "infoclimat.fr"
                },
                "country": "FR",
                "departement": "10",
                "last_activity": "2026-06-25T13:30:00Z"
            }
        },
        {
            "type": "Feature",
            "geometry": {
                "type": "Point",
                "coordinates": [
                    4.8329426,
                    45.7329787
                ]
            },
            "properties": {
                "id": "000BG",
                "name": "ENS - Lyon 7\u00e8me",
                "elevation": 169,
                "license": {
                    "code": 2,
                    "license": "NON-COMMERCIAL ONLY: CC BY NC",
                    "url": "https:\/\/creativecommons.org\/licenses\/by-nc\/2.0\/fr\/",
                    "source": "infoclimat.fr"
                },
                "country": "FR",
                "departement": "69",
                "last_activity": "2026-06-25T13:30:00Z"
            }
        },
        {
            "type": "Feature",
            "geometry": {
                "type": "Point",
                "coordinates": [
                    5.59209,
                    45.36395
                ]
            },
            "properties": {
                "id": "000BN",
                "name": "Voiron - Centre ville",
                "elevation": 300,
                "license": {
                    "code": 1,
                    "license": "CC BY",
                    "url": "https:\/\/creativecommons.org\/licenses\/by\/2.0\/fr\/",
                    "source": "infoclimat.fr"
                },
                "country": "FR",
                "departement": "38",
                "last_activity": "2026-06-25T13:30:00Z"
            }
        },
        {
            "type": "Feature",
            "geometry": {
                "type": "Point",
                "coordinates": [
                    3.16082,
                    44.53326
                ]
            },
            "properties": {
                "id": "000BI",
                "name": "Les Salces - Bonnecombe",
                "elevation": 1330,
                "license": {
                    "code": 2,
                    "license": "NON-COMMERCIAL ONLY: CC BY NC",
                    "url": "https:\/\/creativecommons.org\/licenses\/by-nc\/2.0\/fr\/",
                    "source": "infoclimat.fr"
                },
                "country": "FR",
                "departement": "48",
                "last_activity": "2026-06-25T13:30:00Z"
            }
        },
        {
            "type": "Feature",
            "geometry": {
                "type": "Point",
                "coordinates": [
                    5.35002,
                    43.22863
                ]
            },
            "properties": {
                "id": "000BL",
                "name": "Marseille - Sam\u00e9na",
                "elevation": 7,
                "license": {
                    "code": 1,
                    "license": "CC BY",
                    "url": "https:\/\/creativecommons.org\/licenses\/by\/2.0\/fr\/",
                    "source": "infoclimat.fr"
                },
                "country": "FR",
                "departement": "13",
                "last_activity": "2026-06-25T13:20:00Z"
            }
        },
        {
            "type": "Feature",
            "geometry": {
                "type": "Point",
                "coordinates": [
                    5.99534,
                    45.30136
                ]
            },
            "properties": {
                "id": "000BM",
                "name": "Theys (760m)",
                "elevation": 760,
                "license": {
                    "code": 2,
                    "license": "NON-COMMERCIAL ONLY: CC BY NC",
                    "url": "https:\/\/creativecommons.org\/licenses\/by-nc\/2.0\/fr\/",
                    "source": "infoclimat.fr"
                },
                "country": "FR",
                "departement": "38",
                "last_activity": "2026-06-25T13:30:00Z"
            }
        },
        {
            "type": "Feature",
            "geometry": {
                "type": "Point",
                "coordinates": [
                    -0.83178,
                    45.58375
                ]
            },
            "properties": {
                "id": "000BO",
                "name": "Arces",
                "elevation": 36,
                "license": {
                    "code": 1,
                    "license": "CC BY",
                    "url": "https:\/\/creativecommons.org\/licenses\/by\/2.0\/fr\/",
                    "source": "infoclimat.fr"
                },
                "country": "FR",
                "departement": "17",
                "last_activity": "2026-06-25T13:30:00Z"
            }
        },
        {
            "type": "Feature",
            "geometry": {
                "type": "Point",
                "coordinates": [
                    2.94122,
                    42.68132
                ]
            },
            "properties": {
                "id": "000BS",
                "name": "Cabestany",
                "elevation": 38,
                "license": {
                    "code": 2,
                    "license": "NON-COMMERCIAL ONLY: CC BY NC",
                    "url": "https:\/\/creativecommons.org\/licenses\/by-nc\/2.0\/fr\/",
                    "source": "infoclimat.fr"
                },
                "country": "FR",
                "departement": "66",
                "last_activity": "2026-06-25T13:20:00Z"
            }
        },
        {
            "type": "Feature",
            "geometry": {
                "type": "Point",
                "coordinates": [
                    5.885216,
                    43.462905
                ]
            },
            "properties": {
                "id": "000BU",
                "name": "Saint-Maximin-la-Sainte-Baume - Les Terriers",
                "elevation": 330,
                "license": {
                    "code": 1,
                    "license": "CC BY",
                    "url": "https:\/\/creativecommons.org\/licenses\/by\/2.0\/fr\/",
                    "source": "infoclimat.fr"
                },
                "country": "FR",
                "departement": "83",
                "last_activity": "2026-06-25T13:20:00Z"
            }
        },
        {
            "type": "Feature",
            "geometry": {
                "type": "Point",
                "coordinates": [
                    2.355538,
                    48.846883
                ]
            },
            "properties": {
                "id": "000BV",
                "name": "Paris 5\u00e8me - Tour Zamansky, Jussieu",
                "elevation": 122,
                "license": {
                    "code": 1,
                    "license": "CC BY",
                    "url": "https:\/\/creativecommons.org\/licenses\/by\/2.0\/fr\/",
                    "source": "infoclimat.fr"
                },
                "country": "FR",
                "departement": "75",
                "last_activity": "2026-06-25T13:20:00Z"
            }
        },
        {
            "type": "Feature",
            "geometry": {
                "type": "Point",
                "coordinates": [
                    -3.04375,
                    48.77841
                ]
            },
            "properties": {
                "id": "000BX",
                "name": "Paimpol",
                "elevation": 22,
                "license": {
                    "code": 2,
                    "license": "NON-COMMERCIAL ONLY: CC BY NC",
                    "url": "https:\/\/creativecommons.org\/licenses\/by-nc\/2.0\/fr\/",
                    "source": "infoclimat.fr"
                },
                "country": "FR",
                "departement": "22",
                "last_activity": "2026-06-25T13:20:00Z"
            }
        },
        {
            "type": "Feature",
            "geometry": {
                "type": "Point",
                "coordinates": [
                    4.95,
                    43.86667
                ]
            },
            "properties": {
                "id": "000BY",
                "name": "Cabannes",
                "elevation": 50,
                "license": {
                    "code": 1,
                    "license": "CC BY",
                    "url": "https:\/\/creativecommons.org\/licenses\/by\/2.0\/fr\/",
                    "source": "infoclimat.fr"
                },
                "country": "FR",
                "departement": "13",
                "last_activity": "2025-02-22T00:00:00Z"
            }
        },
        {
            "type": "Feature",
            "geometry": {
                "type": "Point",
                "coordinates": [
                    4.12478,
                    44.08003
                ]
            },
            "properties": {
                "id": "000BZ",
                "name": "Saint-Hilaire-de-Brethmas",
                "elevation": 130,
                "license": {
                    "code": 2,
                    "license": "NON-COMMERCIAL ONLY: CC BY NC",
                    "url": "https:\/\/creativecommons.org\/licenses\/by-nc\/2.0\/fr\/",
                    "source": "infoclimat.fr"
                },
                "country": "FR",
                "departement": "30",
                "last_activity": "2026-06-25T13:30:00Z"
            }
        },
        {
            "type": "Feature",
            "geometry": {
                "type": "Point",
                "coordinates": [
                    0.70774,
                    46.75871
                ]
            },
            "properties": {
                "id": "000CA",
                "name": "Leign\u00e9-les-Bois",
                "elevation": 140,
                "license": {
                    "code": 1,
                    "license": "CC BY",
                    "url": "https:\/\/creativecommons.org\/licenses\/by\/2.0\/fr\/",
                    "source": "infoclimat.fr"
                },
                "country": "FR",
                "departement": "86",
                "last_activity": "2022-10-23T00:00:00Z"
            }
        },
        {
            "type": "Feature",
            "geometry": {
                "type": "Point",
                "coordinates": [
                    3.35178,
                    45.61197
                ]
            },
            "properties": {
                "id": "000CC",
                "name": "Manglieu",
                "elevation": 430,
                "license": {
                    "code": 1,
                    "license": "CC BY",
                    "url": "https:\/\/creativecommons.org\/licenses\/by\/2.0\/fr\/",
                    "source": "infoclimat.fr"
                },
                "country": "FR",
                "departement": "63",
                "last_activity": "2022-12-09T19:00:00Z"
            }
        },
        {
            "type": "Feature",
            "geometry": {
                "type": "Point",
                "coordinates": [
                    5.80109,
                    45.400129
                ]
            },
            "properties": {
                "id": "000CD",
                "name": "St-Christophe-sur-Guiers - Le Habert de la Ruch\u00e8re",
                "elevation": 1150,
                "license": {
                    "code": 2,
                    "license": "NON-COMMERCIAL ONLY: CC BY NC",
                    "url": "https:\/\/creativecommons.org\/licenses\/by-nc\/2.0\/fr\/",
                    "source": "infoclimat.fr"
                },
                "country": "FR",
                "departement": "38",
                "last_activity": "2026-06-25T13:30:00Z"
            }
        },
        {
            "type": "Feature",
            "geometry": {
                "type": "Point",
                "coordinates": [
                    0.3655783,
                    43.1285133
                ]
            },
            "properties": {
                "id": "000CE",
                "name": "Campistrous - Centre de Recherches Atmosph\u00e9riques",
                "elevation": 601,
                "license": {
                    "code": 1,
                    "license": "CC BY",
                    "url": "https:\/\/creativecommons.org\/licenses\/by\/2.0\/fr\/",
                    "source": "infoclimat.fr"
                },
                "country": "FR",
                "departement": "65",
                "last_activity": "2026-06-25T13:30:00Z"
            }
        },
        {
            "type": "Feature",
            "geometry": {
                "type": "Point",
                "coordinates": [
                    1.8154173374176,
                    44.896298845491
                ]
            },
            "properties": {
                "id": "000CF",
                "name": "Prudhomat - Castelnau",
                "elevation": 129,
                "license": {
                    "code": 2,
                    "license": "NON-COMMERCIAL ONLY: CC BY NC",
                    "url": "https:\/\/creativecommons.org\/licenses\/by-nc\/2.0\/fr\/",
                    "source": "infoclimat.fr"
                },
                "country": "FR",
                "departement": "46",
                "last_activity": "2026-06-25T13:30:00Z"
            }
        },
        {
            "type": "Feature",
            "geometry": {
                "type": "Point",
                "coordinates": [
                    2.21881,
                    44.42309
                ]
            },
            "properties": {
                "id": "000CI",
                "name": "Anglars-Saint-F\u00e9lix",
                "elevation": 465,
                "license": {
                    "code": 2,
                    "license": "NON-COMMERCIAL ONLY: CC BY NC",
                    "url": "https:\/\/creativecommons.org\/licenses\/by-nc\/2.0\/fr\/",
                    "source": "infoclimat.fr"
                },
                "country": "FR",
                "departement": "12",
                "last_activity": "2026-06-25T13:30:00Z"
            }
        },
        {
            "type": "Feature",
            "geometry": {
                "type": "Point",
                "coordinates": [
                    6.6508,
                    45.57315
                ]
            },
            "properties": {
                "id": "000CJ",
                "name": "Granier",
                "elevation": 1260,
                "license": {
                    "code": 2,
                    "license": "NON-COMMERCIAL ONLY: CC BY NC",
                    "url": "https:\/\/creativecommons.org\/licenses\/by-nc\/2.0\/fr\/",
                    "source": "infoclimat.fr"
                },
                "country": "FR",
                "departement": "73",
                "last_activity": "2026-06-25T13:30:00Z"
            }
        },
        {
            "type": "Feature",
            "geometry": {
                "type": "Point",
                "coordinates": [
                    5.487573,
                    44.000602
                ]
            },
            "properties": {
                "id": "000CK",
                "name": "Lagarde-d'Apt - Observatoire SIRENE",
                "elevation": 1100,
                "license": {
                    "code": 1,
                    "license": "CC BY",
                    "url": "https:\/\/creativecommons.org\/licenses\/by\/2.0\/fr\/",
                    "source": "infoclimat.fr"
                },
                "country": "FR",
                "departement": "84",
                "last_activity": "2026-06-22T13:30:00Z"
            }
        },
        {
            "type": "Feature",
            "geometry": {
                "type": "Point",
                "coordinates": [
                    5.537502,
                    43.42776
                ]
            },
            "properties": {
                "id": "000CL",
                "name": "Gr\u00e9asque - La Diote",
                "elevation": 385,
                "license": {
                    "code": 2,
                    "license": "NON-COMMERCIAL ONLY: CC BY NC",
                    "url": "https:\/\/creativecommons.org\/licenses\/by-nc\/2.0\/fr\/",
                    "source": "infoclimat.fr"
                },
                "country": "FR",
                "departement": "13",
                "last_activity": "2026-06-25T13:30:00Z"
            }
        },
        {
            "type": "Feature",
            "geometry": {
                "type": "Point",
                "coordinates": [
                    4.4278,
                    46.08576
                ]
            },
            "properties": {
                "id": "000CM",
                "name": "Saint-Bonnet-le-Troncy",
                "elevation": 730,
                "license": {
                    "code": 2,
                    "license": "NON-COMMERCIAL ONLY: CC BY NC",
                    "url": "https:\/\/creativecommons.org\/licenses\/by-nc\/2.0\/fr\/",
                    "source": "infoclimat.fr"
                },
                "country": "FR",
                "departement": "69",
                "last_activity": "2026-06-25T13:20:00Z"
            }
        },
        {
            "type": "Feature",
            "geometry": {
                "type": "Point",
                "coordinates": [
                    4.8462,
                    45.064
                ]
            },
            "properties": {
                "id": "000CN",
                "name": "Tournon-sur-Rh\u00f4ne",
                "elevation": 123,
                "license": {
                    "code": 2,
                    "license": "NON-COMMERCIAL ONLY: CC BY NC",
                    "url": "https:\/\/creativecommons.org\/licenses\/by-nc\/2.0\/fr\/",
                    "source": "infoclimat.fr"
                },
                "country": "FR",
                "departement": "07",
                "last_activity": "2026-06-25T13:30:00Z"
            }
        },
        {
            "type": "Feature",
            "geometry": {
                "type": "Point",
                "coordinates": [
                    -3.1882,
                    47.7498
                ]
            },
            "properties": {
                "id": "000CO",
                "name": "Nostang",
                "elevation": 17,
                "license": {
                    "code": 2,
                    "license": "NON-COMMERCIAL ONLY: CC BY NC",
                    "url": "https:\/\/creativecommons.org\/licenses\/by-nc\/2.0\/fr\/",
                    "source": "infoclimat.fr"
                },
                "country": "FR",
                "departement": "56",
                "last_activity": "2026-06-25T13:20:00Z"
            }
        },
        {
            "type": "Feature",
            "geometry": {
                "type": "Point",
                "coordinates": [
                    1.45,
                    49.13333
                ]
            },
            "properties": {
                "id": "000CP",
                "name": "Pressagny-l'Orgueilleux",
                "elevation": 39,
                "license": {
                    "code": 2,
                    "license": "NON-COMMERCIAL ONLY: CC BY NC",
                    "url": "https:\/\/creativecommons.org\/licenses\/by-nc\/2.0\/fr\/",
                    "source": "infoclimat.fr"
                },
                "country": "FR",
                "departement": "27",
                "last_activity": "2026-06-25T13:30:00Z"
            }
        },
        {
            "type": "Feature",
            "geometry": {
                "type": "Point",
                "coordinates": [
                    0.11008,
                    48.69709
                ]
            },
            "properties": {
                "id": "000CR",
                "name": "Almen\u00eaches",
                "elevation": 170,
                "license": {
                    "code": 1,
                    "license": "CC BY",
                    "url": "https:\/\/creativecommons.org\/licenses\/by\/2.0\/fr\/",
                    "source": "infoclimat.fr"
                },
                "country": "FR",
                "departement": "61",
                "last_activity": "2026-06-25T13:30:00Z"
            }
        },
        {
            "type": "Feature",
            "geometry": {
                "type": "Point",
                "coordinates": [
                    2.3354015,
                    48.8516904
                ]
            },
            "properties": {
                "id": "000CT",
                "name": "Paris 6\u00e8me - Saint Germain des Pr\u00e9s",
                "elevation": 60,
                "license": {
                    "code": 2,
                    "license": "NON-COMMERCIAL ONLY: CC BY NC",
                    "url": "https:\/\/creativecommons.org\/licenses\/by-nc\/2.0\/fr\/",
                    "source": "infoclimat.fr"
                },
                "country": "FR",
                "departement": "75",
                "last_activity": "2026-06-25T13:00:00Z"
            }
        },
        {
            "type": "Feature",
            "geometry": {
                "type": "Point",
                "coordinates": [
                    8.10757,
                    48.8952
                ]
            },
            "properties": {
                "id": "000CU",
                "name": "Seltz",
                "elevation": 112,
                "license": {
                    "code": 1,
                    "license": "CC BY",
                    "url": "https:\/\/creativecommons.org\/licenses\/by\/2.0\/fr\/",
                    "source": "infoclimat.fr"
                },
                "country": "FR",
                "departement": "67",
                "last_activity": "2020-01-12T13:40:00Z"
            }
        },
        {
            "type": "Feature",
            "geometry": {
                "type": "Point",
                "coordinates": [
                    4.4655555555555555,
                    50.8258333
                ]
            },
            "properties": {
                "id": "000CV",
                "name": "Bruxelles - Woluve-Saint-Pierre",
                "elevation": 95,
                "license": {
                    "code": 2,
                    "license": "NON-COMMERCIAL ONLY: CC BY NC",
                    "url": "https:\/\/creativecommons.org\/licenses\/by-nc\/2.0\/fr\/",
                    "source": "infoclimat.fr"
                },
                "country": "BE",
                "departement": "BE",
                "last_activity": "2026-06-25T13:20:00Z"
            }
        },
        {
            "type": "Feature",
            "geometry": {
                "type": "Point",
                "coordinates": [
                    0.3629,
                    45.03542
                ]
            },
            "properties": {
                "id": "000CW",
                "name": "Mussidan",
                "elevation": 90,
                "license": {
                    "code": 2,
                    "license": "NON-COMMERCIAL ONLY: CC BY NC",
                    "url": "https:\/\/creativecommons.org\/licenses\/by-nc\/2.0\/fr\/",
                    "source": "infoclimat.fr"
                },
                "country": "FR",
                "departement": "24",
                "last_activity": "2026-06-25T13:20:00Z"
            }
        },
        {
            "type": "Feature",
            "geometry": {
                "type": "Point",
                "coordinates": [
                    0.64926,
                    49.29611
                ]
            },
            "properties": {
                "id": "000CX",
                "name": "Saint-Philbert-sur-Risle",
                "elevation": 50,
                "license": {
                    "code": 1,
                    "license": "CC BY",
                    "url": "https:\/\/creativecommons.org\/licenses\/by\/2.0\/fr\/",
                    "source": "infoclimat.fr"
                },
                "country": "FR",
                "departement": "27",
                "last_activity": "2026-06-25T13:20:00Z"
            }
        },
        {
            "type": "Feature",
            "geometry": {
                "type": "Point",
                "coordinates": [
                    4.25372,
                    45.16863
                ]
            },
            "properties": {
                "id": "000CY",
                "name": "Lapte - Verne",
                "elevation": 885,
                "license": {
                    "code": 2,
                    "license": "NON-COMMERCIAL ONLY: CC BY NC",
                    "url": "https:\/\/creativecommons.org\/licenses\/by-nc\/2.0\/fr\/",
                    "source": "infoclimat.fr"
                },
                "country": "FR",
                "departement": "43",
                "last_activity": "2024-06-05T06:50:00Z"
            }
        },
        {
            "type": "Feature",
            "geometry": {
                "type": "Point",
                "coordinates": [
                    4.7292,
                    45.2875
                ]
            },
            "properties": {
                "id": "000CZ",
                "name": "Peaugres",
                "elevation": 460,
                "license": {
                    "code": 1,
                    "license": "CC BY",
                    "url": "https:\/\/creativecommons.org\/licenses\/by\/2.0\/fr\/",
                    "source": "infoclimat.fr"
                },
                "country": "FR",
                "departement": "07",
                "last_activity": "2025-09-23T02:50:00Z"
            }
        },
        {
            "type": "Feature",
            "geometry": {
                "type": "Point",
                "coordinates": [
                    3.34532,
                    44.64144
                ]
            },
            "properties": {
                "id": "000DB",
                "name": "Recoules-de-Fumas",
                "elevation": 1040,
                "license": {
                    "code": 1,
                    "license": "CC BY",
                    "url": "https:\/\/creativecommons.org\/licenses\/by\/2.0\/fr\/",
                    "source": "infoclimat.fr"
                },
                "country": "FR",
                "departement": "48",
                "last_activity": "2018-12-02T14:30:00Z"
            }
        },
        {
            "type": "Feature",
            "geometry": {
                "type": "Point",
                "coordinates": [
                    2.311542,
                    44.547914
                ]
            },
            "properties": {
                "id": "000DC",
                "name": "Firmi",
                "elevation": 320,
                "license": {
                    "code": 1,
                    "license": "CC BY",
                    "url": "https:\/\/creativecommons.org\/licenses\/by\/2.0\/fr\/",
                    "source": "infoclimat.fr"
                },
                "country": "FR",
                "departement": "12",
                "last_activity": "2026-06-25T13:30:00Z"
            }
        },
        {
            "type": "Feature",
            "geometry": {
                "type": "Point",
                "coordinates": [
                    2.82391,
                    47.28543
                ]
            },
            "properties": {
                "id": "000DD",
                "name": "Vinon",
                "elevation": 170,
                "license": {
                    "code": 1,
                    "license": "CC BY",
                    "url": "https:\/\/creativecommons.org\/licenses\/by\/2.0\/fr\/",
                    "source": "infoclimat.fr"
                },
                "country": "FR",
                "departement": "18",
                "last_activity": "2019-11-27T19:40:00Z"
            }
        },
        {
            "type": "Feature",
            "geometry": {
                "type": "Point",
                "coordinates": [
                    6.68765,
                    45.92028
                ]
            },
            "properties": {
                "id": "000DE",
                "name": "Passy",
                "elevation": 890,
                "license": {
                    "code": 2,
                    "license": "NON-COMMERCIAL ONLY: CC BY NC",
                    "url": "https:\/\/creativecommons.org\/licenses\/by-nc\/2.0\/fr\/",
                    "source": "infoclimat.fr"
                },
                "country": "FR",
                "departement": "74",
                "last_activity": "2026-06-25T13:30:00Z"
            }
        },
        {
            "type": "Feature",
            "geometry": {
                "type": "Point",
                "coordinates": [
                    -1.124,
                    45.74486
                ]
            },
            "properties": {
                "id": "000DF",
                "name": "Arvert (2)",
                "elevation": 20,
                "license": {
                    "code": 2,
                    "license": "NON-COMMERCIAL ONLY: CC BY NC",
                    "url": "https:\/\/creativecommons.org\/licenses\/by-nc\/2.0\/fr\/",
                    "source": "infoclimat.fr"
                },
                "country": "FR",
                "departement": "17",
                "last_activity": "2026-06-25T13:30:00Z"
            }
        },
        {
            "type": "Feature",
            "geometry": {
                "type": "Point",
                "coordinates": [
                    6.6794,
                    46.09772
                ]
            },
            "properties": {
                "id": "000DG",
                "name": "Verchaix",
                "elevation": 895,
                "license": {
                    "code": 1,
                    "license": "CC BY",
                    "url": "https:\/\/creativecommons.org\/licenses\/by\/2.0\/fr\/",
                    "source": "infoclimat.fr"
                },
                "country": "FR",
                "departement": "74",
                "last_activity": "2026-06-25T13:30:00Z"
            }
        },
        {
            "type": "Feature",
            "geometry": {
                "type": "Point",
                "coordinates": [
                    7.5833333,
                    46.1833333
                ]
            },
            "properties": {
                "id": "000DH",
                "name": "Grimentz",
                "elevation": 1710,
                "license": {
                    "code": 2,
                    "license": "NON-COMMERCIAL ONLY: CC BY NC",
                    "url": "https:\/\/creativecommons.org\/licenses\/by-nc\/2.0\/fr\/",
                    "source": "infoclimat.fr"
                },
                "country": "CH",
                "departement": "CH",
                "last_activity": "2026-06-25T13:20:00Z"
            }
        },
        {
            "type": "Feature",
            "geometry": {
                "type": "Point",
                "coordinates": [
                    5.38333,
                    43.93333
                ]
            },
            "properties": {
                "id": "000DI",
                "name": "Saint-Saturnin-l\u00e8s-Apt",
                "elevation": 318,
                "license": {
                    "code": 1,
                    "license": "CC BY",
                    "url": "https:\/\/creativecommons.org\/licenses\/by\/2.0\/fr\/",
                    "source": "infoclimat.fr"
                },
                "country": "FR",
                "departement": "84",
                "last_activity": "2026-06-25T13:30:00Z"
            }
        },
        {
            "type": "Feature",
            "geometry": {
                "type": "Point",
                "coordinates": [
                    5.53333,
                    45.61667
                ]
            },
            "properties": {
                "id": "000DJ",
                "name": "Veyrins-Thuellin",
                "elevation": 240,
                "license": {
                    "code": 1,
                    "license": "CC BY",
                    "url": "https:\/\/creativecommons.org\/licenses\/by\/2.0\/fr\/",
                    "source": "infoclimat.fr"
                },
                "country": "FR",
                "departement": "38",
                "last_activity": "2016-04-18T17:30:00Z"
            }
        },
        {
            "type": "Feature",
            "geometry": {
                "type": "Point",
                "coordinates": [
                    -1.3607518,
                    45.9683291
                ]
            },
            "properties": {
                "id": "000DM",
                "name": "Saint-Georges-d'Ol\u00e9ron",
                "elevation": 6,
                "license": {
                    "code": 2,
                    "license": "NON-COMMERCIAL ONLY: CC BY NC",
                    "url": "https:\/\/creativecommons.org\/licenses\/by-nc\/2.0\/fr\/",
                    "source": "infoclimat.fr"
                },
                "country": "FR",
                "departement": "17",
                "last_activity": "2026-06-25T13:30:00Z"
            }
        },
        {
            "type": "Feature",
            "geometry": {
                "type": "Point",
                "coordinates": [
                    1.022,
                    49.611
                ]
            },
            "properties": {
                "id": "000DN",
                "name": "Butot",
                "elevation": 176,
                "license": {
                    "code": 1,
                    "license": "CC BY",
                    "url": "https:\/\/creativecommons.org\/licenses\/by\/2.0\/fr\/",
                    "source": "infoclimat.fr"
                },
                "country": "FR",
                "departement": "76",
                "last_activity": "2026-06-25T13:00:00Z"
            }
        },
        {
            "type": "Feature",
            "geometry": {
                "type": "Point",
                "coordinates": [
                    6.16303,
                    46.04439
                ]
            },
            "properties": {
                "id": "000HQ",
                "name": "Villy-le-Bouveret",
                "elevation": 791,
                "license": {
                    "code": 1,
                    "license": "CC BY",
                    "url": "https:\/\/creativecommons.org\/licenses\/by\/2.0\/fr\/",
                    "source": "infoclimat.fr"
                },
                "country": "FR",
                "departement": "74",
                "last_activity": "2026-06-25T13:30:00Z"
            }
        },
        {
            "type": "Feature",
            "geometry": {
                "type": "Point",
                "coordinates": [
                    -1.05631,
                    47.33393
                ]
            },
            "properties": {
                "id": "000HR",
                "name": "La Chapelle-Saint-Florent",
                "elevation": 55,
                "license": {
                    "code": 2,
                    "license": "NON-COMMERCIAL ONLY: CC BY NC",
                    "url": "https:\/\/creativecommons.org\/licenses\/by-nc\/2.0\/fr\/",
                    "source": "infoclimat.fr"
                },
                "country": "FR",
                "departement": "49",
                "last_activity": "2026-06-25T13:30:00Z"
            }
        },
        {
            "type": "Feature",
            "geometry": {
                "type": "Point",
                "coordinates": [
                    2.14122,
                    43.1998
                ]
            },
            "properties": {
                "id": "000DP",
                "name": "Montr\u00e9al",
                "elevation": 250,
                "license": {
                    "code": 1,
                    "license": "CC BY",
                    "url": "https:\/\/creativecommons.org\/licenses\/by\/2.0\/fr\/",
                    "source": "infoclimat.fr"
                },
                "country": "FR",
                "departement": "11",
                "last_activity": "2026-06-25T13:20:00Z"
            }
        },
        {
            "type": "Feature",
            "geometry": {
                "type": "Point",
                "coordinates": [
                    2.89443,
                    43.24518
                ]
            },
            "properties": {
                "id": "000DQ",
                "name": "Saint-Nazaire-d'Aude",
                "elevation": 21,
                "license": {
                    "code": 1,
                    "license": "CC BY",
                    "url": "https:\/\/creativecommons.org\/licenses\/by\/2.0\/fr\/",
                    "source": "infoclimat.fr"
                },
                "country": "FR",
                "departement": "11",
                "last_activity": "2026-06-25T13:30:00Z"
            }
        },
        {
            "type": "Feature",
            "geometry": {
                "type": "Point",
                "coordinates": [
                    1.91517,
                    46.139
                ]
            },
            "properties": {
                "id": "000DR",
                "name": "Sainte-Feyre",
                "elevation": 418,
                "license": {
                    "code": 2,
                    "license": "NON-COMMERCIAL ONLY: CC BY NC",
                    "url": "https:\/\/creativecommons.org\/licenses\/by-nc\/2.0\/fr\/",
                    "source": "infoclimat.fr"
                },
                "country": "FR",
                "departement": "23",
                "last_activity": "2026-06-25T13:30:00Z"
            }
        },
        {
            "type": "Feature",
            "geometry": {
                "type": "Point",
                "coordinates": [
                    2.65869,
                    46.28688
                ]
            },
            "properties": {
                "id": "000DS",
                "name": "N\u00e9ris-les-Bains",
                "elevation": 385,
                "license": {
                    "code": 1,
                    "license": "CC BY",
                    "url": "https:\/\/creativecommons.org\/licenses\/by\/2.0\/fr\/",
                    "source": "infoclimat.fr"
                },
                "country": "FR",
                "departement": "03",
                "last_activity": "2026-06-25T13:30:00Z"
            }
        },
        {
            "type": "Feature",
            "geometry": {
                "type": "Point",
                "coordinates": [
                    5.07987,
                    45.66317
                ]
            },
            "properties": {
                "id": "000DV",
                "name": "Grenay",
                "elevation": 290,
                "license": {
                    "code": 1,
                    "license": "CC BY",
                    "url": "https:\/\/creativecommons.org\/licenses\/by\/2.0\/fr\/",
                    "source": "infoclimat.fr"
                },
                "country": "FR",
                "departement": "38",
                "last_activity": "2023-05-02T01:40:00Z"
            }
        },
        {
            "type": "Feature",
            "geometry": {
                "type": "Point",
                "coordinates": [
                    4.56832,
                    45.27013
                ]
            },
            "properties": {
                "id": "000DX",
                "name": "Burdignes",
                "elevation": 1000,
                "license": {
                    "code": 2,
                    "license": "NON-COMMERCIAL ONLY: CC BY NC",
                    "url": "https:\/\/creativecommons.org\/licenses\/by-nc\/2.0\/fr\/",
                    "source": "infoclimat.fr"
                },
                "country": "FR",
                "departement": "42",
                "last_activity": "2016-07-18T17:30:00Z"
            }
        },
        {
            "type": "Feature",
            "geometry": {
                "type": "Point",
                "coordinates": [
                    -1.19415,
                    45.00135
                ]
            },
            "properties": {
                "id": "000DZ",
                "name": "Lacanau-Oc\u00e9an",
                "elevation": 8,
                "license": {
                    "code": 1,
                    "license": "CC BY",
                    "url": "https:\/\/creativecommons.org\/licenses\/by\/2.0\/fr\/",
                    "source": "infoclimat.fr"
                },
                "country": "FR",
                "departement": "33",
                "last_activity": "2026-06-25T13:30:00Z"
            }
        },
        {
            "type": "Feature",
            "geometry": {
                "type": "Point",
                "coordinates": [
                    0.81024,
                    47.99616
                ]
            },
            "properties": {
                "id": "000EB",
                "name": "Valennes",
                "elevation": 163,
                "license": {
                    "code": 2,
                    "license": "NON-COMMERCIAL ONLY: CC BY NC",
                    "url": "https:\/\/creativecommons.org\/licenses\/by-nc\/2.0\/fr\/",
                    "source": "infoclimat.fr"
                },
                "country": "FR",
                "departement": "72",
                "last_activity": "2026-06-25T13:30:00Z"
            }
        },
        {
            "type": "Feature",
            "geometry": {
                "type": "Point",
                "coordinates": [
                    1.55,
                    50.33333
                ]
            },
            "properties": {
                "id": "000EC",
                "name": "Fort-Mahon - Plage",
                "elevation": 5,
                "license": {
                    "code": 2,
                    "license": "NON-COMMERCIAL ONLY: CC BY NC",
                    "url": "https:\/\/creativecommons.org\/licenses\/by-nc\/2.0\/fr\/",
                    "source": "infoclimat.fr"
                },
                "country": "FR",
                "departement": "80",
                "last_activity": "2026-06-25T13:20:00Z"
            }
        },
        {
            "type": "Feature",
            "geometry": {
                "type": "Point",
                "coordinates": [
                    6.4266186,
                    47.0599796
                ]
            },
            "properties": {
                "id": "000ED",
                "name": "Arc-sous-Cicon - 850m",
                "elevation": 850,
                "license": {
                    "code": 2,
                    "license": "NON-COMMERCIAL ONLY: CC BY NC",
                    "url": "https:\/\/creativecommons.org\/licenses\/by-nc\/2.0\/fr\/",
                    "source": "infoclimat.fr"
                },
                "country": "FR",
                "departement": "25",
                "last_activity": "2024-08-02T06:10:00Z"
            }
        },
        {
            "type": "Feature",
            "geometry": {
                "type": "Point",
                "coordinates": [
                    6.40454,
                    47.88542
                ]
            },
            "properties": {
                "id": "000EE",
                "name": "Fougerolles",
                "elevation": 325,
                "license": {
                    "code": 2,
                    "license": "NON-COMMERCIAL ONLY: CC BY NC",
                    "url": "https:\/\/creativecommons.org\/licenses\/by-nc\/2.0\/fr\/",
                    "source": "infoclimat.fr"
                },
                "country": "FR",
                "departement": "70",
                "last_activity": "2026-06-25T13:30:00Z"
            }
        },
        {
            "type": "Feature",
            "geometry": {
                "type": "Point",
                "coordinates": [
                    6.52715,
                    43.17403
                ]
            },
            "properties": {
                "id": "000EF",
                "name": "Cavalaire-sur-Mer",
                "elevation": 14,
                "license": {
                    "code": 1,
                    "license": "CC BY",
                    "url": "https:\/\/creativecommons.org\/licenses\/by\/2.0\/fr\/",
                    "source": "infoclimat.fr"
                },
                "country": "FR",
                "departement": "83",
                "last_activity": "2023-10-24T11:40:00Z"
            }
        },
        {
            "type": "Feature",
            "geometry": {
                "type": "Point",
                "coordinates": [
                    6.665225,
                    43.9619095
                ]
            },
            "properties": {
                "id": "000EH",
                "name": "Annot",
                "elevation": 750,
                "license": {
                    "code": 1,
                    "license": "CC BY",
                    "url": "https:\/\/creativecommons.org\/licenses\/by\/2.0\/fr\/",
                    "source": "infoclimat.fr"
                },
                "country": "FR",
                "departement": "04",
                "last_activity": "2026-06-25T13:20:00Z"
            }
        },
        {
            "type": "Feature",
            "geometry": {
                "type": "Point",
                "coordinates": [
                    0.0311,
                    44.9167
                ]
            },
            "properties": {
                "id": "000EG",
                "name": "Les Salles-de-Castillon",
                "elevation": 30,
                "license": {
                    "code": 1,
                    "license": "CC BY",
                    "url": "https:\/\/creativecommons.org\/licenses\/by\/2.0\/fr\/",
                    "source": "infoclimat.fr"
                },
                "country": "FR",
                "departement": "33",
                "last_activity": "2026-06-25T13:30:00Z"
            }
        },
        {
            "type": "Feature",
            "geometry": {
                "type": "Point",
                "coordinates": [
                    5.14558,
                    45.6125
                ]
            },
            "properties": {
                "id": "000EP",
                "name": "Villefontaine",
                "elevation": 321,
                "license": {
                    "code": 2,
                    "license": "NON-COMMERCIAL ONLY: CC BY NC",
                    "url": "https:\/\/creativecommons.org\/licenses\/by-nc\/2.0\/fr\/",
                    "source": "infoclimat.fr"
                },
                "country": "FR",
                "departement": "38",
                "last_activity": "2026-06-25T12:30:00Z"
            }
        },
        {
            "type": "Feature",
            "geometry": {
                "type": "Point",
                "coordinates": [
                    4.861906,
                    46.724861
                ]
            },
            "properties": {
                "id": "000EI",
                "name": "Saint-Loup-de-Varennes",
                "elevation": 190,
                "license": {
                    "code": 1,
                    "license": "CC BY",
                    "url": "https:\/\/creativecommons.org\/licenses\/by\/2.0\/fr\/",
                    "source": "infoclimat.fr"
                },
                "country": "FR",
                "departement": "71",
                "last_activity": "2026-06-25T13:30:00Z"
            }
        },
        {
            "type": "Feature",
            "geometry": {
                "type": "Point",
                "coordinates": [
                    2.12349,
                    48.35845
                ]
            },
            "properties": {
                "id": "000EK",
                "name": "Saclas",
                "elevation": 90,
                "license": {
                    "code": 2,
                    "license": "NON-COMMERCIAL ONLY: CC BY NC",
                    "url": "https:\/\/creativecommons.org\/licenses\/by-nc\/2.0\/fr\/",
                    "source": "infoclimat.fr"
                },
                "country": "FR",
                "departement": "91",
                "last_activity": "2026-06-25T13:30:00Z"
            }
        },
        {
            "type": "Feature",
            "geometry": {
                "type": "Point",
                "coordinates": [
                    6.08252,
                    48.37163
                ]
            },
            "properties": {
                "id": "000II",
                "name": "Boulaincourt",
                "elevation": 300,
                "license": {
                    "code": 2,
                    "license": "NON-COMMERCIAL ONLY: CC BY NC",
                    "url": "https:\/\/creativecommons.org\/licenses\/by-nc\/2.0\/fr\/",
                    "source": "infoclimat.fr"
                },
                "country": "FR",
                "departement": "88",
                "last_activity": "2026-06-25T13:20:00Z"
            }
        },
        {
            "type": "Feature",
            "geometry": {
                "type": "Point",
                "coordinates": [
                    5.73875,
                    43.469361
                ]
            },
            "properties": {
                "id": "000EO",
                "name": "Pourri\u00e8res - La Beyssanne",
                "elevation": 282,
                "license": {
                    "code": 2,
                    "license": "NON-COMMERCIAL ONLY: CC BY NC",
                    "url": "https:\/\/creativecommons.org\/licenses\/by-nc\/2.0\/fr\/",
                    "source": "infoclimat.fr"
                },
                "country": "FR",
                "departement": "83",
                "last_activity": "2026-06-25T13:30:00Z"
            }
        },
        {
            "type": "Feature",
            "geometry": {
                "type": "Point",
                "coordinates": [
                    1.049089,
                    49.795552
                ]
            },
            "properties": {
                "id": "000EL",
                "name": "Omonville",
                "elevation": 125,
                "license": {
                    "code": 2,
                    "license": "NON-COMMERCIAL ONLY: CC BY NC",
                    "url": "https:\/\/creativecommons.org\/licenses\/by-nc\/2.0\/fr\/",
                    "source": "infoclimat.fr"
                },
                "country": "FR",
                "departement": "76",
                "last_activity": "2024-09-13T07:10:00Z"
            }
        },
        {
            "type": "Feature",
            "geometry": {
                "type": "Point",
                "coordinates": [
                    4.40376,
                    45.23226
                ]
            },
            "properties": {
                "id": "000ET",
                "name": "Riotord",
                "elevation": 866,
                "license": {
                    "code": 2,
                    "license": "NON-COMMERCIAL ONLY: CC BY NC",
                    "url": "https:\/\/creativecommons.org\/licenses\/by-nc\/2.0\/fr\/",
                    "source": "infoclimat.fr"
                },
                "country": "FR",
                "departement": "43",
                "last_activity": "2026-06-25T13:20:00Z"
            }
        },
        {
            "type": "Feature",
            "geometry": {
                "type": "Point",
                "coordinates": [
                    1.98192,
                    42.41383
                ]
            },
            "properties": {
                "id": "000EN",
                "name": "Oss\u00e9ja",
                "elevation": 1350,
                "license": {
                    "code": 2,
                    "license": "NON-COMMERCIAL ONLY: CC BY NC",
                    "url": "https:\/\/creativecommons.org\/licenses\/by-nc\/2.0\/fr\/",
                    "source": "infoclimat.fr"
                },
                "country": "FR",
                "departement": "66",
                "last_activity": "2026-06-25T13:30:00Z"
            }
        },
        {
            "type": "Feature",
            "geometry": {
                "type": "Point",
                "coordinates": [
                    2.93333,
                    43.18333
                ]
            },
            "properties": {
                "id": "000EQ",
                "name": "Montredon-des-Corbi\u00e8res",
                "elevation": 35,
                "license": {
                    "code": 1,
                    "license": "CC BY",
                    "url": "https:\/\/creativecommons.org\/licenses\/by\/2.0\/fr\/",
                    "source": "infoclimat.fr"
                },
                "country": "FR",
                "departement": "11",
                "last_activity": "2018-09-18T08:00:00Z"
            }
        },
        {
            "type": "Feature",
            "geometry": {
                "type": "Point",
                "coordinates": [
                    4.71252,
                    45.21676
                ]
            },
            "properties": {
                "id": "000EU",
                "name": "Vernosc-l\u00e8s-Annonay",
                "elevation": 406,
                "license": {
                    "code": 1,
                    "license": "CC BY",
                    "url": "https:\/\/creativecommons.org\/licenses\/by\/2.0\/fr\/",
                    "source": "infoclimat.fr"
                },
                "country": "FR",
                "departement": "07",
                "last_activity": "2026-06-25T13:30:00Z"
            }
        },
        {
            "type": "Feature",
            "geometry": {
                "type": "Point",
                "coordinates": [
                    -1.02155,
                    44.63177
                ]
            },
            "properties": {
                "id": "000EV",
                "name": "Le Teich",
                "elevation": 12,
                "license": {
                    "code": 1,
                    "license": "CC BY",
                    "url": "https:\/\/creativecommons.org\/licenses\/by\/2.0\/fr\/",
                    "source": "infoclimat.fr"
                },
                "country": "FR",
                "departement": "33",
                "last_activity": "2022-05-18T15:30:00Z"
            }
        },
        {
            "type": "Feature",
            "geometry": {
                "type": "Point",
                "coordinates": [
                    2.408503,
                    48.847734
                ]
            },
            "properties": {
                "id": "000EW",
                "name": "Paris 20\u00e8me - Porte de Vincennes",
                "elevation": 65,
                "license": {
                    "code": 1,
                    "license": "CC BY",
                    "url": "https:\/\/creativecommons.org\/licenses\/by\/2.0\/fr\/",
                    "source": "infoclimat.fr"
                },
                "country": "FR",
                "departement": "75",
                "last_activity": "2026-06-25T13:20:00Z"
            }
        },
        {
            "type": "Feature",
            "geometry": {
                "type": "Point",
                "coordinates": [
                    -8.97,
                    39.55
                ]
            },
            "properties": {
                "id": "000EX",
                "name": "Alcoba\u00e7a",
                "elevation": 160,
                "license": {
                    "code": 1,
                    "license": "CC BY",
                    "url": "https:\/\/creativecommons.org\/licenses\/by\/2.0\/fr\/",
                    "source": "infoclimat.fr"
                },
                "country": "PT",
                "departement": "PT",
                "last_activity": "2022-09-22T06:10:00Z"
            }
        },
        {
            "type": "Feature",
            "geometry": {
                "type": "Point",
                "coordinates": [
                    -2.97025,
                    48.37875
                ]
            },
            "properties": {
                "id": "000OT",
                "name": "Saint-Bihy",
                "elevation": 220,
                "license": {
                    "code": 2,
                    "license": "NON-COMMERCIAL ONLY: CC BY NC",
                    "url": "https:\/\/creativecommons.org\/licenses\/by-nc\/2.0\/fr\/",
                    "source": "infoclimat.fr"
                },
                "country": "FR",
                "departement": "22",
                "last_activity": "2026-06-25T13:00:00Z"
            }
        },
        {
            "type": "Feature",
            "geometry": {
                "type": "Point",
                "coordinates": [
                    0.25,
                    46.68333
                ]
            },
            "properties": {
                "id": "000FB",
                "name": "Neuville-de-Poitou",
                "elevation": 105,
                "license": {
                    "code": 1,
                    "license": "CC BY",
                    "url": "https:\/\/creativecommons.org\/licenses\/by\/2.0\/fr\/",
                    "source": "infoclimat.fr"
                },
                "country": "FR",
                "departement": "86",
                "last_activity": "2026-06-25T13:30:00Z"
            }
        },
        {
            "type": "Feature",
            "geometry": {
                "type": "Point",
                "coordinates": [
                    6.95186,
                    47.8282
                ]
            },
            "properties": {
                "id": "000FC",
                "name": "Rimbach-pr\u00e8s-Masevaux",
                "elevation": 560,
                "license": {
                    "code": 1,
                    "license": "CC BY",
                    "url": "https:\/\/creativecommons.org\/licenses\/by\/2.0\/fr\/",
                    "source": "infoclimat.fr"
                },
                "country": "FR",
                "departement": "68",
                "last_activity": "2026-06-25T13:20:00Z"
            }
        },
        {
            "type": "Feature",
            "geometry": {
                "type": "Point",
                "coordinates": [
                    6.090781,
                    46.592749
                ]
            },
            "properties": {
                "id": "000FD",
                "name": "Chapelle-des-Bois",
                "elevation": 1072,
                "license": {
                    "code": 1,
                    "license": "CC BY",
                    "url": "https:\/\/creativecommons.org\/licenses\/by\/2.0\/fr\/",
                    "source": "infoclimat.fr"
                },
                "country": "FR",
                "departement": "25",
                "last_activity": "2026-06-25T13:30:00Z"
            }
        },
        {
            "type": "Feature",
            "geometry": {
                "type": "Point",
                "coordinates": [
                    6.35,
                    44.16667
                ]
            },
            "properties": {
                "id": "000FE",
                "name": "La Javie",
                "elevation": 820,
                "license": {
                    "code": 2,
                    "license": "NON-COMMERCIAL ONLY: CC BY NC",
                    "url": "https:\/\/creativecommons.org\/licenses\/by-nc\/2.0\/fr\/",
                    "source": "infoclimat.fr"
                },
                "country": "FR",
                "departement": "04",
                "last_activity": "2023-01-03T08:50:00Z"
            }
        },
        {
            "type": "Feature",
            "geometry": {
                "type": "Point",
                "coordinates": [
                    4.68248,
                    45.41808
                ]
            },
            "properties": {
                "id": "000FG",
                "name": "P\u00e9lussin",
                "elevation": 400,
                "license": {
                    "code": 1,
                    "license": "CC BY",
                    "url": "https:\/\/creativecommons.org\/licenses\/by\/2.0\/fr\/",
                    "source": "infoclimat.fr"
                },
                "country": "FR",
                "departement": "42",
                "last_activity": "2026-06-25T13:20:00Z"
            }
        },
        {
            "type": "Feature",
            "geometry": {
                "type": "Point",
                "coordinates": [
                    5.3432,
                    45.95885
                ]
            },
            "properties": {
                "id": "000FI",
                "name": "Amb\u00e9rieu-en-Bugey",
                "elevation": 255,
                "license": {
                    "code": 1,
                    "license": "CC BY",
                    "url": "https:\/\/creativecommons.org\/licenses\/by\/2.0\/fr\/",
                    "source": "infoclimat.fr"
                },
                "country": "FR",
                "departement": "01",
                "last_activity": "2026-06-25T13:20:00Z"
            }
        },
        {
            "type": "Feature",
            "geometry": {
                "type": "Point",
                "coordinates": [
                    4.07408,
                    44.34736
                ]
            },
            "properties": {
                "id": "000FK",
                "name": "Malbosc",
                "elevation": 480,
                "license": {
                    "code": 1,
                    "license": "CC BY",
                    "url": "https:\/\/creativecommons.org\/licenses\/by\/2.0\/fr\/",
                    "source": "infoclimat.fr"
                },
                "country": "FR",
                "departement": "07",
                "last_activity": "2026-06-25T13:30:00Z"
            }
        },
        {
            "type": "Feature",
            "geometry": {
                "type": "Point",
                "coordinates": [
                    -0.70095,
                    46.69523
                ]
            },
            "properties": {
                "id": "000FL",
                "name": "Saint-Pierre-du-Chemin",
                "elevation": 200,
                "license": {
                    "code": 1,
                    "license": "CC BY",
                    "url": "https:\/\/creativecommons.org\/licenses\/by\/2.0\/fr\/",
                    "source": "infoclimat.fr"
                },
                "country": "FR",
                "departement": "85",
                "last_activity": "2026-06-25T13:30:00Z"
            }
        },
        {
            "type": "Feature",
            "geometry": {
                "type": "Point",
                "coordinates": [
                    1.97422,
                    48.67324
                ]
            },
            "properties": {
                "id": "000FM",
                "name": "Cernay-la-Ville",
                "elevation": 174,
                "license": {
                    "code": 1,
                    "license": "CC BY",
                    "url": "https:\/\/creativecommons.org\/licenses\/by\/2.0\/fr\/",
                    "source": "infoclimat.fr"
                },
                "country": "FR",
                "departement": "78",
                "last_activity": "2024-04-29T11:10:00Z"
            }
        },
        {
            "type": "Feature",
            "geometry": {
                "type": "Point",
                "coordinates": [
                    -2.52348,
                    48.35838
                ]
            },
            "properties": {
                "id": "000FN",
                "name": "Saint-Glen",
                "elevation": 145,
                "license": {
                    "code": 1,
                    "license": "CC BY",
                    "url": "https:\/\/creativecommons.org\/licenses\/by\/2.0\/fr\/",
                    "source": "infoclimat.fr"
                },
                "country": "FR",
                "departement": "22",
                "last_activity": "2026-06-25T13:30:00Z"
            }
        },
        {
            "type": "Feature",
            "geometry": {
                "type": "Point",
                "coordinates": [
                    3.49944,
                    43.39139
                ]
            },
            "properties": {
                "id": "000FO",
                "name": "Pom\u00e9rols",
                "elevation": 40,
                "license": {
                    "code": 1,
                    "license": "CC BY",
                    "url": "https:\/\/creativecommons.org\/licenses\/by\/2.0\/fr\/",
                    "source": "infoclimat.fr"
                },
                "country": "FR",
                "departement": "34",
                "last_activity": "2020-06-22T12:20:00Z"
            }
        },
        {
            "type": "Feature",
            "geometry": {
                "type": "Point",
                "coordinates": [
                    1.30201,
                    45.43078
                ]
            },
            "properties": {
                "id": "000FP",
                "name": "S\u00e9gur-le-Ch\u00e2teau",
                "elevation": 367,
                "license": {
                    "code": 2,
                    "license": "NON-COMMERCIAL ONLY: CC BY NC",
                    "url": "https:\/\/creativecommons.org\/licenses\/by-nc\/2.0\/fr\/",
                    "source": "infoclimat.fr"
                },
                "country": "FR",
                "departement": "19",
                "last_activity": "2026-06-25T13:30:00Z"
            }
        },
        {
            "type": "Feature",
            "geometry": {
                "type": "Point",
                "coordinates": [
                    4.089074,
                    44.629074
                ]
            },
            "properties": {
                "id": "000FR",
                "name": "Borne - La Croix de Bauzon",
                "elevation": 1370,
                "license": {
                    "code": 2,
                    "license": "NON-COMMERCIAL ONLY: CC BY NC",
                    "url": "https:\/\/creativecommons.org\/licenses\/by-nc\/2.0\/fr\/",
                    "source": "infoclimat.fr"
                },
                "country": "FR",
                "departement": "07",
                "last_activity": "2026-06-25T13:30:00Z"
            }
        },
        {
            "type": "Feature",
            "geometry": {
                "type": "Point",
                "coordinates": [
                    2.56667,
                    45.98333
                ]
            },
            "properties": {
                "id": "000FS",
                "name": "Dontreix",
                "elevation": 717,
                "license": {
                    "code": 2,
                    "license": "NON-COMMERCIAL ONLY: CC BY NC",
                    "url": "https:\/\/creativecommons.org\/licenses\/by-nc\/2.0\/fr\/",
                    "source": "infoclimat.fr"
                },
                "country": "FR",
                "departement": "23",
                "last_activity": "2026-06-25T13:30:00Z"
            }
        },
        {
            "type": "Feature",
            "geometry": {
                "type": "Point",
                "coordinates": [
                    4.64499,
                    46.03185
                ]
            },
            "properties": {
                "id": "000FT",
                "name": "Blac\u00e9",
                "elevation": 460,
                "license": {
                    "code": 1,
                    "license": "CC BY",
                    "url": "https:\/\/creativecommons.org\/licenses\/by\/2.0\/fr\/",
                    "source": "infoclimat.fr"
                },
                "country": "FR",
                "departement": "69",
                "last_activity": "2026-06-25T13:30:00Z"
            }
        },
        {
            "type": "Feature",
            "geometry": {
                "type": "Point",
                "coordinates": [
                    4.76574,
                    44.34909
                ]
            },
            "properties": {
                "id": "000FU",
                "name": "Saint-Paul-Trois-Ch\u00e2teaux",
                "elevation": 107,
                "license": {
                    "code": 2,
                    "license": "NON-COMMERCIAL ONLY: CC BY NC",
                    "url": "https:\/\/creativecommons.org\/licenses\/by-nc\/2.0\/fr\/",
                    "source": "infoclimat.fr"
                },
                "country": "FR",
                "departement": "26",
                "last_activity": "2026-06-25T13:30:00Z"
            }
        },
        {
            "type": "Feature",
            "geometry": {
                "type": "Point",
                "coordinates": [
                    1.93325,
                    42.90228
                ]
            },
            "properties": {
                "id": "000FV",
                "name": "B\u00e9lesta",
                "elevation": 485,
                "license": {
                    "code": 1,
                    "license": "CC BY",
                    "url": "https:\/\/creativecommons.org\/licenses\/by\/2.0\/fr\/",
                    "source": "infoclimat.fr"
                },
                "country": "FR",
                "departement": "09",
                "last_activity": "2026-06-25T13:30:00Z"
            }
        },
        {
            "type": "Feature",
            "geometry": {
                "type": "Point",
                "coordinates": [
                    7.18991,
                    48.78583
                ]
            },
            "properties": {
                "id": "000GB",
                "name": "Wintersbourg",
                "elevation": 320,
                "license": {
                    "code": 2,
                    "license": "NON-COMMERCIAL ONLY: CC BY NC",
                    "url": "https:\/\/creativecommons.org\/licenses\/by-nc\/2.0\/fr\/",
                    "source": "infoclimat.fr"
                },
                "country": "FR",
                "departement": "57",
                "last_activity": "2026-06-25T13:30:00Z"
            }
        },
        {
            "type": "Feature",
            "geometry": {
                "type": "Point",
                "coordinates": [
                    3.19759,
                    45.25551
                ]
            },
            "properties": {
                "id": "000FW",
                "name": "Massiac",
                "elevation": 545,
                "license": {
                    "code": 1,
                    "license": "CC BY",
                    "url": "https:\/\/creativecommons.org\/licenses\/by\/2.0\/fr\/",
                    "source": "infoclimat.fr"
                },
                "country": "FR",
                "departement": "15",
                "last_activity": "2026-06-25T13:30:00Z"
            }
        },
        {
            "type": "Feature",
            "geometry": {
                "type": "Point",
                "coordinates": [
                    5.3368,
                    46.04789
                ]
            },
            "properties": {
                "id": "000FX",
                "name": "Pont-d'Ain",
                "elevation": 236,
                "license": {
                    "code": 2,
                    "license": "NON-COMMERCIAL ONLY: CC BY NC",
                    "url": "https:\/\/creativecommons.org\/licenses\/by-nc\/2.0\/fr\/",
                    "source": "infoclimat.fr"
                },
                "country": "FR",
                "departement": "01",
                "last_activity": "2026-06-25T13:20:00Z"
            }
        },
        {
            "type": "Feature",
            "geometry": {
                "type": "Point",
                "coordinates": [
                    -0.448271,
                    46.443049
                ]
            },
            "properties": {
                "id": "000FY",
                "name": "Sainte-Ouenne",
                "elevation": 76,
                "license": {
                    "code": 1,
                    "license": "CC BY",
                    "url": "https:\/\/creativecommons.org\/licenses\/by\/2.0\/fr\/",
                    "source": "infoclimat.fr"
                },
                "country": "FR",
                "departement": "79",
                "last_activity": "2026-06-25T13:30:00Z"
            }
        },
        {
            "type": "Feature",
            "geometry": {
                "type": "Point",
                "coordinates": [
                    1.87466,
                    46.17823
                ]
            },
            "properties": {
                "id": "000FZ",
                "name": "Gu\u00e9ret",
                "elevation": 422,
                "license": {
                    "code": 2,
                    "license": "NON-COMMERCIAL ONLY: CC BY NC",
                    "url": "https:\/\/creativecommons.org\/licenses\/by-nc\/2.0\/fr\/",
                    "source": "infoclimat.fr"
                },
                "country": "FR",
                "departement": "23",
                "last_activity": "2023-02-05T15:00:00Z"
            }
        },
        {
            "type": "Feature",
            "geometry": {
                "type": "Point",
                "coordinates": [
                    4.67694,
                    45.236162
                ]
            },
            "properties": {
                "id": "000GC",
                "name": "Annonay",
                "elevation": 310,
                "license": {
                    "code": 1,
                    "license": "CC BY",
                    "url": "https:\/\/creativecommons.org\/licenses\/by\/2.0\/fr\/",
                    "source": "infoclimat.fr"
                },
                "country": "FR",
                "departement": "07",
                "last_activity": "2019-11-12T16:40:00Z"
            }
        },
        {
            "type": "Feature",
            "geometry": {
                "type": "Point",
                "coordinates": [
                    4.59045,
                    45.70729
                ]
            },
            "properties": {
                "id": "000GM",
                "name": "Yzeron",
                "elevation": 723,
                "license": {
                    "code": 1,
                    "license": "CC BY",
                    "url": "https:\/\/creativecommons.org\/licenses\/by\/2.0\/fr\/",
                    "source": "infoclimat.fr"
                },
                "country": "FR",
                "departement": "69",
                "last_activity": "2026-06-25T13:30:00Z"
            }
        },
        {
            "type": "Feature",
            "geometry": {
                "type": "Point",
                "coordinates": [
                    8.251251,
                    44.133031
                ]
            },
            "properties": {
                "id": "000GD",
                "name": "Loano (SV)",
                "elevation": 30,
                "license": {
                    "code": 1,
                    "license": "CC BY",
                    "url": "https:\/\/creativecommons.org\/licenses\/by\/2.0\/fr\/",
                    "source": "infoclimat.fr"
                },
                "country": "IT",
                "departement": "IT",
                "last_activity": "2026-06-25T13:20:00Z"
            }
        },
        {
            "type": "Feature",
            "geometry": {
                "type": "Point",
                "coordinates": [
                    2.22,
                    43.66
                ]
            },
            "properties": {
                "id": "000GF",
                "name": "Castres",
                "elevation": 276,
                "license": {
                    "code": 1,
                    "license": "CC BY",
                    "url": "https:\/\/creativecommons.org\/licenses\/by\/2.0\/fr\/",
                    "source": "infoclimat.fr"
                },
                "country": "FR",
                "departement": "81",
                "last_activity": "2026-06-25T13:30:00Z"
            }
        },
        {
            "type": "Feature",
            "geometry": {
                "type": "Point",
                "coordinates": [
                    7.14797,
                    43.99593
                ]
            },
            "properties": {
                "id": "000GG",
                "name": "Clans",
                "elevation": 665,
                "license": {
                    "code": 1,
                    "license": "CC BY",
                    "url": "https:\/\/creativecommons.org\/licenses\/by\/2.0\/fr\/",
                    "source": "infoclimat.fr"
                },
                "country": "FR",
                "departement": "06",
                "last_activity": "2024-04-07T14:10:00Z"
            }
        },
        {
            "type": "Feature",
            "geometry": {
                "type": "Point",
                "coordinates": [
                    7.09854,
                    44.02943
                ]
            },
            "properties": {
                "id": "000GH",
                "name": "Ilonse",
                "elevation": 1000,
                "license": {
                    "code": 1,
                    "license": "CC BY",
                    "url": "https:\/\/creativecommons.org\/licenses\/by\/2.0\/fr\/",
                    "source": "infoclimat.fr"
                },
                "country": "FR",
                "departement": "06",
                "last_activity": "2023-07-26T02:40:00Z"
            }
        },
        {
            "type": "Feature",
            "geometry": {
                "type": "Point",
                "coordinates": [
                    -1.8,
                    48.3
                ]
            },
            "properties": {
                "id": "000GI",
                "name": "H\u00e9d\u00e9-Bazouges ",
                "elevation": 70,
                "license": {
                    "code": 1,
                    "license": "CC BY",
                    "url": "https:\/\/creativecommons.org\/licenses\/by\/2.0\/fr\/",
                    "source": "infoclimat.fr"
                },
                "country": "FR",
                "departement": "35",
                "last_activity": "2026-06-25T13:30:00Z"
            }
        },
        {
            "type": "Feature",
            "geometry": {
                "type": "Point",
                "coordinates": [
                    -0.1,
                    42.98333
                ]
            },
            "properties": {
                "id": "000GJ",
                "name": "Arcizans-Avant",
                "elevation": 645,
                "license": {
                    "code": 2,
                    "license": "NON-COMMERCIAL ONLY: CC BY NC",
                    "url": "https:\/\/creativecommons.org\/licenses\/by-nc\/2.0\/fr\/",
                    "source": "infoclimat.fr"
                },
                "country": "FR",
                "departement": "65",
                "last_activity": "2021-08-09T21:00:00Z"
            }
        },
        {
            "type": "Feature",
            "geometry": {
                "type": "Point",
                "coordinates": [
                    3.918016,
                    44.081944
                ]
            },
            "properties": {
                "id": "000GK",
                "name": "Thoiras",
                "elevation": 200,
                "license": {
                    "code": 2,
                    "license": "NON-COMMERCIAL ONLY: CC BY NC",
                    "url": "https:\/\/creativecommons.org\/licenses\/by-nc\/2.0\/fr\/",
                    "source": "infoclimat.fr"
                },
                "country": "FR",
                "departement": "30",
                "last_activity": "2026-06-25T13:30:00Z"
            }
        },
        {
            "type": "Feature",
            "geometry": {
                "type": "Point",
                "coordinates": [
                    -1.124326,
                    46.12
                ]
            },
            "properties": {
                "id": "000GL",
                "name": "Aytr\u00e9-Plage",
                "elevation": 2,
                "license": {
                    "code": 2,
                    "license": "NON-COMMERCIAL ONLY: CC BY NC",
                    "url": "https:\/\/creativecommons.org\/licenses\/by-nc\/2.0\/fr\/",
                    "source": "infoclimat.fr"
                },
                "country": "FR",
                "departement": "17",
                "last_activity": "2023-09-20T13:10:00Z"
            }
        },
        {
            "type": "Feature",
            "geometry": {
                "type": "Point",
                "coordinates": [
                    6.99949,
                    48.39509
                ]
            },
            "properties": {
                "id": "000GN",
                "name": "Vieux-Moulin",
                "elevation": 404,
                "license": {
                    "code": 2,
                    "license": "NON-COMMERCIAL ONLY: CC BY NC",
                    "url": "https:\/\/creativecommons.org\/licenses\/by-nc\/2.0\/fr\/",
                    "source": "infoclimat.fr"
                },
                "country": "FR",
                "departement": "88",
                "last_activity": "2026-06-25T13:30:00Z"
            }
        },
        {
            "type": "Feature",
            "geometry": {
                "type": "Point",
                "coordinates": [
                    0.18341,
                    46.78743
                ]
            },
            "properties": {
                "id": "000GO",
                "name": "Mirebeau",
                "elevation": 150,
                "license": {
                    "code": 2,
                    "license": "NON-COMMERCIAL ONLY: CC BY NC",
                    "url": "https:\/\/creativecommons.org\/licenses\/by-nc\/2.0\/fr\/",
                    "source": "infoclimat.fr"
                },
                "country": "FR",
                "departement": "86",
                "last_activity": "2026-06-25T13:20:00Z"
            }
        },
        {
            "type": "Feature",
            "geometry": {
                "type": "Point",
                "coordinates": [
                    3.98574,
                    49.41718
                ]
            },
            "properties": {
                "id": "000HC",
                "name": "Variscourt",
                "elevation": 60,
                "license": {
                    "code": 2,
                    "license": "NON-COMMERCIAL ONLY: CC BY NC",
                    "url": "https:\/\/creativecommons.org\/licenses\/by-nc\/2.0\/fr\/",
                    "source": "infoclimat.fr"
                },
                "country": "FR",
                "departement": "02",
                "last_activity": "2026-06-25T13:30:00Z"
            }
        },
        {
            "type": "Feature",
            "geometry": {
                "type": "Point",
                "coordinates": [
                    -0.76872,
                    48.02452
                ]
            },
            "properties": {
                "id": "000GP",
                "name": "L'Huisserie",
                "elevation": 100,
                "license": {
                    "code": 2,
                    "license": "NON-COMMERCIAL ONLY: CC BY NC",
                    "url": "https:\/\/creativecommons.org\/licenses\/by-nc\/2.0\/fr\/",
                    "source": "infoclimat.fr"
                },
                "country": "FR",
                "departement": "53",
                "last_activity": "2026-06-25T13:20:00Z"
            }
        },
        {
            "type": "Feature",
            "geometry": {
                "type": "Point",
                "coordinates": [
                    4.74391,
                    45.33691
                ]
            },
            "properties": {
                "id": "000GQ",
                "name": "Charnas",
                "elevation": 300,
                "license": {
                    "code": 2,
                    "license": "NON-COMMERCIAL ONLY: CC BY NC",
                    "url": "https:\/\/creativecommons.org\/licenses\/by-nc\/2.0\/fr\/",
                    "source": "infoclimat.fr"
                },
                "country": "FR",
                "departement": "07",
                "last_activity": "2026-06-25T13:20:00Z"
            }
        },
        {
            "type": "Feature",
            "geometry": {
                "type": "Point",
                "coordinates": [
                    7.54297,
                    48.33737
                ]
            },
            "properties": {
                "id": "000GR",
                "name": "Kogenheim",
                "elevation": 162,
                "license": {
                    "code": 2,
                    "license": "NON-COMMERCIAL ONLY: CC BY NC",
                    "url": "https:\/\/creativecommons.org\/licenses\/by-nc\/2.0\/fr\/",
                    "source": "infoclimat.fr"
                },
                "country": "FR",
                "departement": "67",
                "last_activity": "2026-06-25T13:30:00Z"
            }
        },
        {
            "type": "Feature",
            "geometry": {
                "type": "Point",
                "coordinates": [
                    5.6001955,
                    45.0949758
                ]
            },
            "properties": {
                "id": "000GS",
                "name": "Lans-en-Vercors - Les Alli\u00e8res",
                "elevation": 1449,
                "license": {
                    "code": 2,
                    "license": "NON-COMMERCIAL ONLY: CC BY NC",
                    "url": "https:\/\/creativecommons.org\/licenses\/by-nc\/2.0\/fr\/",
                    "source": "infoclimat.fr"
                },
                "country": "FR",
                "departement": "38",
                "last_activity": "2026-06-25T13:30:00Z"
            }
        },
        {
            "type": "Feature",
            "geometry": {
                "type": "Point",
                "coordinates": [
                    -0.4841,
                    44.81724
                ]
            },
            "properties": {
                "id": "000GT",
                "name": "Bouliac",
                "elevation": 80,
                "license": {
                    "code": 2,
                    "license": "NON-COMMERCIAL ONLY: CC BY NC",
                    "url": "https:\/\/creativecommons.org\/licenses\/by-nc\/2.0\/fr\/",
                    "source": "infoclimat.fr"
                },
                "country": "FR",
                "departement": "33",
                "last_activity": "2026-06-25T13:30:00Z"
            }
        },
        {
            "type": "Feature",
            "geometry": {
                "type": "Point",
                "coordinates": [
                    -2.06667,
                    48.53333
                ]
            },
            "properties": {
                "id": "000GU",
                "name": "Pleslin-Trigavou",
                "elevation": 62,
                "license": {
                    "code": 1,
                    "license": "CC BY",
                    "url": "https:\/\/creativecommons.org\/licenses\/by\/2.0\/fr\/",
                    "source": "infoclimat.fr"
                },
                "country": "FR",
                "departement": "22",
                "last_activity": "2026-06-25T13:20:00Z"
            }
        },
        {
            "type": "Feature",
            "geometry": {
                "type": "Point",
                "coordinates": [
                    -4.02223,
                    47.99562
                ]
            },
            "properties": {
                "id": "000GV",
                "name": "Ergu\u00e9-Gab\u00e9ric",
                "elevation": 128,
                "license": {
                    "code": 1,
                    "license": "CC BY",
                    "url": "https:\/\/creativecommons.org\/licenses\/by\/2.0\/fr\/",
                    "source": "infoclimat.fr"
                },
                "country": "FR",
                "departement": "29",
                "last_activity": "2026-05-07T11:00:00Z"
            }
        },
        {
            "type": "Feature",
            "geometry": {
                "type": "Point",
                "coordinates": [
                    -2.98289,
                    48.12836
                ]
            },
            "properties": {
                "id": "000GX",
                "name": "Neulliac",
                "elevation": 78,
                "license": {
                    "code": 1,
                    "license": "CC BY",
                    "url": "https:\/\/creativecommons.org\/licenses\/by\/2.0\/fr\/",
                    "source": "infoclimat.fr"
                },
                "country": "FR",
                "departement": "56",
                "last_activity": "2026-06-25T13:00:00Z"
            }
        },
        {
            "type": "Feature",
            "geometry": {
                "type": "Point",
                "coordinates": [
                    -2.07847,
                    48.39289
                ]
            },
            "properties": {
                "id": "000GY",
                "name": "Le Hingl\u00e9",
                "elevation": 72,
                "license": {
                    "code": 1,
                    "license": "CC BY",
                    "url": "https:\/\/creativecommons.org\/licenses\/by\/2.0\/fr\/",
                    "source": "infoclimat.fr"
                },
                "country": "FR",
                "departement": "22",
                "last_activity": "2026-06-25T13:30:00Z"
            }
        },
        {
            "type": "Feature",
            "geometry": {
                "type": "Point",
                "coordinates": [
                    -3.63056,
                    48.65844
                ]
            },
            "properties": {
                "id": "000GZ",
                "name": "Plestin-les-Gr\u00e8ves",
                "elevation": 45,
                "license": {
                    "code": 1,
                    "license": "CC BY",
                    "url": "https:\/\/creativecommons.org\/licenses\/by\/2.0\/fr\/",
                    "source": "infoclimat.fr"
                },
                "country": "FR",
                "departement": "22",
                "last_activity": "2026-06-25T13:30:00Z"
            }
        },
        {
            "type": "Feature",
            "geometry": {
                "type": "Point",
                "coordinates": [
                    -0.08333,
                    45.53333
                ]
            },
            "properties": {
                "id": "000HB",
                "name": "Nonaville",
                "elevation": 68,
                "license": {
                    "code": 2,
                    "license": "NON-COMMERCIAL ONLY: CC BY NC",
                    "url": "https:\/\/creativecommons.org\/licenses\/by-nc\/2.0\/fr\/",
                    "source": "infoclimat.fr"
                },
                "country": "FR",
                "departement": "16",
                "last_activity": "2026-06-25T13:30:00Z"
            }
        },
        {
            "type": "Feature",
            "geometry": {
                "type": "Point",
                "coordinates": [
                    7.241889,
                    43.721694
                ]
            },
            "properties": {
                "id": "000HD",
                "name": "Nice - Pessicart",
                "elevation": 190,
                "license": {
                    "code": 1,
                    "license": "CC BY",
                    "url": "https:\/\/creativecommons.org\/licenses\/by\/2.0\/fr\/",
                    "source": "infoclimat.fr"
                },
                "country": "FR",
                "departement": "06",
                "last_activity": "2025-08-25T06:30:00Z"
            }
        },
        {
            "type": "Feature",
            "geometry": {
                "type": "Point",
                "coordinates": [
                    1.492788,
                    43.58592
                ]
            },
            "properties": {
                "id": "000HF",
                "name": "Toulouse - Cit\u00e9 de l'Espace",
                "elevation": 140,
                "license": {
                    "code": 1,
                    "license": "CC BY",
                    "url": "https:\/\/creativecommons.org\/licenses\/by\/2.0\/fr\/",
                    "source": "infoclimat.fr"
                },
                "country": "FR",
                "departement": "31",
                "last_activity": "2026-06-25T13:30:00Z"
            }
        },
        {
            "type": "Feature",
            "geometry": {
                "type": "Point",
                "coordinates": [
                    3.96986,
                    45.03871
                ]
            },
            "properties": {
                "id": "000HH",
                "name": "Saint-Germain-Laprade",
                "elevation": 680,
                "license": {
                    "code": 1,
                    "license": "CC BY",
                    "url": "https:\/\/creativecommons.org\/licenses\/by\/2.0\/fr\/",
                    "source": "infoclimat.fr"
                },
                "country": "FR",
                "departement": "43",
                "last_activity": "2024-04-22T06:50:00Z"
            }
        },
        {
            "type": "Feature",
            "geometry": {
                "type": "Point",
                "coordinates": [
                    -0.80369,
                    46.71964
                ]
            },
            "properties": {
                "id": "000HJ",
                "name": "R\u00e9aumur",
                "elevation": 155,
                "license": {
                    "code": 2,
                    "license": "NON-COMMERCIAL ONLY: CC BY NC",
                    "url": "https:\/\/creativecommons.org\/licenses\/by-nc\/2.0\/fr\/",
                    "source": "infoclimat.fr"
                },
                "country": "FR",
                "departement": "85",
                "last_activity": "2021-06-20T20:50:00Z"
            }
        },
        {
            "type": "Feature",
            "geometry": {
                "type": "Point",
                "coordinates": [
                    7.090734,
                    43.719735
                ]
            },
            "properties": {
                "id": "000HL",
                "name": "Vence",
                "elevation": 322,
                "license": {
                    "code": 1,
                    "license": "CC BY",
                    "url": "https:\/\/creativecommons.org\/licenses\/by\/2.0\/fr\/",
                    "source": "infoclimat.fr"
                },
                "country": "FR",
                "departement": "06",
                "last_activity": "2026-06-25T13:20:00Z"
            }
        },
        {
            "type": "Feature",
            "geometry": {
                "type": "Point",
                "coordinates": [
                    4.11667,
                    45.13333
                ]
            },
            "properties": {
                "id": "000HM",
                "name": "Yssingeaux",
                "elevation": 830,
                "license": {
                    "code": 1,
                    "license": "CC BY",
                    "url": "https:\/\/creativecommons.org\/licenses\/by\/2.0\/fr\/",
                    "source": "infoclimat.fr"
                },
                "country": "FR",
                "departement": "43",
                "last_activity": "2020-06-08T12:10:00Z"
            }
        },
        {
            "type": "Feature",
            "geometry": {
                "type": "Point",
                "coordinates": [
                    8.998471,
                    46.264288
                ]
            },
            "properties": {
                "id": "000HN",
                "name": "Preonzo",
                "elevation": 254,
                "license": {
                    "code": 1,
                    "license": "CC BY",
                    "url": "https:\/\/creativecommons.org\/licenses\/by\/2.0\/fr\/",
                    "source": "infoclimat.fr"
                },
                "country": "CH",
                "departement": "CH",
                "last_activity": "2026-06-25T13:30:00Z"
            }
        },
        {
            "type": "Feature",
            "geometry": {
                "type": "Point",
                "coordinates": [
                    -0.23333,
                    49.01667
                ]
            },
            "properties": {
                "id": "000HO",
                "name": "Estr\u00e9es-la-Campagne",
                "elevation": 99,
                "license": {
                    "code": 2,
                    "license": "NON-COMMERCIAL ONLY: CC BY NC",
                    "url": "https:\/\/creativecommons.org\/licenses\/by-nc\/2.0\/fr\/",
                    "source": "infoclimat.fr"
                },
                "country": "FR",
                "departement": "14",
                "last_activity": "2026-06-25T13:20:00Z"
            }
        },
        {
            "type": "Feature",
            "geometry": {
                "type": "Point",
                "coordinates": [
                    5.6333333,
                    50.5333333
                ]
            },
            "properties": {
                "id": "000HS",
                "name": "Dolembreux",
                "elevation": 242,
                "license": {
                    "code": 2,
                    "license": "NON-COMMERCIAL ONLY: CC BY NC",
                    "url": "https:\/\/creativecommons.org\/licenses\/by-nc\/2.0\/fr\/",
                    "source": "infoclimat.fr"
                },
                "country": "BE",
                "departement": "BE",
                "last_activity": "2026-06-25T13:20:00Z"
            }
        },
        {
            "type": "Feature",
            "geometry": {
                "type": "Point",
                "coordinates": [
                    5.6172,
                    45.17957
                ]
            },
            "properties": {
                "id": "000HT",
                "name": "Engins",
                "elevation": 905,
                "license": {
                    "code": 1,
                    "license": "CC BY",
                    "url": "https:\/\/creativecommons.org\/licenses\/by\/2.0\/fr\/",
                    "source": "infoclimat.fr"
                },
                "country": "FR",
                "departement": "38",
                "last_activity": "2026-06-25T13:20:00Z"
            }
        },
        {
            "type": "Feature",
            "geometry": {
                "type": "Point",
                "coordinates": [
                    -3.31979,
                    48.00622
                ]
            },
            "properties": {
                "id": "000HU",
                "name": "Kernascl\u00e9den",
                "elevation": 108,
                "license": {
                    "code": 1,
                    "license": "CC BY",
                    "url": "https:\/\/creativecommons.org\/licenses\/by\/2.0\/fr\/",
                    "source": "infoclimat.fr"
                },
                "country": "FR",
                "departement": "56",
                "last_activity": "2026-06-25T11:30:00Z"
            }
        },
        {
            "type": "Feature",
            "geometry": {
                "type": "Point",
                "coordinates": [
                    5.528844,
                    45.130646
                ]
            },
            "properties": {
                "id": "000IA",
                "name": "M\u00e9audre",
                "elevation": 976,
                "license": {
                    "code": 1,
                    "license": "CC BY",
                    "url": "https:\/\/creativecommons.org\/licenses\/by\/2.0\/fr\/",
                    "source": "infoclimat.fr"
                },
                "country": "FR",
                "departement": "38",
                "last_activity": "2026-06-25T13:30:00Z"
            }
        },
        {
            "type": "Feature",
            "geometry": {
                "type": "Point",
                "coordinates": [
                    1.42079,
                    50.04606
                ]
            },
            "properties": {
                "id": "000IB",
                "name": "Eu",
                "elevation": 40,
                "license": {
                    "code": 1,
                    "license": "CC BY",
                    "url": "https:\/\/creativecommons.org\/licenses\/by\/2.0\/fr\/",
                    "source": "infoclimat.fr"
                },
                "country": "FR",
                "departement": "76",
                "last_activity": "2021-07-17T13:50:00Z"
            }
        },
        {
            "type": "Feature",
            "geometry": {
                "type": "Point",
                "coordinates": [
                    -0.3517,
                    47.90246
                ]
            },
            "properties": {
                "id": "000IC",
                "name": "Auvers-le-Hamon",
                "elevation": 80,
                "license": {
                    "code": 2,
                    "license": "NON-COMMERCIAL ONLY: CC BY NC",
                    "url": "https:\/\/creativecommons.org\/licenses\/by-nc\/2.0\/fr\/",
                    "source": "infoclimat.fr"
                },
                "country": "FR",
                "departement": "72",
                "last_activity": "2026-06-25T13:00:00Z"
            }
        },
        {
            "type": "Feature",
            "geometry": {
                "type": "Point",
                "coordinates": [
                    1.400928,
                    44.190024
                ]
            },
            "properties": {
                "id": "000ID",
                "name": "Moli\u00e8res",
                "elevation": 200,
                "license": {
                    "code": 2,
                    "license": "NON-COMMERCIAL ONLY: CC BY NC",
                    "url": "https:\/\/creativecommons.org\/licenses\/by-nc\/2.0\/fr\/",
                    "source": "infoclimat.fr"
                },
                "country": "FR",
                "departement": "82",
                "last_activity": "2026-06-25T13:30:00Z"
            }
        },
        {
            "type": "Feature",
            "geometry": {
                "type": "Point",
                "coordinates": [
                    2.01667,
                    46.3
                ]
            },
            "properties": {
                "id": "000IF",
                "name": "Ch\u00e2telus-Malvaleix",
                "elevation": 461,
                "license": {
                    "code": 1,
                    "license": "CC BY",
                    "url": "https:\/\/creativecommons.org\/licenses\/by\/2.0\/fr\/",
                    "source": "infoclimat.fr"
                },
                "country": "FR",
                "departement": "23",
                "last_activity": "2026-06-25T13:20:00Z"
            }
        },
        {
            "type": "Feature",
            "geometry": {
                "type": "Point",
                "coordinates": [
                    0.6718,
                    48.39708
                ]
            },
            "properties": {
                "id": "000IK",
                "name": "Perche en Noc\u00e9 - Courboyer",
                "elevation": 180,
                "license": {
                    "code": 1,
                    "license": "CC BY",
                    "url": "https:\/\/creativecommons.org\/licenses\/by\/2.0\/fr\/",
                    "source": "infoclimat.fr"
                },
                "country": "FR",
                "departement": "61",
                "last_activity": "2026-06-25T13:30:00Z"
            }
        },
        {
            "type": "Feature",
            "geometry": {
                "type": "Point",
                "coordinates": [
                    4.8267,
                    47.3261
                ]
            },
            "properties": {
                "id": "000LM",
                "name": "Ancey",
                "elevation": 380,
                "license": {
                    "code": 2,
                    "license": "NON-COMMERCIAL ONLY: CC BY NC",
                    "url": "https:\/\/creativecommons.org\/licenses\/by-nc\/2.0\/fr\/",
                    "source": "infoclimat.fr"
                },
                "country": "FR",
                "departement": "21",
                "last_activity": "2026-06-25T13:30:00Z"
            }
        },
        {
            "type": "Feature",
            "geometry": {
                "type": "Point",
                "coordinates": [
                    1.19236,
                    44.74231
                ]
            },
            "properties": {
                "id": "000LO",
                "name": "Daglan",
                "elevation": 104,
                "license": {
                    "code": 2,
                    "license": "NON-COMMERCIAL ONLY: CC BY NC",
                    "url": "https:\/\/creativecommons.org\/licenses\/by-nc\/2.0\/fr\/",
                    "source": "infoclimat.fr"
                },
                "country": "FR",
                "departement": "24",
                "last_activity": "2026-06-25T13:30:00Z"
            }
        },
        {
            "type": "Feature",
            "geometry": {
                "type": "Point",
                "coordinates": [
                    -0.83357,
                    47.60119
                ]
            },
            "properties": {
                "id": "000LP",
                "name": "Vern-d'Anjou",
                "elevation": 43,
                "license": {
                    "code": 1,
                    "license": "CC BY",
                    "url": "https:\/\/creativecommons.org\/licenses\/by\/2.0\/fr\/",
                    "source": "infoclimat.fr"
                },
                "country": "FR",
                "departement": "49",
                "last_activity": "2026-06-25T13:30:00Z"
            }
        },
        {
            "type": "Feature",
            "geometry": {
                "type": "Point",
                "coordinates": [
                    5.46942,
                    45.34229
                ]
            },
            "properties": {
                "id": "000LQ",
                "name": "Beaucroissant",
                "elevation": 425,
                "license": {
                    "code": 1,
                    "license": "CC BY",
                    "url": "https:\/\/creativecommons.org\/licenses\/by\/2.0\/fr\/",
                    "source": "infoclimat.fr"
                },
                "country": "FR",
                "departement": "38",
                "last_activity": "2022-04-21T07:30:00Z"
            }
        },
        {
            "type": "Feature",
            "geometry": {
                "type": "Point",
                "coordinates": [
                    1.4614,
                    44.70584
                ]
            },
            "properties": {
                "id": "000LR",
                "name": "Saint-Cirq-Souillaguet",
                "elevation": 330,
                "license": {
                    "code": 2,
                    "license": "NON-COMMERCIAL ONLY: CC BY NC",
                    "url": "https:\/\/creativecommons.org\/licenses\/by-nc\/2.0\/fr\/",
                    "source": "infoclimat.fr"
                },
                "country": "FR",
                "departement": "46",
                "last_activity": "2020-09-03T16:30:00Z"
            }
        },
        {
            "type": "Feature",
            "geometry": {
                "type": "Point",
                "coordinates": [
                    7.37732,
                    48.75511
                ]
            },
            "properties": {
                "id": "000LS",
                "name": "Monswiller",
                "elevation": 177,
                "license": {
                    "code": 2,
                    "license": "NON-COMMERCIAL ONLY: CC BY NC",
                    "url": "https:\/\/creativecommons.org\/licenses\/by-nc\/2.0\/fr\/",
                    "source": "infoclimat.fr"
                },
                "country": "FR",
                "departement": "67",
                "last_activity": "2026-06-25T13:30:00Z"
            }
        },
        {
            "type": "Feature",
            "geometry": {
                "type": "Point",
                "coordinates": [
                    11.14164,
                    44.39014
                ]
            },
            "properties": {
                "id": "000LT",
                "name": "Monte San Pietro - Borgo di l\u00e0",
                "elevation": 375,
                "license": {
                    "code": 1,
                    "license": "CC BY",
                    "url": "https:\/\/creativecommons.org\/licenses\/by\/2.0\/fr\/",
                    "source": "infoclimat.fr"
                },
                "country": "IT",
                "departement": "IT",
                "last_activity": "2026-06-25T01:30:00Z"
            }
        },
        {
            "type": "Feature",
            "geometry": {
                "type": "Point",
                "coordinates": [
                    -0.53833,
                    46.25276
                ]
            },
            "properties": {
                "id": "000LU",
                "name": "Frontenay-Rohan-Rohan",
                "elevation": 30,
                "license": {
                    "code": 1,
                    "license": "CC BY",
                    "url": "https:\/\/creativecommons.org\/licenses\/by\/2.0\/fr\/",
                    "source": "infoclimat.fr"
                },
                "country": "FR",
                "departement": "79",
                "last_activity": "2026-06-25T13:30:00Z"
            }
        },
        {
            "type": "Feature",
            "geometry": {
                "type": "Point",
                "coordinates": [
                    -1.37867,
                    46.03496
                ]
            },
            "properties": {
                "id": "000LV",
                "name": "Saint-Denis-d'Ol\u00e9ron",
                "elevation": 10,
                "license": {
                    "code": 1,
                    "license": "CC BY",
                    "url": "https:\/\/creativecommons.org\/licenses\/by\/2.0\/fr\/",
                    "source": "infoclimat.fr"
                },
                "country": "FR",
                "departement": "17",
                "last_activity": "2018-06-03T06:40:00Z"
            }
        },
        {
            "type": "Feature",
            "geometry": {
                "type": "Point",
                "coordinates": [
                    0.21145,
                    46.91912
                ]
            },
            "properties": {
                "id": "000LY",
                "name": "Monts-sur-Guesnes",
                "elevation": 140,
                "license": {
                    "code": 2,
                    "license": "NON-COMMERCIAL ONLY: CC BY NC",
                    "url": "https:\/\/creativecommons.org\/licenses\/by-nc\/2.0\/fr\/",
                    "source": "infoclimat.fr"
                },
                "country": "FR",
                "departement": "86",
                "last_activity": "2026-06-25T13:30:00Z"
            }
        },
        {
            "type": "Feature",
            "geometry": {
                "type": "Point",
                "coordinates": [
                    1.27809,
                    43.42238
                ]
            },
            "properties": {
                "id": "000LZ",
                "name": "Saint-Hilaire",
                "elevation": 195,
                "license": {
                    "code": 1,
                    "license": "CC BY",
                    "url": "https:\/\/creativecommons.org\/licenses\/by\/2.0\/fr\/",
                    "source": "infoclimat.fr"
                },
                "country": "FR",
                "departement": "31",
                "last_activity": "2026-06-25T13:30:00Z"
            }
        },
        {
            "type": "Feature",
            "geometry": {
                "type": "Point",
                "coordinates": [
                    5.26216,
                    44.183436
                ]
            },
            "properties": {
                "id": "000MA",
                "name": "Beaumont-du-Ventoux - Mont Serein",
                "elevation": 1386,
                "license": {
                    "code": 2,
                    "license": "NON-COMMERCIAL ONLY: CC BY NC",
                    "url": "https:\/\/creativecommons.org\/licenses\/by-nc\/2.0\/fr\/",
                    "source": "infoclimat.fr"
                },
                "country": "FR",
                "departement": "84",
                "last_activity": "2023-12-22T09:00:00Z"
            }
        },
        {
            "type": "Feature",
            "geometry": {
                "type": "Point",
                "coordinates": [
                    1.50525,
                    47.54007
                ]
            },
            "properties": {
                "id": "000MB",
                "name": "Tour-en-Sologne",
                "elevation": 82,
                "license": {
                    "code": 1,
                    "license": "CC BY",
                    "url": "https:\/\/creativecommons.org\/licenses\/by\/2.0\/fr\/",
                    "source": "infoclimat.fr"
                },
                "country": "FR",
                "departement": "41",
                "last_activity": "2026-06-25T13:30:00Z"
            }
        },
        {
            "type": "Feature",
            "geometry": {
                "type": "Point",
                "coordinates": [
                    7.38652,
                    49.00832
                ]
            },
            "properties": {
                "id": "000MD",
                "name": "Lemberg",
                "elevation": 420,
                "license": {
                    "code": 2,
                    "license": "NON-COMMERCIAL ONLY: CC BY NC",
                    "url": "https:\/\/creativecommons.org\/licenses\/by-nc\/2.0\/fr\/",
                    "source": "infoclimat.fr"
                },
                "country": "FR",
                "departement": "57",
                "last_activity": "2026-06-25T13:30:00Z"
            }
        },
        {
            "type": "Feature",
            "geometry": {
                "type": "Point",
                "coordinates": [
                    0.41513,
                    44.13351
                ]
            },
            "properties": {
                "id": "000MF",
                "name": "Calignac",
                "elevation": 135,
                "license": {
                    "code": 1,
                    "license": "CC BY",
                    "url": "https:\/\/creativecommons.org\/licenses\/by\/2.0\/fr\/",
                    "source": "infoclimat.fr"
                },
                "country": "FR",
                "departement": "47",
                "last_activity": "2026-06-25T13:30:00Z"
            }
        },
        {
            "type": "Feature",
            "geometry": {
                "type": "Point",
                "coordinates": [
                    1.28275,
                    47.98225
                ]
            },
            "properties": {
                "id": "000MG",
                "name": "Romilly-sur-Aigre",
                "elevation": 101,
                "license": {
                    "code": 2,
                    "license": "NON-COMMERCIAL ONLY: CC BY NC",
                    "url": "https:\/\/creativecommons.org\/licenses\/by-nc\/2.0\/fr\/",
                    "source": "infoclimat.fr"
                },
                "country": "FR",
                "departement": "28",
                "last_activity": "2026-06-25T13:20:00Z"
            }
        },
        {
            "type": "Feature",
            "geometry": {
                "type": "Point",
                "coordinates": [
                    2.271654,
                    49.873748
                ]
            },
            "properties": {
                "id": "000MT",
                "name": "Amiens - Dury",
                "elevation": 80,
                "license": {
                    "code": 1,
                    "license": "CC BY",
                    "url": "https:\/\/creativecommons.org\/licenses\/by\/2.0\/fr\/",
                    "source": "infoclimat.fr"
                },
                "country": "FR",
                "departement": "80",
                "last_activity": "2026-06-25T13:30:00Z"
            }
        },
        {
            "type": "Feature",
            "geometry": {
                "type": "Point",
                "coordinates": [
                    2.55537,
                    48.69656
                ]
            },
            "properties": {
                "id": "000MI",
                "name": "P\u00e9rigny",
                "elevation": 93,
                "license": {
                    "code": 2,
                    "license": "NON-COMMERCIAL ONLY: CC BY NC",
                    "url": "https:\/\/creativecommons.org\/licenses\/by-nc\/2.0\/fr\/",
                    "source": "infoclimat.fr"
                },
                "country": "FR",
                "departement": "94",
                "last_activity": "2026-06-25T13:30:00Z"
            }
        },
        {
            "type": "Feature",
            "geometry": {
                "type": "Point",
                "coordinates": [
                    0.5874,
                    49.46078
                ]
            },
            "properties": {
                "id": "000MJ",
                "name": "Petiville",
                "elevation": 15,
                "license": {
                    "code": 1,
                    "license": "CC BY",
                    "url": "https:\/\/creativecommons.org\/licenses\/by\/2.0\/fr\/",
                    "source": "infoclimat.fr"
                },
                "country": "FR",
                "departement": "76",
                "last_activity": "2026-06-25T13:30:00Z"
            }
        },
        {
            "type": "Feature",
            "geometry": {
                "type": "Point",
                "coordinates": [
                    -0.26667,
                    43.18333
                ]
            },
            "properties": {
                "id": "000MK",
                "name": "Nay",
                "elevation": 304,
                "license": {
                    "code": 2,
                    "license": "NON-COMMERCIAL ONLY: CC BY NC",
                    "url": "https:\/\/creativecommons.org\/licenses\/by-nc\/2.0\/fr\/",
                    "source": "infoclimat.fr"
                },
                "country": "FR",
                "departement": "64",
                "last_activity": "2026-06-25T13:30:00Z"
            }
        },
        {
            "type": "Feature",
            "geometry": {
                "type": "Point",
                "coordinates": [
                    -0.204,
                    45.714
                ]
            },
            "properties": {
                "id": "000ML",
                "name": "Chassors",
                "elevation": 31,
                "license": {
                    "code": 1,
                    "license": "CC BY",
                    "url": "https:\/\/creativecommons.org\/licenses\/by\/2.0\/fr\/",
                    "source": "infoclimat.fr"
                },
                "country": "FR",
                "departement": "16",
                "last_activity": "2026-06-25T13:30:00Z"
            }
        },
        {
            "type": "Feature",
            "geometry": {
                "type": "Point",
                "coordinates": [
                    3.101,
                    43.10563
                ]
            },
            "properties": {
                "id": "000MN",
                "name": "Gruissan",
                "elevation": 8,
                "license": {
                    "code": 1,
                    "license": "CC BY",
                    "url": "https:\/\/creativecommons.org\/licenses\/by\/2.0\/fr\/",
                    "source": "infoclimat.fr"
                },
                "country": "FR",
                "departement": "11",
                "last_activity": "2026-06-25T13:30:00Z"
            }
        },
        {
            "type": "Feature",
            "geometry": {
                "type": "Point",
                "coordinates": [
                    7.260573,
                    48.407637
                ]
            },
            "properties": {
                "id": "000MO",
                "name": "Belmont - Champ du Feu",
                "elevation": 1002,
                "license": {
                    "code": 1,
                    "license": "CC BY",
                    "url": "https:\/\/creativecommons.org\/licenses\/by\/2.0\/fr\/",
                    "source": "infoclimat.fr"
                },
                "country": "FR",
                "departement": "67",
                "last_activity": "2026-06-25T13:30:00Z"
            }
        },
        {
            "type": "Feature",
            "geometry": {
                "type": "Point",
                "coordinates": [
                    2.258920097,
                    50.74811047
                ]
            },
            "properties": {
                "id": "ME014",
                "name": "[MAE] Lyc\u00e9e Alexandre Ribot - SAINT OMER",
                "elevation": 20,
                "license": {
                    "code": 1,
                    "license": "CC BY",
                    "url": "https:\/\/creativecommons.org\/licenses\/by\/2.0\/fr\/",
                    "source": "infoclimat.fr"
                },
                "country": "FR",
                "departement": "62",
                "last_activity": "2026-06-25T13:30:00Z"
            }
        },
        {
            "type": "Feature",
            "geometry": {
                "type": "Point",
                "coordinates": [
                    0.21758,
                    47.3882
                ]
            },
            "properties": {
                "id": "000MP",
                "name": "Continvoir",
                "elevation": 81,
                "license": {
                    "code": 1,
                    "license": "CC BY",
                    "url": "https:\/\/creativecommons.org\/licenses\/by\/2.0\/fr\/",
                    "source": "infoclimat.fr"
                },
                "country": "FR",
                "departement": "37",
                "last_activity": "2026-06-25T13:30:00Z"
            }
        },
        {
            "type": "Feature",
            "geometry": {
                "type": "Point",
                "coordinates": [
                    -3.5548537731171,
                    47.886123376213
                ]
            },
            "properties": {
                "id": "ME001",
                "name": "[MAE] Lyc\u00e9e Roz Glas - QUIMPERLE",
                "elevation": 59,
                "license": {
                    "code": 1,
                    "license": "CC BY",
                    "url": "https:\/\/creativecommons.org\/licenses\/by\/2.0\/fr\/",
                    "source": "infoclimat.fr"
                },
                "country": "FR",
                "departement": "29",
                "last_activity": "2025-01-07T18:40:00Z"
            }
        },
        {
            "type": "Feature",
            "geometry": {
                "type": "Point",
                "coordinates": [
                    5.0032276153564,
                    47.29634374008
                ]
            },
            "properties": {
                "id": "ME050",
                "name": "[MAE] Coll\u00e8ge Le Chapitre - CHEN\u00d4VE",
                "elevation": 268,
                "license": {
                    "code": 1,
                    "license": "CC BY",
                    "url": "https:\/\/creativecommons.org\/licenses\/by\/2.0\/fr\/",
                    "source": "infoclimat.fr"
                },
                "country": "FR",
                "departement": "21",
                "last_activity": "2021-03-26T12:00:00Z"
            }
        },
        {
            "type": "Feature",
            "geometry": {
                "type": "Point",
                "coordinates": [
                    -0.62069950103762,
                    44.759660609667
                ]
            },
            "properties": {
                "id": "ME051",
                "name": "[MAE] Lyc\u00e9e des Graves - GRADIGNAN",
                "elevation": 45,
                "license": {
                    "code": 1,
                    "license": "CC BY",
                    "url": "https:\/\/creativecommons.org\/licenses\/by\/2.0\/fr\/",
                    "source": "infoclimat.fr"
                },
                "country": "FR",
                "departement": "33",
                "last_activity": "2026-06-25T13:30:00Z"
            }
        },
        {
            "type": "Feature",
            "geometry": {
                "type": "Point",
                "coordinates": [
                    5.4591016769409,
                    43.510894408718
                ]
            },
            "properties": {
                "id": "ME003",
                "name": "[MAE] Lyc\u00e9e Emile Zola - AIX EN PROVENCE",
                "elevation": 143,
                "license": {
                    "code": 1,
                    "license": "CC BY",
                    "url": "https:\/\/creativecommons.org\/licenses\/by\/2.0\/fr\/",
                    "source": "infoclimat.fr"
                },
                "country": "FR",
                "departement": "13",
                "last_activity": "2026-06-25T13:30:00Z"
            }
        },
        {
            "type": "Feature",
            "geometry": {
                "type": "Point",
                "coordinates": [
                    3.0674639582634,
                    46.420724663427
                ]
            },
            "properties": {
                "id": "ME004",
                "name": "[MAE] Coll\u00e8ge Charlotte Delbo - TRONGET",
                "elevation": 460,
                "license": {
                    "code": 1,
                    "license": "CC BY",
                    "url": "https:\/\/creativecommons.org\/licenses\/by\/2.0\/fr\/",
                    "source": "infoclimat.fr"
                },
                "country": "FR",
                "departement": "03",
                "last_activity": "2017-06-16T21:50:00Z"
            }
        },
        {
            "type": "Feature",
            "geometry": {
                "type": "Point",
                "coordinates": [
                    -0.69821534156802,
                    47.833344053896
                ]
            },
            "properties": {
                "id": "ME005",
                "name": "[MAE] Lyc\u00e9e Curie - Ch\u00e2teau-Gontier",
                "elevation": 38,
                "license": {
                    "code": 1,
                    "license": "CC BY",
                    "url": "https:\/\/creativecommons.org\/licenses\/by\/2.0\/fr\/",
                    "source": "infoclimat.fr"
                },
                "country": "FR",
                "departement": "53",
                "last_activity": "2026-06-25T13:30:00Z"
            }
        },
        {
            "type": "Feature",
            "geometry": {
                "type": "Point",
                "coordinates": [
                    6.5705013513565,
                    47.751351276521
                ]
            },
            "properties": {
                "id": "ME006",
                "name": "[MAE] Coll\u00e8ge des Milles Etangs - MELISEY",
                "elevation": 330,
                "license": {
                    "code": 1,
                    "license": "CC BY",
                    "url": "https:\/\/creativecommons.org\/licenses\/by\/2.0\/fr\/",
                    "source": "infoclimat.fr"
                },
                "country": "FR",
                "departement": "70",
                "last_activity": "2020-07-06T05:40:00Z"
            }
        },
        {
            "type": "Feature",
            "geometry": {
                "type": "Point",
                "coordinates": [
                    1.360728764534,
                    45.692621864174
                ]
            },
            "properties": {
                "id": "ME007",
                "name": "[MAE] Coll\u00e8ge Fernand Lagrange - PIERRE BUFFIERE",
                "elevation": 315,
                "license": {
                    "code": 1,
                    "license": "CC BY",
                    "url": "https:\/\/creativecommons.org\/licenses\/by\/2.0\/fr\/",
                    "source": "infoclimat.fr"
                },
                "country": "FR",
                "departement": "87",
                "last_activity": "2026-06-25T13:10:00Z"
            }
        },
        {
            "type": "Feature",
            "geometry": {
                "type": "Point",
                "coordinates": [
                    6.3471997061584,
                    43.141116518296
                ]
            },
            "properties": {
                "id": "ME008",
                "name": "[MAE] Coll\u00e8ge Fr\u00e9d\u00e9ric Mistral - BORMES LES MIMOSAS",
                "elevation": 18,
                "license": {
                    "code": 1,
                    "license": "CC BY",
                    "url": "https:\/\/creativecommons.org\/licenses\/by\/2.0\/fr\/",
                    "source": "infoclimat.fr"
                },
                "country": "FR",
                "departement": "83",
                "last_activity": "2025-02-14T06:50:00Z"
            }
        },
        {
            "type": "Feature",
            "geometry": {
                "type": "Point",
                "coordinates": [
                    4.9929064750671,
                    47.339874864633
                ]
            },
            "properties": {
                "id": "ME009",
                "name": "[MAE] Coll\u00e8ge Boris Vian - TALANT",
                "elevation": 346,
                "license": {
                    "code": 1,
                    "license": "CC BY",
                    "url": "https:\/\/creativecommons.org\/licenses\/by\/2.0\/fr\/",
                    "source": "infoclimat.fr"
                },
                "country": "FR",
                "departement": "21",
                "last_activity": "2017-05-05T14:00:00Z"
            }
        },
        {
            "type": "Feature",
            "geometry": {
                "type": "Point",
                "coordinates": [
                    1.9117135047912,
                    47.933199289759
                ]
            },
            "properties": {
                "id": "ME010",
                "name": "[MAE] Coll\u00e8ge Andr\u00e9 Ch\u00eane - FLEURY LES AUBRAIS",
                "elevation": 127,
                "license": {
                    "code": 1,
                    "license": "CC BY",
                    "url": "https:\/\/creativecommons.org\/licenses\/by\/2.0\/fr\/",
                    "source": "infoclimat.fr"
                },
                "country": "FR",
                "departement": "45",
                "last_activity": "2022-07-18T07:30:00Z"
            }
        },
        {
            "type": "Feature",
            "geometry": {
                "type": "Point",
                "coordinates": [
                    7.2516483306885,
                    47.590845177479
                ]
            },
            "properties": {
                "id": "ME011",
                "name": "[MAE] Coll\u00e8ge Jean Paul De Dadelsen - HIRSINGUE",
                "elevation": 316,
                "license": {
                    "code": 1,
                    "license": "CC BY",
                    "url": "https:\/\/creativecommons.org\/licenses\/by\/2.0\/fr\/",
                    "source": "infoclimat.fr"
                },
                "country": "FR",
                "departement": "68",
                "last_activity": "2017-01-05T08:30:00Z"
            }
        },
        {
            "type": "Feature",
            "geometry": {
                "type": "Point",
                "coordinates": [
                    1.2978202342987,
                    47.822352403877
                ]
            },
            "properties": {
                "id": "ME012",
                "name": "[MAE] Coll\u00e8ge Lavoisier - OUCQUES",
                "elevation": 124,
                "license": {
                    "code": 1,
                    "license": "CC BY",
                    "url": "https:\/\/creativecommons.org\/licenses\/by\/2.0\/fr\/",
                    "source": "infoclimat.fr"
                },
                "country": "FR",
                "departement": "41",
                "last_activity": "2026-06-25T13:30:00Z"
            }
        },
        {
            "type": "Feature",
            "geometry": {
                "type": "Point",
                "coordinates": [
                    0.60807879836432,
                    49.097366070558
                ]
            },
            "properties": {
                "id": "ME013",
                "name": "[MAE] Lyc\u00e9e Cl\u00e9ment Ader - BERNAY",
                "elevation": 132,
                "license": {
                    "code": 1,
                    "license": "CC BY",
                    "url": "https:\/\/creativecommons.org\/licenses\/by\/2.0\/fr\/",
                    "source": "infoclimat.fr"
                },
                "country": "FR",
                "departement": "27",
                "last_activity": "2025-06-30T15:00:00Z"
            }
        },
        {
            "type": "Feature",
            "geometry": {
                "type": "Point",
                "coordinates": [
                    7.5139,
                    43.9403667
                ]
            },
            "properties": {
                "id": "ME015",
                "name": "[MAE] Coll\u00e8ge L'Eeau Vive - BREIL-SUR-ROYA",
                "elevation": 308,
                "license": {
                    "code": 1,
                    "license": "CC BY",
                    "url": "https:\/\/creativecommons.org\/licenses\/by\/2.0\/fr\/",
                    "source": "infoclimat.fr"
                },
                "country": "FR",
                "departement": "06",
                "last_activity": "0000-00-00T00:00:00Z"
            }
        },
        {
            "type": "Feature",
            "geometry": {
                "type": "Point",
                "coordinates": [
                    2.7643918991089,
                    43.1978008084
                ]
            },
            "properties": {
                "id": "ME016",
                "name": "[MAE] Coll\u00e8ge Joseph Anglade - LEZIGNAN",
                "elevation": 50,
                "license": {
                    "code": 1,
                    "license": "CC BY",
                    "url": "https:\/\/creativecommons.org\/licenses\/by\/2.0\/fr\/",
                    "source": "infoclimat.fr"
                },
                "country": "FR",
                "departement": "11",
                "last_activity": "2019-05-17T19:20:00Z"
            }
        },
        {
            "type": "Feature",
            "geometry": {
                "type": "Point",
                "coordinates": [
                    -1.17583333,
                    46.1552778
                ]
            },
            "properties": {
                "id": "ME017",
                "name": "[MAE] Lyc\u00e9e Saint Exup\u00e9ry - LA ROCHELLE",
                "elevation": 12,
                "license": {
                    "code": 1,
                    "license": "CC BY",
                    "url": "https:\/\/creativecommons.org\/licenses\/by\/2.0\/fr\/",
                    "source": "infoclimat.fr"
                },
                "country": "FR",
                "departement": "17",
                "last_activity": "2026-06-09T12:20:00Z"
            }
        },
        {
            "type": "Feature",
            "geometry": {
                "type": "Point",
                "coordinates": [
                    9.27118333,
                    41.6015611
                ]
            },
            "properties": {
                "id": "ME018",
                "name": "[MAE] Coll\u00e8ge de Porto-Vecchio - PORTO-VECCHIO",
                "elevation": 27,
                "license": {
                    "code": 1,
                    "license": "CC BY",
                    "url": "https:\/\/creativecommons.org\/licenses\/by\/2.0\/fr\/",
                    "source": "infoclimat.fr"
                },
                "country": "FR",
                "departement": "2A",
                "last_activity": "0000-00-00T00:00:00Z"
            }
        },
        {
            "type": "Feature",
            "geometry": {
                "type": "Point",
                "coordinates": [
                    1.46435833,
                    43.3565556
                ]
            },
            "properties": {
                "id": "ME019",
                "name": "[MAE] Coll\u00e8ge Antonin Perbosc - AUTERIVE",
                "elevation": 188,
                "license": {
                    "code": 1,
                    "license": "CC BY",
                    "url": "https:\/\/creativecommons.org\/licenses\/by\/2.0\/fr\/",
                    "source": "infoclimat.fr"
                },
                "country": "FR",
                "departement": "31",
                "last_activity": "0000-00-00T00:00:00Z"
            }
        },
        {
            "type": "Feature",
            "geometry": {
                "type": "Point",
                "coordinates": [
                    3.31424444,
                    43.7303528
                ]
            },
            "properties": {
                "id": "ME020",
                "name": "[MAE] Lyc\u00e9e Joseph Vallot - LODEVE",
                "elevation": 171,
                "license": {
                    "code": 1,
                    "license": "CC BY",
                    "url": "https:\/\/creativecommons.org\/licenses\/by\/2.0\/fr\/",
                    "source": "infoclimat.fr"
                },
                "country": "FR",
                "departement": "24",
                "last_activity": "0000-00-00T00:00:00Z"
            }
        },
        {
            "type": "Feature",
            "geometry": {
                "type": "Point",
                "coordinates": [
                    1.86626667,
                    47.904375
                ]
            },
            "properties": {
                "id": "ME021",
                "name": "[MAE] Coll\u00e8ge Andr\u00e9 Malraux - ST JEAN DE LA RUELLE",
                "elevation": 105,
                "license": {
                    "code": 1,
                    "license": "CC BY",
                    "url": "https:\/\/creativecommons.org\/licenses\/by\/2.0\/fr\/",
                    "source": "infoclimat.fr"
                },
                "country": "FR",
                "departement": "45",
                "last_activity": "0000-00-00T00:00:00Z"
            }
        },
        {
            "type": "Feature",
            "geometry": {
                "type": "Point",
                "coordinates": [
                    3.51942778,
                    50.3604361
                ]
            },
            "properties": {
                "id": "ME022",
                "name": "[MAE] Coll\u00e8ge Jean-Baptiste Carpeaux - VALENCIENNE",
                "elevation": 25,
                "license": {
                    "code": 1,
                    "license": "CC BY",
                    "url": "https:\/\/creativecommons.org\/licenses\/by\/2.0\/fr\/",
                    "source": "infoclimat.fr"
                },
                "country": "FR",
                "departement": "59",
                "last_activity": "0000-00-00T00:00:00Z"
            }
        },
        {
            "type": "Feature",
            "geometry": {
                "type": "Point",
                "coordinates": [
                    2.64472222,
                    49.4255556
                ]
            },
            "properties": {
                "id": "ME023",
                "name": "[MAE] Coll\u00e8ge Abel Didelet - ESTREES SAINT DENIS",
                "elevation": 69,
                "license": {
                    "code": 1,
                    "license": "CC BY",
                    "url": "https:\/\/creativecommons.org\/licenses\/by\/2.0\/fr\/",
                    "source": "infoclimat.fr"
                },
                "country": "FR",
                "departement": "60",
                "last_activity": "0000-00-00T00:00:00Z"
            }
        },
        {
            "type": "Feature",
            "geometry": {
                "type": "Point",
                "coordinates": [
                    2.47627778,
                    50.5069722
                ]
            },
            "properties": {
                "id": "ME024",
                "name": "[MAE] Coll\u00e8ge et Lyc\u00e9e Lavoisier - AUCHEL",
                "elevation": 90,
                "license": {
                    "code": 1,
                    "license": "CC BY",
                    "url": "https:\/\/creativecommons.org\/licenses\/by\/2.0\/fr\/",
                    "source": "infoclimat.fr"
                },
                "country": "FR",
                "departement": "62",
                "last_activity": "2018-04-12T06:40:00Z"
            }
        },
        {
            "type": "Feature",
            "geometry": {
                "type": "Point",
                "coordinates": [
                    5.98083333,
                    43.1394444
                ]
            },
            "properties": {
                "id": "ME025",
                "name": "[MAE] Coll\u00e8ge Alphonse Daudet - LA VALETTE DU VAR",
                "elevation": 69,
                "license": {
                    "code": 1,
                    "license": "CC BY",
                    "url": "https:\/\/creativecommons.org\/licenses\/by\/2.0\/fr\/",
                    "source": "infoclimat.fr"
                },
                "country": "FR",
                "departement": "83",
                "last_activity": "0000-00-00T00:00:00Z"
            }
        },
        {
            "type": "Feature",
            "geometry": {
                "type": "Point",
                "coordinates": [
                    6.7358333,
                    47.8975
                ]
            },
            "properties": {
                "id": "ME026",
                "name": "[MAE] MFR les 4 Vents - RAMONCHAMP",
                "elevation": 480,
                "license": {
                    "code": 1,
                    "license": "CC BY",
                    "url": "https:\/\/creativecommons.org\/licenses\/by\/2.0\/fr\/",
                    "source": "infoclimat.fr"
                },
                "country": "FR",
                "departement": "88",
                "last_activity": "0000-00-00T00:00:00Z"
            }
        },
        {
            "type": "Feature",
            "geometry": {
                "type": "Point",
                "coordinates": [
                    2.3328995704651,
                    48.685598788292
                ]
            },
            "properties": {
                "id": "ME027",
                "name": "[MAE] Coll\u00e8ge Les G\u00e2tines - Ren\u00e9 Cassin - SAVIGNY ",
                "elevation": 87,
                "license": {
                    "code": 1,
                    "license": "CC BY",
                    "url": "https:\/\/creativecommons.org\/licenses\/by\/2.0\/fr\/",
                    "source": "infoclimat.fr"
                },
                "country": "FR",
                "departement": "91",
                "last_activity": "0000-00-00T00:00:00Z"
            }
        },
        {
            "type": "Feature",
            "geometry": {
                "type": "Point",
                "coordinates": [
                    2.45,
                    48.8588889
                ]
            },
            "properties": {
                "id": "ME028",
                "name": "[MAE] Coll\u00e8ge Jean Moulin - MONTREUIL",
                "elevation": 77,
                "license": {
                    "code": 1,
                    "license": "CC BY",
                    "url": "https:\/\/creativecommons.org\/licenses\/by\/2.0\/fr\/",
                    "source": "infoclimat.fr"
                },
                "country": "FR",
                "departement": "93",
                "last_activity": "0000-00-00T00:00:00Z"
            }
        },
        {
            "type": "Feature",
            "geometry": {
                "type": "Point",
                "coordinates": [
                    1.370925,
                    44.0135
                ]
            },
            "properties": {
                "id": "ME029",
                "name": "[MAE] Lyc\u00e9e Antoine Bourdelle - MONTAUBAN",
                "elevation": 108,
                "license": {
                    "code": 1,
                    "license": "CC BY",
                    "url": "https:\/\/creativecommons.org\/licenses\/by\/2.0\/fr\/",
                    "source": "infoclimat.fr"
                },
                "country": "FR",
                "departement": "82",
                "last_activity": "0000-00-00T00:00:00Z"
            }
        },
        {
            "type": "Feature",
            "geometry": {
                "type": "Point",
                "coordinates": [
                    4.7601002454758,
                    46.90478741853
                ]
            },
            "properties": {
                "id": "ME030",
                "name": "[MAE] Coll\u00e8ge Louise Michel - CHAGNY",
                "elevation": 234,
                "license": {
                    "code": 1,
                    "license": "CC BY",
                    "url": "https:\/\/creativecommons.org\/licenses\/by\/2.0\/fr\/",
                    "source": "infoclimat.fr"
                },
                "country": "FR",
                "departement": "71",
                "last_activity": "2026-06-25T13:30:00Z"
            }
        },
        {
            "type": "Feature",
            "geometry": {
                "type": "Point",
                "coordinates": [
                    -1.6038861,
                    49.6292417
                ]
            },
            "properties": {
                "id": "ME031",
                "name": "[MAE] Lyc\u00e9e Alexis de Tocqueville - CHERBOURG",
                "elevation": 36,
                "license": {
                    "code": 1,
                    "license": "CC BY",
                    "url": "https:\/\/creativecommons.org\/licenses\/by\/2.0\/fr\/",
                    "source": "infoclimat.fr"
                },
                "country": "FR",
                "departement": "50",
                "last_activity": "0000-00-00T00:00:00Z"
            }
        },
        {
            "type": "Feature",
            "geometry": {
                "type": "Point",
                "coordinates": [
                    -0.87430357933044,
                    47.680110712583
                ]
            },
            "properties": {
                "id": "ME032",
                "name": "[MAE] Lyc\u00e9e Bourg Chevreau Ste Anne - SEGRE",
                "elevation": 26,
                "license": {
                    "code": 1,
                    "license": "CC BY",
                    "url": "https:\/\/creativecommons.org\/licenses\/by\/2.0\/fr\/",
                    "source": "infoclimat.fr"
                },
                "country": "FR",
                "departement": "49",
                "last_activity": "0000-00-00T00:00:00Z"
            }
        },
        {
            "type": "Feature",
            "geometry": {
                "type": "Point",
                "coordinates": [
                    -4.6180361,
                    48.4266361
                ]
            },
            "properties": {
                "id": "ME033",
                "name": "[MAE] Coll\u00e8ge Kerzouar - SAINT RENAN",
                "elevation": 52,
                "license": {
                    "code": 1,
                    "license": "CC BY",
                    "url": "https:\/\/creativecommons.org\/licenses\/by\/2.0\/fr\/",
                    "source": "infoclimat.fr"
                },
                "country": "FR",
                "departement": "29",
                "last_activity": "0000-00-00T00:00:00Z"
            }
        },
        {
            "type": "Feature",
            "geometry": {
                "type": "Point",
                "coordinates": [
                    -0.590127,
                    44.80116
                ]
            },
            "properties": {
                "id": "ME034",
                "name": "[MAE] Lyc\u00e9e Victor Louis - TALENCE",
                "elevation": 21,
                "license": {
                    "code": 1,
                    "license": "CC BY",
                    "url": "https:\/\/creativecommons.org\/licenses\/by\/2.0\/fr\/",
                    "source": "infoclimat.fr"
                },
                "country": "FR",
                "departement": "33",
                "last_activity": "2026-06-25T13:30:00Z"
            }
        },
        {
            "type": "Feature",
            "geometry": {
                "type": "Point",
                "coordinates": [
                    4.1125889,
                    46.4592972
                ]
            },
            "properties": {
                "id": "ME035",
                "name": "[MAE] Lyc\u00e9e Louis Astier - PARAY LE MONIAL",
                "elevation": 245,
                "license": {
                    "code": 1,
                    "license": "CC BY",
                    "url": "https:\/\/creativecommons.org\/licenses\/by\/2.0\/fr\/",
                    "source": "infoclimat.fr"
                },
                "country": "FR",
                "departement": "71",
                "last_activity": "0000-00-00T00:00:00Z"
            }
        },
        {
            "type": "Feature",
            "geometry": {
                "type": "Point",
                "coordinates": [
                    3.1605528,
                    47.00505
                ]
            },
            "properties": {
                "id": "ME036",
                "name": "[MAE] Lyc\u00e9e Raoul Follereau - NEVERS",
                "elevation": 200,
                "license": {
                    "code": 1,
                    "license": "CC BY",
                    "url": "https:\/\/creativecommons.org\/licenses\/by\/2.0\/fr\/",
                    "source": "infoclimat.fr"
                },
                "country": "FR",
                "departement": "58",
                "last_activity": "0000-00-00T00:00:00Z"
            }
        },
        {
            "type": "Feature",
            "geometry": {
                "type": "Point",
                "coordinates": [
                    -0.1094389,
                    43.1853389
                ]
            },
            "properties": {
                "id": "ME038",
                "name": "[MAE] Coll\u00e8ge Jean Bouzet - PONTACQ",
                "elevation": 360,
                "license": {
                    "code": 1,
                    "license": "CC BY",
                    "url": "https:\/\/creativecommons.org\/licenses\/by\/2.0\/fr\/",
                    "source": "infoclimat.fr"
                },
                "country": "FR",
                "departement": "64",
                "last_activity": "0000-00-00T00:00:00Z"
            }
        },
        {
            "type": "Feature",
            "geometry": {
                "type": "Point",
                "coordinates": [
                    5.0605583,
                    47.2947167
                ]
            },
            "properties": {
                "id": "ME039",
                "name": "[MAE] Coll\u00e8ge Roland Dorgel\u00e8s - LONGVIC",
                "elevation": 229,
                "license": {
                    "code": 1,
                    "license": "CC BY",
                    "url": "https:\/\/creativecommons.org\/licenses\/by\/2.0\/fr\/",
                    "source": "infoclimat.fr"
                },
                "country": "FR",
                "departement": "21",
                "last_activity": "0000-00-00T00:00:00Z"
            }
        },
        {
            "type": "Feature",
            "geometry": {
                "type": "Point",
                "coordinates": [
                    2.9266417,
                    42.6969889
                ]
            },
            "properties": {
                "id": "ME040",
                "name": "[MAE] Lyc\u00e9e Pablo Picasso - PERPIGNAN",
                "elevation": 43,
                "license": {
                    "code": 1,
                    "license": "CC BY",
                    "url": "https:\/\/creativecommons.org\/licenses\/by\/2.0\/fr\/",
                    "source": "infoclimat.fr"
                },
                "country": "FR",
                "departement": "66",
                "last_activity": "0000-00-00T00:00:00Z"
            }
        },
        {
            "type": "Feature",
            "geometry": {
                "type": "Point",
                "coordinates": [
                    -61.0327833,
                    14.6737833
                ]
            },
            "properties": {
                "id": "ME041",
                "name": "[MAE] Coll\u00e8ge Belle Etoile - SAINT JOSEPH",
                "elevation": 220,
                "license": {
                    "code": 1,
                    "license": "CC BY",
                    "url": "https:\/\/creativecommons.org\/licenses\/by\/2.0\/fr\/",
                    "source": "infoclimat.fr"
                },
                "country": "FR",
                "departement": "972",
                "last_activity": "2018-04-28T18:40:00Z"
            }
        },
        {
            "type": "Feature",
            "geometry": {
                "type": "Point",
                "coordinates": [
                    1.2905639,
                    45.8675944
                ]
            },
            "properties": {
                "id": "ME042",
                "name": "[MAE] Coll\u00e8ge Firmin Roz - LIMOGES",
                "elevation": 351,
                "license": {
                    "code": 1,
                    "license": "CC BY",
                    "url": "https:\/\/creativecommons.org\/licenses\/by\/2.0\/fr\/",
                    "source": "infoclimat.fr"
                },
                "country": "FR",
                "departement": "87",
                "last_activity": "0000-00-00T00:00:00Z"
            }
        },
        {
            "type": "Feature",
            "geometry": {
                "type": "Point",
                "coordinates": [
                    1.352712,
                    43.590963
                ]
            },
            "properties": {
                "id": "ME043",
                "name": "[MAE] Lyc\u00e9e Henri Matisse - CUGNAUX",
                "elevation": 174,
                "license": {
                    "code": 1,
                    "license": "CC BY",
                    "url": "https:\/\/creativecommons.org\/licenses\/by\/2.0\/fr\/",
                    "source": "infoclimat.fr"
                },
                "country": "FR",
                "departement": "31",
                "last_activity": "0000-00-00T00:00:00Z"
            }
        },
        {
            "type": "Feature",
            "geometry": {
                "type": "Point",
                "coordinates": [
                    -1.213333,
                    48.120194
                ]
            },
            "properties": {
                "id": "ME044",
                "name": "[MAE] Lyc\u00e9e Bertrand d'Argentr\u00e9 - VITRE",
                "elevation": 106,
                "license": {
                    "code": 1,
                    "license": "CC BY",
                    "url": "https:\/\/creativecommons.org\/licenses\/by\/2.0\/fr\/",
                    "source": "infoclimat.fr"
                },
                "country": "FR",
                "departement": "35",
                "last_activity": "2026-06-25T13:30:00Z"
            }
        },
        {
            "type": "Feature",
            "geometry": {
                "type": "Point",
                "coordinates": [
                    -2.192478,
                    47.381511
                ]
            },
            "properties": {
                "id": "ME045",
                "name": "[MAE] Coll\u00e8ge Ren\u00e9 Char - SAINT JOACHIM",
                "elevation": 2,
                "license": {
                    "code": 1,
                    "license": "CC BY",
                    "url": "https:\/\/creativecommons.org\/licenses\/by\/2.0\/fr\/",
                    "source": "infoclimat.fr"
                },
                "country": "FR",
                "departement": "44",
                "last_activity": "0000-00-00T00:00:00Z"
            }
        },
        {
            "type": "Feature",
            "geometry": {
                "type": "Point",
                "coordinates": [
                    4.8331,
                    45.733006
                ]
            },
            "properties": {
                "id": "ME046",
                "name": "[MAE] Ecole Normale Sup\u00e9rieure - LYON",
                "elevation": 164,
                "license": {
                    "code": 1,
                    "license": "CC BY",
                    "url": "https:\/\/creativecommons.org\/licenses\/by\/2.0\/fr\/",
                    "source": "infoclimat.fr"
                },
                "country": "FR",
                "departement": "69",
                "last_activity": "0000-00-00T00:00:00Z"
            }
        },
        {
            "type": "Feature",
            "geometry": {
                "type": "Point",
                "coordinates": [
                    -0.5605,
                    47.4535
                ]
            },
            "properties": {
                "id": "ME047",
                "name": "[MAE] Lyc\u00e9e Polyvalent Chevrollier - ANGERS",
                "elevation": 39,
                "license": {
                    "code": 1,
                    "license": "CC BY",
                    "url": "https:\/\/creativecommons.org\/licenses\/by\/2.0\/fr\/",
                    "source": "infoclimat.fr"
                },
                "country": "FR",
                "departement": "49",
                "last_activity": "0000-00-00T00:00:00Z"
            }
        },
        {
            "type": "Feature",
            "geometry": {
                "type": "Point",
                "coordinates": [
                    -0.71233,
                    49.27483
                ]
            },
            "properties": {
                "id": "ME048",
                "name": "[MAE] Coll\u00e8ge Letot - BAYEUX",
                "elevation": 59,
                "license": {
                    "code": 1,
                    "license": "CC BY",
                    "url": "https:\/\/creativecommons.org\/licenses\/by\/2.0\/fr\/",
                    "source": "infoclimat.fr"
                },
                "country": "FR",
                "departement": "14",
                "last_activity": "0000-00-00T00:00:00Z"
            }
        },
        {
            "type": "Feature",
            "geometry": {
                "type": "Point",
                "coordinates": [
                    6.641111,
                    44.387778
                ]
            },
            "properties": {
                "id": "ME049",
                "name": "[MAE] Lyc\u00e9e Andr\u00e9 Honnorat - BARCELONNETTE",
                "elevation": 1132,
                "license": {
                    "code": 1,
                    "license": "CC BY",
                    "url": "https:\/\/creativecommons.org\/licenses\/by\/2.0\/fr\/",
                    "source": "infoclimat.fr"
                },
                "country": "FR",
                "departement": "04",
                "last_activity": "2024-10-05T18:10:00Z"
            }
        },
        {
            "type": "Feature",
            "geometry": {
                "type": "Point",
                "coordinates": [
                    -2.4644389,
                    48.6297194
                ]
            },
            "properties": {
                "id": "ME052",
                "name": "[MAE] Coll\u00e8ge Thalassa - ERQUY",
                "elevation": 9,
                "license": {
                    "code": 1,
                    "license": "CC BY",
                    "url": "https:\/\/creativecommons.org\/licenses\/by\/2.0\/fr\/",
                    "source": "infoclimat.fr"
                },
                "country": "FR",
                "departement": "22",
                "last_activity": "0000-00-00T00:00:00Z"
            }
        },
        {
            "type": "Feature",
            "geometry": {
                "type": "Point",
                "coordinates": [
                    8.738635,
                    41.919229
                ]
            },
            "properties": {
                "id": "ME057",
                "name": "[MAE] AJACCIO",
                "elevation": 123,
                "license": {
                    "code": 1,
                    "license": "CC BY",
                    "url": "https:\/\/creativecommons.org\/licenses\/by\/2.0\/fr\/",
                    "source": "infoclimat.fr"
                },
                "country": "FR",
                "departement": "00",
                "last_activity": "0000-00-00T00:00:00Z"
            }
        },
        {
            "type": "Feature",
            "geometry": {
                "type": "Point",
                "coordinates": [
                    2.266687,
                    48.845766
                ]
            },
            "properties": {
                "id": "ME098",
                "name": "[MAE] ESPE - PARIS",
                "elevation": 36,
                "license": {
                    "code": 1,
                    "license": "CC BY",
                    "url": "https:\/\/creativecommons.org\/licenses\/by\/2.0\/fr\/",
                    "source": "infoclimat.fr"
                },
                "country": "FR",
                "departement": "75",
                "last_activity": "2026-06-25T13:30:00Z"
            }
        },
        {
            "type": "Feature",
            "geometry": {
                "type": "Point",
                "coordinates": [
                    -61.0327833,
                    14.6737833
                ]
            },
            "properties": {
                "id": "ME054",
                "name": "[MAE] Coll\u00e8ge Belle Etoile - SAINT JOSEPH",
                "elevation": 219,
                "license": {
                    "code": 1,
                    "license": "CC BY",
                    "url": "https:\/\/creativecommons.org\/licenses\/by\/2.0\/fr\/",
                    "source": "infoclimat.fr"
                },
                "country": "FR",
                "departement": "972",
                "last_activity": "0000-00-00T00:00:00Z"
            }
        },
        {
            "type": "Feature",
            "geometry": {
                "type": "Point",
                "coordinates": [
                    6.769031,
                    43.433715
                ]
            },
            "properties": {
                "id": "ME101",
                "name": "[MAE] Coll\u00e8ge Alphonse Karr - SAINT RAPHAEL",
                "elevation": 2,
                "license": {
                    "code": 1,
                    "license": "CC BY",
                    "url": "https:\/\/creativecommons.org\/licenses\/by\/2.0\/fr\/",
                    "source": "infoclimat.fr"
                },
                "country": "FR",
                "departement": "83",
                "last_activity": "2026-06-25T13:30:00Z"
            }
        },
        {
            "type": "Feature",
            "geometry": {
                "type": "Point",
                "coordinates": [
                    5.272244,
                    47.111564
                ]
            },
            "properties": {
                "id": "ME109",
                "name": "[MAE] Coll\u00e8ge les Hautes Pailles - ECHENON",
                "elevation": 184,
                "license": {
                    "code": 1,
                    "license": "CC BY",
                    "url": "https:\/\/creativecommons.org\/licenses\/by\/2.0\/fr\/",
                    "source": "infoclimat.fr"
                },
                "country": "FR",
                "departement": "21",
                "last_activity": "2026-06-25T13:30:00Z"
            }
        },
        {
            "type": "Feature",
            "geometry": {
                "type": "Point",
                "coordinates": [
                    6.045212,
                    43.191541
                ]
            },
            "properties": {
                "id": "ME107",
                "name": "[MAE] Coll\u00e8ge Lou Castellas - SOLLIES-PONT",
                "elevation": 83,
                "license": {
                    "code": 1,
                    "license": "CC BY",
                    "url": "https:\/\/creativecommons.org\/licenses\/by\/2.0\/fr\/",
                    "source": "infoclimat.fr"
                },
                "country": "FR",
                "departement": "83",
                "last_activity": "2023-11-15T11:10:00Z"
            }
        },
        {
            "type": "Feature",
            "geometry": {
                "type": "Point",
                "coordinates": [
                    5.775222,
                    45.087092
                ]
            },
            "properties": {
                "id": "ME102",
                "name": "[MAE] Coll\u00e8ge Les Mattons - VIZILLE",
                "elevation": 297,
                "license": {
                    "code": 1,
                    "license": "CC BY",
                    "url": "https:\/\/creativecommons.org\/licenses\/by\/2.0\/fr\/",
                    "source": "infoclimat.fr"
                },
                "country": "FR",
                "departement": "38",
                "last_activity": "2026-06-25T13:30:00Z"
            }
        },
        {
            "type": "Feature",
            "geometry": {
                "type": "Point",
                "coordinates": [
                    4.299064,
                    45.058741
                ]
            },
            "properties": {
                "id": "ME103",
                "name": "[MAE] Coll\u00e8ge du Lignon - CHAMBON SUR LIGNON",
                "elevation": 930,
                "license": {
                    "code": 1,
                    "license": "CC BY",
                    "url": "https:\/\/creativecommons.org\/licenses\/by\/2.0\/fr\/",
                    "source": "infoclimat.fr"
                },
                "country": "FR",
                "departement": "43",
                "last_activity": "2023-10-25T14:10:00Z"
            }
        },
        {
            "type": "Feature",
            "geometry": {
                "type": "Point",
                "coordinates": [
                    3.197701,
                    45.693583
                ]
            },
            "properties": {
                "id": "ME104",
                "name": "[MAE] Coll\u00e8ge Jean Rostand - LES MARTRES DE VEYRE",
                "elevation": 332,
                "license": {
                    "code": 1,
                    "license": "CC BY",
                    "url": "https:\/\/creativecommons.org\/licenses\/by\/2.0\/fr\/",
                    "source": "infoclimat.fr"
                },
                "country": "FR",
                "departement": "63",
                "last_activity": "2023-02-13T15:20:00Z"
            }
        },
        {
            "type": "Feature",
            "geometry": {
                "type": "Point",
                "coordinates": [
                    0.264283,
                    49.64162
                ]
            },
            "properties": {
                "id": "ME105",
                "name": "[MAE] Coll\u00e8ge l'Oiseau Blanc - CRIQUETOT L'ESNEVAL",
                "elevation": 119,
                "license": {
                    "code": 1,
                    "license": "CC BY",
                    "url": "https:\/\/creativecommons.org\/licenses\/by\/2.0\/fr\/",
                    "source": "infoclimat.fr"
                },
                "country": "FR",
                "departement": "76",
                "last_activity": "2026-06-25T13:30:00Z"
            }
        },
        {
            "type": "Feature",
            "geometry": {
                "type": "Point",
                "coordinates": [
                    4.387885,
                    48.946926
                ]
            },
            "properties": {
                "id": "ME110",
                "name": "[MAE] Coll\u00e8ge Jean Moulin - SAINT MEMMIE",
                "elevation": 83,
                "license": {
                    "code": 1,
                    "license": "CC BY",
                    "url": "https:\/\/creativecommons.org\/licenses\/by\/2.0\/fr\/",
                    "source": "infoclimat.fr"
                },
                "country": "FR",
                "departement": "51",
                "last_activity": "2026-06-25T13:30:00Z"
            }
        },
        {
            "type": "Feature",
            "geometry": {
                "type": "Point",
                "coordinates": [
                    1.780832,
                    50.214948
                ]
            },
            "properties": {
                "id": "ME106",
                "name": "[MAE] Coll\u00e8ge Jacques Pr\u00e9vert - NOUVION",
                "elevation": 36,
                "license": {
                    "code": 1,
                    "license": "CC BY",
                    "url": "https:\/\/creativecommons.org\/licenses\/by\/2.0\/fr\/",
                    "source": "infoclimat.fr"
                },
                "country": "FR",
                "departement": "80",
                "last_activity": "2026-06-25T13:30:00Z"
            }
        },
        {
            "type": "Feature",
            "geometry": {
                "type": "Point",
                "coordinates": [
                    2.44879,
                    44.903911
                ]
            },
            "properties": {
                "id": "ME108",
                "name": "[MAE] Coll\u00e8ge La Pon\u00e9tie - AURILLAC",
                "elevation": 600,
                "license": {
                    "code": 1,
                    "license": "CC BY",
                    "url": "https:\/\/creativecommons.org\/licenses\/by\/2.0\/fr\/",
                    "source": "infoclimat.fr"
                },
                "country": "FR",
                "departement": "15",
                "last_activity": "2026-06-25T13:30:00Z"
            }
        },
        {
            "type": "Feature",
            "geometry": {
                "type": "Point",
                "coordinates": [
                    2.148582,
                    49.735242
                ]
            },
            "properties": {
                "id": "ME112",
                "name": "[MAE] Coll\u00e8ge Jules Ferry - CONTY",
                "elevation": 95,
                "license": {
                    "code": 1,
                    "license": "CC BY",
                    "url": "https:\/\/creativecommons.org\/licenses\/by\/2.0\/fr\/",
                    "source": "infoclimat.fr"
                },
                "country": "FR",
                "departement": "80",
                "last_activity": "2026-06-25T13:30:00Z"
            }
        },
        {
            "type": "Feature",
            "geometry": {
                "type": "Point",
                "coordinates": [
                    1.785081,
                    49.840373
                ]
            },
            "properties": {
                "id": "ME111",
                "name": "[MAE] Coll. M. Leclerc de Hauteclocque - Beaucamps",
                "elevation": 190,
                "license": {
                    "code": 1,
                    "license": "CC BY",
                    "url": "https:\/\/creativecommons.org\/licenses\/by\/2.0\/fr\/",
                    "source": "infoclimat.fr"
                },
                "country": "FR",
                "departement": "80",
                "last_activity": "2026-06-25T13:30:00Z"
            }
        },
        {
            "type": "Feature",
            "geometry": {
                "type": "Point",
                "coordinates": [
                    -4.087861,
                    48.193867
                ]
            },
            "properties": {
                "id": "ME117",
                "name": "[MAE] Cit\u00e9 Scolaire Jean Moulin - CHATEAULIN",
                "elevation": 39,
                "license": {
                    "code": 1,
                    "license": "CC BY",
                    "url": "https:\/\/creativecommons.org\/licenses\/by\/2.0\/fr\/",
                    "source": "infoclimat.fr"
                },
                "country": "FR",
                "departement": "29",
                "last_activity": "2026-06-25T13:30:00Z"
            }
        },
        {
            "type": "Feature",
            "geometry": {
                "type": "Point",
                "coordinates": [
                    5.88905,
                    48.678015
                ]
            },
            "properties": {
                "id": "ME114",
                "name": "[MAE] Coll\u00e8ge Amiral de Rigny - TOUL",
                "elevation": 212,
                "license": {
                    "code": 1,
                    "license": "CC BY",
                    "url": "https:\/\/creativecommons.org\/licenses\/by\/2.0\/fr\/",
                    "source": "infoclimat.fr"
                },
                "country": "FR",
                "departement": "54",
                "last_activity": "2026-06-25T13:30:00Z"
            }
        },
        {
            "type": "Feature",
            "geometry": {
                "type": "Point",
                "coordinates": [
                    -0.63354,
                    48.397549
                ]
            },
            "properties": {
                "id": "ME116",
                "name": "[MAE] Coll\u00e8ge L\u00e9o Ferr\u00e9 - AMBRIERES LES VALLEES ",
                "elevation": 139,
                "license": {
                    "code": 1,
                    "license": "CC BY",
                    "url": "https:\/\/creativecommons.org\/licenses\/by\/2.0\/fr\/",
                    "source": "infoclimat.fr"
                },
                "country": "FR",
                "departement": "53",
                "last_activity": "2026-06-25T13:30:00Z"
            }
        },
        {
            "type": "Feature",
            "geometry": {
                "type": "Point",
                "coordinates": [
                    2.253404,
                    48.731963
                ]
            },
            "properties": {
                "id": "ME113",
                "name": "[MAE] Lyc\u00e9e Parc de Vilg\u00e9nis - MASSY",
                "elevation": 83,
                "license": {
                    "code": 1,
                    "license": "CC BY",
                    "url": "https:\/\/creativecommons.org\/licenses\/by\/2.0\/fr\/",
                    "source": "infoclimat.fr"
                },
                "country": "FR",
                "departement": "91",
                "last_activity": "2026-06-25T13:30:00Z"
            }
        },
        {
            "type": "Feature",
            "geometry": {
                "type": "Point",
                "coordinates": [
                    2.054172,
                    48.784858
                ]
            },
            "properties": {
                "id": "ME115",
                "name": "[MAE] Coll\u00e8ge les Saules - GUYANCOURT",
                "elevation": 164,
                "license": {
                    "code": 1,
                    "license": "CC BY",
                    "url": "https:\/\/creativecommons.org\/licenses\/by\/2.0\/fr\/",
                    "source": "infoclimat.fr"
                },
                "country": "FR",
                "departement": "78",
                "last_activity": "2017-11-13T12:00:00Z"
            }
        },
        {
            "type": "Feature",
            "geometry": {
                "type": "Point",
                "coordinates": [
                    -1.059218,
                    44.643818
                ]
            },
            "properties": {
                "id": "ME120",
                "name": "[MAE] Lyc\u00e9e de la Mer - GUJAN-MESTRAS ",
                "elevation": 2,
                "license": {
                    "code": 1,
                    "license": "CC BY",
                    "url": "https:\/\/creativecommons.org\/licenses\/by\/2.0\/fr\/",
                    "source": "infoclimat.fr"
                },
                "country": "FR",
                "departement": "33",
                "last_activity": "2025-08-27T08:50:00Z"
            }
        },
        {
            "type": "Feature",
            "geometry": {
                "type": "Point",
                "coordinates": [
                    0.744678,
                    44.409006
                ]
            },
            "properties": {
                "id": "ME129",
                "name": "[MAE] EREA MC Leriche - VILLENEUVE-SUR-LOT",
                "elevation": 67,
                "license": {
                    "code": 1,
                    "license": "CC BY",
                    "url": "https:\/\/creativecommons.org\/licenses\/by\/2.0\/fr\/",
                    "source": "infoclimat.fr"
                },
                "country": "FR",
                "departement": "47",
                "last_activity": "2026-06-25T13:30:00Z"
            }
        },
        {
            "type": "Feature",
            "geometry": {
                "type": "Point",
                "coordinates": [
                    55.305514,
                    -20.931442
                ]
            },
            "properties": {
                "id": "ME127",
                "name": "[MAE] Lyc\u00e9e L\u00e9on de Lepervanche - LE PORT ",
                "elevation": 15,
                "license": {
                    "code": 1,
                    "license": "CC BY",
                    "url": "https:\/\/creativecommons.org\/licenses\/by\/2.0\/fr\/",
                    "source": "infoclimat.fr"
                },
                "country": "FR",
                "departement": "974",
                "last_activity": "2026-04-10T11:20:00Z"
            }
        },
        {
            "type": "Feature",
            "geometry": {
                "type": "Point",
                "coordinates": [
                    2.765773,
                    43.196971
                ]
            },
            "properties": {
                "id": "ME118",
                "name": "[MAE] Coll\u00e8ge Joseph Anglade - LEZIGNAN CORBIERES",
                "elevation": 50,
                "license": {
                    "code": 1,
                    "license": "CC BY",
                    "url": "https:\/\/creativecommons.org\/licenses\/by\/2.0\/fr\/",
                    "source": "infoclimat.fr"
                },
                "country": "FR",
                "departement": "11",
                "last_activity": "2022-07-05T09:20:00Z"
            }
        },
        {
            "type": "Feature",
            "geometry": {
                "type": "Point",
                "coordinates": [
                    5.197367,
                    49.485851
                ]
            },
            "properties": {
                "id": "ME119",
                "name": "[MAE] Cit\u00e9 Scolaire Alfred Kastler - STENAY",
                "elevation": 195,
                "license": {
                    "code": 1,
                    "license": "CC BY",
                    "url": "https:\/\/creativecommons.org\/licenses\/by\/2.0\/fr\/",
                    "source": "infoclimat.fr"
                },
                "country": "FR",
                "departement": "55",
                "last_activity": "2026-06-25T13:30:00Z"
            }
        },
        {
            "type": "Feature",
            "geometry": {
                "type": "Point",
                "coordinates": [
                    -0.645302,
                    44.827203
                ]
            },
            "properties": {
                "id": "ME124",
                "name": "[MAE] Coll\u00e8ge Les Eyquems - MERIGNAC",
                "elevation": 38,
                "license": {
                    "code": 1,
                    "license": "CC BY",
                    "url": "https:\/\/creativecommons.org\/licenses\/by\/2.0\/fr\/",
                    "source": "infoclimat.fr"
                },
                "country": "FR",
                "departement": "33",
                "last_activity": "2023-04-17T06:20:00Z"
            }
        },
        {
            "type": "Feature",
            "geometry": {
                "type": "Point",
                "coordinates": [
                    2.938229,
                    42.64567
                ]
            },
            "properties": {
                "id": "ME121",
                "name": "[MAE] Lyc\u00e9e Agricole de Th\u00e9za - Th\u00e9za",
                "elevation": 15,
                "license": {
                    "code": 1,
                    "license": "CC BY",
                    "url": "https:\/\/creativecommons.org\/licenses\/by\/2.0\/fr\/",
                    "source": "infoclimat.fr"
                },
                "country": "FR",
                "departement": "66",
                "last_activity": "2026-06-25T13:30:00Z"
            }
        },
        {
            "type": "Feature",
            "geometry": {
                "type": "Point",
                "coordinates": [
                    7.748371,
                    48.560504
                ]
            },
            "properties": {
                "id": "ME126",
                "name": "Lyc\u00e9e Couffignal - Strasbourg",
                "elevation": 141,
                "license": {
                    "code": 1,
                    "license": "CC BY",
                    "url": "https:\/\/creativecommons.org\/licenses\/by\/2.0\/fr\/",
                    "source": "infoclimat.fr"
                },
                "country": "FR",
                "departement": "67",
                "last_activity": "2026-01-28T11:00:00Z"
            }
        },
        {
            "type": "Feature",
            "geometry": {
                "type": "Point",
                "coordinates": [
                    6.790347,
                    47.498495
                ]
            },
            "properties": {
                "id": "ME123",
                "name": "[MAE] Coll\u00e8ge Lou Blazer - MONTB\u00c9LIARD ",
                "elevation": 349,
                "license": {
                    "code": 1,
                    "license": "CC BY",
                    "url": "https:\/\/creativecommons.org\/licenses\/by\/2.0\/fr\/",
                    "source": "infoclimat.fr"
                },
                "country": "FR",
                "departement": "25",
                "last_activity": "2026-06-25T13:30:00Z"
            }
        },
        {
            "type": "Feature",
            "geometry": {
                "type": "Point",
                "coordinates": [
                    6.291086,
                    45.340841
                ]
            },
            "properties": {
                "id": "ME125",
                "name": "[MAE] Coll\u00e8ge de SAINT-ETIENNE-DE-CUINES",
                "elevation": 495,
                "license": {
                    "code": 1,
                    "license": "CC BY",
                    "url": "https:\/\/creativecommons.org\/licenses\/by\/2.0\/fr\/",
                    "source": "infoclimat.fr"
                },
                "country": "FR",
                "departement": "73",
                "last_activity": "2026-06-25T13:30:00Z"
            }
        },
        {
            "type": "Feature",
            "geometry": {
                "type": "Point",
                "coordinates": [
                    1.3392437,
                    47.6010799
                ]
            },
            "properties": {
                "id": "ME137",
                "name": "[MAE] Coll\u00e8ge Les Provinces - BLOIS",
                "elevation": 108,
                "license": {
                    "code": 1,
                    "license": "CC BY",
                    "url": "https:\/\/creativecommons.org\/licenses\/by\/2.0\/fr\/",
                    "source": "infoclimat.fr"
                },
                "country": "FR",
                "departement": "41",
                "last_activity": "2026-06-25T13:30:00Z"
            }
        },
        {
            "type": "Feature",
            "geometry": {
                "type": "Point",
                "coordinates": [
                    4.861664,
                    45.725547
                ]
            },
            "properties": {
                "id": "ME128",
                "name": "[MAE] Coll\u00e8ge Honor\u00e9 De Balzac - VENISSIEUX",
                "elevation": 174,
                "license": {
                    "code": 1,
                    "license": "CC BY",
                    "url": "https:\/\/creativecommons.org\/licenses\/by\/2.0\/fr\/",
                    "source": "infoclimat.fr"
                },
                "country": "FR",
                "departement": "69",
                "last_activity": "2026-06-25T13:30:00Z"
            }
        },
        {
            "type": "Feature",
            "geometry": {
                "type": "Point",
                "coordinates": [
                    1.410252,
                    43.530466
                ]
            },
            "properties": {
                "id": "ME130",
                "name": "[MAE] Coll\u00e8ge Jules Vall\u00e8s - PORTET SUR GARONNE",
                "elevation": 150,
                "license": {
                    "code": 1,
                    "license": "CC BY",
                    "url": "https:\/\/creativecommons.org\/licenses\/by\/2.0\/fr\/",
                    "source": "infoclimat.fr"
                },
                "country": "FR",
                "departement": "31",
                "last_activity": "2022-05-28T09:40:00Z"
            }
        },
        {
            "type": "Feature",
            "geometry": {
                "type": "Point",
                "coordinates": [
                    2.475679,
                    50.5073
                ]
            },
            "properties": {
                "id": "ME131",
                "name": "[MAE] Coll\u00e8ge Lavoisier - AUCHEL",
                "elevation": 89,
                "license": {
                    "code": 1,
                    "license": "CC BY",
                    "url": "https:\/\/creativecommons.org\/licenses\/by\/2.0\/fr\/",
                    "source": "infoclimat.fr"
                },
                "country": "FR",
                "departement": "62",
                "last_activity": "0000-00-00T00:00:00Z"
            }
        },
        {
            "type": "Feature",
            "geometry": {
                "type": "Point",
                "coordinates": [
                    4.780211,
                    44.048139
                ]
            },
            "properties": {
                "id": "ME132",
                "name": "[MAE] Coll\u00e8ge Paul Val\u00e9ry - ROQUEMAURE ",
                "elevation": 24,
                "license": {
                    "code": 1,
                    "license": "CC BY",
                    "url": "https:\/\/creativecommons.org\/licenses\/by\/2.0\/fr\/",
                    "source": "infoclimat.fr"
                },
                "country": "FR",
                "departement": "30",
                "last_activity": "2019-10-31T10:00:00Z"
            }
        },
        {
            "type": "Feature",
            "geometry": {
                "type": "Point",
                "coordinates": [
                    0.958133,
                    44.498189
                ]
            },
            "properties": {
                "id": "ME134",
                "name": "[MAE] Lyc\u00e9e Marguerite Filhol - FUMEL ",
                "elevation": 128,
                "license": {
                    "code": 1,
                    "license": "CC BY",
                    "url": "https:\/\/creativecommons.org\/licenses\/by\/2.0\/fr\/",
                    "source": "infoclimat.fr"
                },
                "country": "FR",
                "departement": "47",
                "last_activity": "2026-06-25T13:30:00Z"
            }
        },
        {
            "type": "Feature",
            "geometry": {
                "type": "Point",
                "coordinates": [
                    -7.614952,
                    33.574382
                ]
            },
            "properties": {
                "id": "ME133",
                "name": "[MAE] Groupe Scolaire La R\u00e9sidence - CASABLANCA",
                "elevation": 45,
                "license": {
                    "code": 1,
                    "license": "CC BY",
                    "url": "https:\/\/creativecommons.org\/licenses\/by\/2.0\/fr\/",
                    "source": "infoclimat.fr"
                },
                "country": "MA",
                "departement": "00",
                "last_activity": "2017-12-19T17:30:00Z"
            }
        },
        {
            "type": "Feature",
            "geometry": {
                "type": "Point",
                "coordinates": [
                    1.929377,
                    48.190296
                ]
            },
            "properties": {
                "id": "ME135",
                "name": "[MAE] Coll\u00e8ge Louis Bl\u00e9riot - TOURY",
                "elevation": 134,
                "license": {
                    "code": 1,
                    "license": "CC BY",
                    "url": "https:\/\/creativecommons.org\/licenses\/by\/2.0\/fr\/",
                    "source": "infoclimat.fr"
                },
                "country": "FR",
                "departement": "28",
                "last_activity": "2019-04-08T08:40:00Z"
            }
        },
        {
            "type": "Feature",
            "geometry": {
                "type": "Point",
                "coordinates": [
                    6.6529124,
                    44.3885154
                ]
            },
            "properties": {
                "id": "ME136",
                "name": "[MAE] Lyc\u00e9e Andr\u00e9 Honnorat - BARCELONNETTE",
                "elevation": 1145,
                "license": {
                    "code": 1,
                    "license": "CC BY",
                    "url": "https:\/\/creativecommons.org\/licenses\/by\/2.0\/fr\/",
                    "source": "infoclimat.fr"
                },
                "country": "FR",
                "departement": "04",
                "last_activity": "2020-02-17T23:10:00Z"
            }
        },
        {
            "type": "Feature",
            "geometry": {
                "type": "Point",
                "coordinates": [
                    5.524761,
                    43.66577
                ]
            },
            "properties": {
                "id": "000NH",
                "name": "Pertuis - Le Farigoulier",
                "elevation": 195,
                "license": {
                    "code": 2,
                    "license": "NON-COMMERCIAL ONLY: CC BY NC",
                    "url": "https:\/\/creativecommons.org\/licenses\/by-nc\/2.0\/fr\/",
                    "source": "infoclimat.fr"
                },
                "country": "FR",
                "departement": "84",
                "last_activity": "2026-06-25T13:30:00Z"
            }
        },
        {
            "type": "Feature",
            "geometry": {
                "type": "Point",
                "coordinates": [
                    5.28775,
                    46.00188
                ]
            },
            "properties": {
                "id": "000MQ",
                "name": "Priay",
                "elevation": 277,
                "license": {
                    "code": 2,
                    "license": "NON-COMMERCIAL ONLY: CC BY NC",
                    "url": "https:\/\/creativecommons.org\/licenses\/by-nc\/2.0\/fr\/",
                    "source": "infoclimat.fr"
                },
                "country": "FR",
                "departement": "01",
                "last_activity": "2026-06-25T13:00:00Z"
            }
        },
        {
            "type": "Feature",
            "geometry": {
                "type": "Point",
                "coordinates": [
                    -0.94738,
                    46.99203
                ]
            },
            "properties": {
                "id": "000MR",
                "name": "Mortagne-sur-S\u00e8vre",
                "elevation": 131,
                "license": {
                    "code": 2,
                    "license": "NON-COMMERCIAL ONLY: CC BY NC",
                    "url": "https:\/\/creativecommons.org\/licenses\/by-nc\/2.0\/fr\/",
                    "source": "infoclimat.fr"
                },
                "country": "FR",
                "departement": "85",
                "last_activity": "2026-06-25T13:30:00Z"
            }
        },
        {
            "type": "Feature",
            "geometry": {
                "type": "Point",
                "coordinates": [
                    6.9187019,
                    48.0763775
                ]
            },
            "properties": {
                "id": "000MS",
                "name": "Xonrupt-Longemer - Le Poli",
                "elevation": 785,
                "license": {
                    "code": 1,
                    "license": "CC BY",
                    "url": "https:\/\/creativecommons.org\/licenses\/by\/2.0\/fr\/",
                    "source": "infoclimat.fr"
                },
                "country": "FR",
                "departement": "88",
                "last_activity": "2026-06-25T13:30:00Z"
            }
        },
        {
            "type": "Feature",
            "geometry": {
                "type": "Point",
                "coordinates": [
                    2.984209,
                    49.626997
                ]
            },
            "properties": {
                "id": "000MU",
                "name": "Bussy",
                "elevation": 50,
                "license": {
                    "code": 1,
                    "license": "CC BY",
                    "url": "https:\/\/creativecommons.org\/licenses\/by\/2.0\/fr\/",
                    "source": "infoclimat.fr"
                },
                "country": "FR",
                "departement": "60",
                "last_activity": "2019-08-15T17:30:00Z"
            }
        },
        {
            "type": "Feature",
            "geometry": {
                "type": "Point",
                "coordinates": [
                    6.63162,
                    45.94423
                ]
            },
            "properties": {
                "id": "000MY",
                "name": "Sallanches",
                "elevation": 571,
                "license": {
                    "code": 2,
                    "license": "NON-COMMERCIAL ONLY: CC BY NC",
                    "url": "https:\/\/creativecommons.org\/licenses\/by-nc\/2.0\/fr\/",
                    "source": "infoclimat.fr"
                },
                "country": "FR",
                "departement": "74",
                "last_activity": "2026-06-25T13:30:00Z"
            }
        },
        {
            "type": "Feature",
            "geometry": {
                "type": "Point",
                "coordinates": [
                    3.08333,
                    44.1
                ]
            },
            "properties": {
                "id": "000MV",
                "name": "Millau",
                "elevation": 475,
                "license": {
                    "code": 1,
                    "license": "CC BY",
                    "url": "https:\/\/creativecommons.org\/licenses\/by\/2.0\/fr\/",
                    "source": "infoclimat.fr"
                },
                "country": "FR",
                "departement": "12",
                "last_activity": "2026-06-25T13:30:00Z"
            }
        },
        {
            "type": "Feature",
            "geometry": {
                "type": "Point",
                "coordinates": [
                    0.8038,
                    46.92017
                ]
            },
            "properties": {
                "id": "000MW",
                "name": "Le Grand-Pressigny",
                "elevation": 72,
                "license": {
                    "code": 1,
                    "license": "CC BY",
                    "url": "https:\/\/creativecommons.org\/licenses\/by\/2.0\/fr\/",
                    "source": "infoclimat.fr"
                },
                "country": "FR",
                "departement": "37",
                "last_activity": "2026-06-10T04:50:00Z"
            }
        },
        {
            "type": "Feature",
            "geometry": {
                "type": "Point",
                "coordinates": [
                    6.8443,
                    43.69539
                ]
            },
            "properties": {
                "id": "000MX",
                "name": "Saint-Vallier-de-Thiey",
                "elevation": 723,
                "license": {
                    "code": 1,
                    "license": "CC BY",
                    "url": "https:\/\/creativecommons.org\/licenses\/by\/2.0\/fr\/",
                    "source": "infoclimat.fr"
                },
                "country": "FR",
                "departement": "06",
                "last_activity": "2026-06-25T13:20:00Z"
            }
        },
        {
            "type": "Feature",
            "geometry": {
                "type": "Point",
                "coordinates": [
                    1.38829,
                    45.86351
                ]
            },
            "properties": {
                "id": "000MZ",
                "name": "Saint-Just-le-Martel",
                "elevation": 320,
                "license": {
                    "code": 1,
                    "license": "CC BY",
                    "url": "https:\/\/creativecommons.org\/licenses\/by\/2.0\/fr\/",
                    "source": "infoclimat.fr"
                },
                "country": "FR",
                "departement": "87",
                "last_activity": "2026-06-25T13:30:00Z"
            }
        },
        {
            "type": "Feature",
            "geometry": {
                "type": "Point",
                "coordinates": [
                    -0.83619,
                    46.77941
                ]
            },
            "properties": {
                "id": "000NB",
                "name": "Pouzauges",
                "elevation": 125,
                "license": {
                    "code": 2,
                    "license": "NON-COMMERCIAL ONLY: CC BY NC",
                    "url": "https:\/\/creativecommons.org\/licenses\/by-nc\/2.0\/fr\/",
                    "source": "infoclimat.fr"
                },
                "country": "FR",
                "departement": "85",
                "last_activity": "2026-06-25T13:30:00Z"
            }
        },
        {
            "type": "Feature",
            "geometry": {
                "type": "Point",
                "coordinates": [
                    4.41139,
                    48.88144
                ]
            },
            "properties": {
                "id": "000NC",
                "name": "Mairy-sur-Marne",
                "elevation": 93,
                "license": {
                    "code": 1,
                    "license": "CC BY",
                    "url": "https:\/\/creativecommons.org\/licenses\/by\/2.0\/fr\/",
                    "source": "infoclimat.fr"
                },
                "country": "FR",
                "departement": "51",
                "last_activity": "2026-06-25T13:30:00Z"
            }
        },
        {
            "type": "Feature",
            "geometry": {
                "type": "Point",
                "coordinates": [
                    1.8735,
                    43.08773
                ]
            },
            "properties": {
                "id": "000ND",
                "name": "Mirepoix",
                "elevation": 305,
                "license": {
                    "code": 2,
                    "license": "NON-COMMERCIAL ONLY: CC BY NC",
                    "url": "https:\/\/creativecommons.org\/licenses\/by-nc\/2.0\/fr\/",
                    "source": "infoclimat.fr"
                },
                "country": "FR",
                "departement": "09",
                "last_activity": "2026-06-25T13:30:00Z"
            }
        },
        {
            "type": "Feature",
            "geometry": {
                "type": "Point",
                "coordinates": [
                    6.95185,
                    43.78119
                ]
            },
            "properties": {
                "id": "000NF",
                "name": "Cipi\u00e8res",
                "elevation": 823,
                "license": {
                    "code": 1,
                    "license": "CC BY",
                    "url": "https:\/\/creativecommons.org\/licenses\/by\/2.0\/fr\/",
                    "source": "infoclimat.fr"
                },
                "country": "FR",
                "departement": "06",
                "last_activity": "2026-06-25T13:20:00Z"
            }
        },
        {
            "type": "Feature",
            "geometry": {
                "type": "Point",
                "coordinates": [
                    1.981274,
                    49.448603
                ]
            },
            "properties": {
                "id": "000NG",
                "name": "Saint-Germain-la-Poterie",
                "elevation": 172,
                "license": {
                    "code": 1,
                    "license": "CC BY",
                    "url": "https:\/\/creativecommons.org\/licenses\/by\/2.0\/fr\/",
                    "source": "infoclimat.fr"
                },
                "country": "FR",
                "departement": "60",
                "last_activity": "2026-06-25T13:30:00Z"
            }
        },
        {
            "type": "Feature",
            "geometry": {
                "type": "Point",
                "coordinates": [
                    2.94614,
                    43.25953
                ]
            },
            "properties": {
                "id": "000NI",
                "name": "Sall\u00e8les-d'Aude",
                "elevation": 21,
                "license": {
                    "code": 1,
                    "license": "CC BY",
                    "url": "https:\/\/creativecommons.org\/licenses\/by\/2.0\/fr\/",
                    "source": "infoclimat.fr"
                },
                "country": "FR",
                "departement": "11",
                "last_activity": "2026-06-25T13:30:00Z"
            }
        },
        {
            "type": "Feature",
            "geometry": {
                "type": "Point",
                "coordinates": [
                    4.29166,
                    45.11503
                ]
            },
            "properties": {
                "id": "000NJ",
                "name": "Tence",
                "elevation": 891,
                "license": {
                    "code": 1,
                    "license": "CC BY",
                    "url": "https:\/\/creativecommons.org\/licenses\/by\/2.0\/fr\/",
                    "source": "infoclimat.fr"
                },
                "country": "FR",
                "departement": "43",
                "last_activity": "2026-06-25T13:20:00Z"
            }
        },
        {
            "type": "Feature",
            "geometry": {
                "type": "Point",
                "coordinates": [
                    7.041474200000039,
                    43.6215604
                ]
            },
            "properties": {
                "id": "ME138",
                "name": "[MAE] Centre International de Valbonne - VALBONNE",
                "elevation": 175,
                "license": {
                    "code": 1,
                    "license": "CC BY",
                    "url": "https:\/\/creativecommons.org\/licenses\/by\/2.0\/fr\/",
                    "source": "infoclimat.fr"
                },
                "country": "FR",
                "departement": "06",
                "last_activity": "2026-06-25T13:30:00Z"
            }
        },
        {
            "type": "Feature",
            "geometry": {
                "type": "Point",
                "coordinates": [
                    7.05843,
                    47.87972
                ]
            },
            "properties": {
                "id": "000NK",
                "name": "Geishouse",
                "elevation": 660,
                "license": {
                    "code": 2,
                    "license": "NON-COMMERCIAL ONLY: CC BY NC",
                    "url": "https:\/\/creativecommons.org\/licenses\/by-nc\/2.0\/fr\/",
                    "source": "infoclimat.fr"
                },
                "country": "FR",
                "departement": "68",
                "last_activity": "2026-06-25T13:30:00Z"
            }
        },
        {
            "type": "Feature",
            "geometry": {
                "type": "Point",
                "coordinates": [
                    6.84,
                    44.59295
                ]
            },
            "properties": {
                "id": "000NL",
                "name": "Saint-Paul-sur-Ubaye - Maljasset",
                "elevation": 1900,
                "license": {
                    "code": 1,
                    "license": "CC BY",
                    "url": "https:\/\/creativecommons.org\/licenses\/by\/2.0\/fr\/",
                    "source": "infoclimat.fr"
                },
                "country": "FR",
                "departement": "04",
                "last_activity": "2026-06-25T13:30:00Z"
            }
        },
        {
            "type": "Feature",
            "geometry": {
                "type": "Point",
                "coordinates": [
                    -3.41667,
                    48.06667
                ]
            },
            "properties": {
                "id": "000NM",
                "name": "Priziac",
                "elevation": 150,
                "license": {
                    "code": 2,
                    "license": "NON-COMMERCIAL ONLY: CC BY NC",
                    "url": "https:\/\/creativecommons.org\/licenses\/by-nc\/2.0\/fr\/",
                    "source": "infoclimat.fr"
                },
                "country": "FR",
                "departement": "56",
                "last_activity": "2026-06-25T13:20:00Z"
            }
        },
        {
            "type": "Feature",
            "geometry": {
                "type": "Point",
                "coordinates": [
                    0.159285,
                    40.521986
                ]
            },
            "properties": {
                "id": "000NN",
                "name": "Chert\/Xert",
                "elevation": 452,
                "license": {
                    "code": 2,
                    "license": "NON-COMMERCIAL ONLY: CC BY NC",
                    "url": "https:\/\/creativecommons.org\/licenses\/by-nc\/2.0\/fr\/",
                    "source": "infoclimat.fr"
                },
                "country": "ES",
                "departement": "ES",
                "last_activity": "2026-06-25T13:20:00Z"
            }
        },
        {
            "type": "Feature",
            "geometry": {
                "type": "Point",
                "coordinates": [
                    5.441715,
                    43.440777
                ]
            },
            "properties": {
                "id": "000NP",
                "name": "Simiane-Collongue",
                "elevation": 240,
                "license": {
                    "code": 2,
                    "license": "NON-COMMERCIAL ONLY: CC BY NC",
                    "url": "https:\/\/creativecommons.org\/licenses\/by-nc\/2.0\/fr\/",
                    "source": "infoclimat.fr"
                },
                "country": "FR",
                "departement": "13",
                "last_activity": "2026-06-25T13:30:00Z"
            }
        },
        {
            "type": "Feature",
            "geometry": {
                "type": "Point",
                "coordinates": [
                    -4.59615,
                    48.27497
                ]
            },
            "properties": {
                "id": "000NQ",
                "name": "Camaret-sur-Mer",
                "elevation": 43,
                "license": {
                    "code": 1,
                    "license": "CC BY",
                    "url": "https:\/\/creativecommons.org\/licenses\/by\/2.0\/fr\/",
                    "source": "infoclimat.fr"
                },
                "country": "FR",
                "departement": "29",
                "last_activity": "2023-07-31T07:50:00Z"
            }
        },
        {
            "type": "Feature",
            "geometry": {
                "type": "Point",
                "coordinates": [
                    6.26186,
                    48.71114
                ]
            },
            "properties": {
                "id": "000NR",
                "name": "Seichamps",
                "elevation": 226,
                "license": {
                    "code": 2,
                    "license": "NON-COMMERCIAL ONLY: CC BY NC",
                    "url": "https:\/\/creativecommons.org\/licenses\/by-nc\/2.0\/fr\/",
                    "source": "infoclimat.fr"
                },
                "country": "FR",
                "departement": "54",
                "last_activity": "2026-06-25T13:30:00Z"
            }
        },
        {
            "type": "Feature",
            "geometry": {
                "type": "Point",
                "coordinates": [
                    2.61667,
                    45.15
                ]
            },
            "properties": {
                "id": "000NT",
                "name": "Le Falgoux",
                "elevation": 978,
                "license": {
                    "code": 2,
                    "license": "NON-COMMERCIAL ONLY: CC BY NC",
                    "url": "https:\/\/creativecommons.org\/licenses\/by-nc\/2.0\/fr\/",
                    "source": "infoclimat.fr"
                },
                "country": "FR",
                "departement": "15",
                "last_activity": "2026-06-25T13:30:00Z"
            }
        },
        {
            "type": "Feature",
            "geometry": {
                "type": "Point",
                "coordinates": [
                    -3.333325,
                    48.515844
                ]
            },
            "properties": {
                "id": "000NU",
                "name": "Louargat",
                "elevation": 192,
                "license": {
                    "code": 2,
                    "license": "NON-COMMERCIAL ONLY: CC BY NC",
                    "url": "https:\/\/creativecommons.org\/licenses\/by-nc\/2.0\/fr\/",
                    "source": "infoclimat.fr"
                },
                "country": "FR",
                "departement": "22",
                "last_activity": "2026-06-25T13:20:00Z"
            }
        },
        {
            "type": "Feature",
            "geometry": {
                "type": "Point",
                "coordinates": [
                    2.015646,
                    48.999041
                ]
            },
            "properties": {
                "id": "000NV",
                "name": "Triel-sur-Seine - L'Hautil",
                "elevation": 177,
                "license": {
                    "code": 1,
                    "license": "CC BY",
                    "url": "https:\/\/creativecommons.org\/licenses\/by\/2.0\/fr\/",
                    "source": "infoclimat.fr"
                },
                "country": "FR",
                "departement": "78",
                "last_activity": "2026-06-25T13:30:00Z"
            }
        },
        {
            "type": "Feature",
            "geometry": {
                "type": "Point",
                "coordinates": [
                    4.735,
                    49.747
                ]
            },
            "properties": {
                "id": "000NW",
                "name": "Charleville-M\u00e9zi\u00e8res - Mohon",
                "elevation": 146,
                "license": {
                    "code": 1,
                    "license": "CC BY",
                    "url": "https:\/\/creativecommons.org\/licenses\/by\/2.0\/fr\/",
                    "source": "infoclimat.fr"
                },
                "country": "FR",
                "departement": "08",
                "last_activity": "2022-09-02T17:00:00Z"
            }
        },
        {
            "type": "Feature",
            "geometry": {
                "type": "Point",
                "coordinates": [
                    0.24593,
                    44.27091
                ]
            },
            "properties": {
                "id": "000NX",
                "name": "Saint-L\u00e9on",
                "elevation": 144,
                "license": {
                    "code": 1,
                    "license": "CC BY",
                    "url": "https:\/\/creativecommons.org\/licenses\/by\/2.0\/fr\/",
                    "source": "infoclimat.fr"
                },
                "country": "FR",
                "departement": "47",
                "last_activity": "2026-06-25T13:30:00Z"
            }
        },
        {
            "type": "Feature",
            "geometry": {
                "type": "Point",
                "coordinates": [
                    -0.30762,
                    45.25495
                ]
            },
            "properties": {
                "id": "000NZ",
                "name": "Chepniers",
                "elevation": 87,
                "license": {
                    "code": 1,
                    "license": "CC BY",
                    "url": "https:\/\/creativecommons.org\/licenses\/by\/2.0\/fr\/",
                    "source": "infoclimat.fr"
                },
                "country": "FR",
                "departement": "17",
                "last_activity": "2026-06-25T13:30:00Z"
            }
        },
        {
            "type": "Feature",
            "geometry": {
                "type": "Point",
                "coordinates": [
                    7.697846,
                    49.03529
                ]
            },
            "properties": {
                "id": "000OA",
                "name": "Obersteinbach",
                "elevation": 241,
                "license": {
                    "code": 2,
                    "license": "NON-COMMERCIAL ONLY: CC BY NC",
                    "url": "https:\/\/creativecommons.org\/licenses\/by-nc\/2.0\/fr\/",
                    "source": "infoclimat.fr"
                },
                "country": "FR",
                "departement": "67",
                "last_activity": "2026-06-25T13:30:00Z"
            }
        },
        {
            "type": "Feature",
            "geometry": {
                "type": "Point",
                "coordinates": [
                    3.91859,
                    43.83697
                ]
            },
            "properties": {
                "id": "000OB",
                "name": "Sauteyrargues",
                "elevation": 150,
                "license": {
                    "code": 1,
                    "license": "CC BY",
                    "url": "https:\/\/creativecommons.org\/licenses\/by\/2.0\/fr\/",
                    "source": "infoclimat.fr"
                },
                "country": "FR",
                "departement": "34",
                "last_activity": "2021-02-27T07:30:00Z"
            }
        },
        {
            "type": "Feature",
            "geometry": {
                "type": "Point",
                "coordinates": [
                    -1.85,
                    38.1
                ]
            },
            "properties": {
                "id": "000OE",
                "name": "Caravaca",
                "elevation": 612,
                "license": {
                    "code": 2,
                    "license": "NON-COMMERCIAL ONLY: CC BY NC",
                    "url": "https:\/\/creativecommons.org\/licenses\/by-nc\/2.0\/fr\/",
                    "source": "infoclimat.fr"
                },
                "country": "ES",
                "departement": "ES",
                "last_activity": "2024-11-20T10:20:00Z"
            }
        },
        {
            "type": "Feature",
            "geometry": {
                "type": "Point",
                "coordinates": [
                    6.54356,
                    46.38773
                ]
            },
            "properties": {
                "id": "000OF",
                "name": "Publier",
                "elevation": 530,
                "license": {
                    "code": 2,
                    "license": "NON-COMMERCIAL ONLY: CC BY NC",
                    "url": "https:\/\/creativecommons.org\/licenses\/by-nc\/2.0\/fr\/",
                    "source": "infoclimat.fr"
                },
                "country": "FR",
                "departement": "74",
                "last_activity": "2026-01-02T08:20:00Z"
            }
        },
        {
            "type": "Feature",
            "geometry": {
                "type": "Point",
                "coordinates": [
                    6.135078,
                    48.698525
                ]
            },
            "properties": {
                "id": "ME139",
                "name": "[MAE] Coll\u00e8ge Jean-de-la-Fontaine - LAXOU",
                "elevation": 343,
                "license": {
                    "code": 1,
                    "license": "CC BY",
                    "url": "https:\/\/creativecommons.org\/licenses\/by\/2.0\/fr\/",
                    "source": "infoclimat.fr"
                },
                "country": "FR",
                "departement": "54",
                "last_activity": "2026-06-25T13:30:00Z"
            }
        },
        {
            "type": "Feature",
            "geometry": {
                "type": "Point",
                "coordinates": [
                    2.11162,
                    47.29085
                ]
            },
            "properties": {
                "id": "000OG",
                "name": "Or\u00e7ay",
                "elevation": 155,
                "license": {
                    "code": 2,
                    "license": "NON-COMMERCIAL ONLY: CC BY NC",
                    "url": "https:\/\/creativecommons.org\/licenses\/by-nc\/2.0\/fr\/",
                    "source": "infoclimat.fr"
                },
                "country": "FR",
                "departement": "41",
                "last_activity": "2026-06-25T13:30:00Z"
            }
        },
        {
            "type": "Feature",
            "geometry": {
                "type": "Point",
                "coordinates": [
                    -2.91501,
                    47.74134
                ]
            },
            "properties": {
                "id": "000OH",
                "name": "Plumergat",
                "elevation": 50,
                "license": {
                    "code": 2,
                    "license": "NON-COMMERCIAL ONLY: CC BY NC",
                    "url": "https:\/\/creativecommons.org\/licenses\/by-nc\/2.0\/fr\/",
                    "source": "infoclimat.fr"
                },
                "country": "FR",
                "departement": "56",
                "last_activity": "2026-06-25T13:30:00Z"
            }
        },
        {
            "type": "Feature",
            "geometry": {
                "type": "Point",
                "coordinates": [
                    -3.56411,
                    47.86658
                ]
            },
            "properties": {
                "id": "000OI",
                "name": "Quimperl\u00e9",
                "elevation": 51,
                "license": {
                    "code": 1,
                    "license": "CC BY",
                    "url": "https:\/\/creativecommons.org\/licenses\/by\/2.0\/fr\/",
                    "source": "infoclimat.fr"
                },
                "country": "FR",
                "departement": "29",
                "last_activity": "2026-06-25T13:30:00Z"
            }
        },
        {
            "type": "Feature",
            "geometry": {
                "type": "Point",
                "coordinates": [
                    0.86486,
                    48.55688
                ]
            },
            "properties": {
                "id": "000OJ",
                "name": "La Lande-sur-Eure",
                "elevation": 235,
                "license": {
                    "code": 1,
                    "license": "CC BY",
                    "url": "https:\/\/creativecommons.org\/licenses\/by\/2.0\/fr\/",
                    "source": "infoclimat.fr"
                },
                "country": "FR",
                "departement": "61",
                "last_activity": "2021-11-02T07:20:00Z"
            }
        },
        {
            "type": "Feature",
            "geometry": {
                "type": "Point",
                "coordinates": [
                    7.92189,
                    48.80604
                ]
            },
            "properties": {
                "id": "000OK",
                "name": "Schirrhoffen",
                "elevation": 138,
                "license": {
                    "code": 1,
                    "license": "CC BY",
                    "url": "https:\/\/creativecommons.org\/licenses\/by\/2.0\/fr\/",
                    "source": "infoclimat.fr"
                },
                "country": "FR",
                "departement": "67",
                "last_activity": "2023-02-06T15:10:00Z"
            }
        },
        {
            "type": "Feature",
            "geometry": {
                "type": "Point",
                "coordinates": [
                    49.410766,
                    -18.14207
                ]
            },
            "properties": {
                "id": "ME140",
                "name": "[MAE] Lyc\u00e9e Fran\u00e7ais de Tamatave",
                "elevation": 11,
                "license": {
                    "code": 1,
                    "license": "CC BY",
                    "url": "https:\/\/creativecommons.org\/licenses\/by\/2.0\/fr\/",
                    "source": "infoclimat.fr"
                },
                "country": "MG",
                "departement": "MG",
                "last_activity": "2026-02-10T13:10:00Z"
            }
        },
        {
            "type": "Feature",
            "geometry": {
                "type": "Point",
                "coordinates": [
                    2.510861,
                    48.842299
                ]
            },
            "properties": {
                "id": "000OM",
                "name": "Le Perreux-sur-Marne",
                "elevation": 55,
                "license": {
                    "code": 1,
                    "license": "CC BY",
                    "url": "https:\/\/creativecommons.org\/licenses\/by\/2.0\/fr\/",
                    "source": "infoclimat.fr"
                },
                "country": "FR",
                "departement": "94",
                "last_activity": "2026-06-25T13:30:00Z"
            }
        },
        {
            "type": "Feature",
            "geometry": {
                "type": "Point",
                "coordinates": [
                    4.3803,
                    44.02869
                ]
            },
            "properties": {
                "id": "000OW",
                "name": "Montaren-et-Saint-M\u00e9diers",
                "elevation": 112,
                "license": {
                    "code": 1,
                    "license": "CC BY",
                    "url": "https:\/\/creativecommons.org\/licenses\/by\/2.0\/fr\/",
                    "source": "infoclimat.fr"
                },
                "country": "FR",
                "departement": "30",
                "last_activity": "2026-06-25T13:00:00Z"
            }
        },
        {
            "type": "Feature",
            "geometry": {
                "type": "Point",
                "coordinates": [
                    5.11466,
                    46.6819
                ]
            },
            "properties": {
                "id": "000ON",
                "name": "Montret",
                "elevation": 205,
                "license": {
                    "code": 1,
                    "license": "CC BY",
                    "url": "https:\/\/creativecommons.org\/licenses\/by\/2.0\/fr\/",
                    "source": "infoclimat.fr"
                },
                "country": "FR",
                "departement": "71",
                "last_activity": "2026-06-25T13:00:00Z"
            }
        },
        {
            "type": "Feature",
            "geometry": {
                "type": "Point",
                "coordinates": [
                    6.2873,
                    43.5069
                ]
            },
            "properties": {
                "id": "000OO",
                "name": "Saint-Antonin-du-Var",
                "elevation": 202,
                "license": {
                    "code": 2,
                    "license": "NON-COMMERCIAL ONLY: CC BY NC",
                    "url": "https:\/\/creativecommons.org\/licenses\/by-nc\/2.0\/fr\/",
                    "source": "infoclimat.fr"
                },
                "country": "FR",
                "departement": "83",
                "last_activity": "2026-06-25T13:30:00Z"
            }
        },
        {
            "type": "Feature",
            "geometry": {
                "type": "Point",
                "coordinates": [
                    -0.14192,
                    45.77332
                ]
            },
            "properties": {
                "id": "000OP",
                "name": "Mareuil",
                "elevation": 72,
                "license": {
                    "code": 2,
                    "license": "NON-COMMERCIAL ONLY: CC BY NC",
                    "url": "https:\/\/creativecommons.org\/licenses\/by-nc\/2.0\/fr\/",
                    "source": "infoclimat.fr"
                },
                "country": "FR",
                "departement": "16",
                "last_activity": "2026-06-25T13:30:00Z"
            }
        },
        {
            "type": "Feature",
            "geometry": {
                "type": "Point",
                "coordinates": [
                    7.505578595814506,
                    48.46906559752293
                ]
            },
            "properties": {
                "id": "000OQ",
                "name": "Obernai",
                "elevation": 179,
                "license": {
                    "code": 2,
                    "license": "NON-COMMERCIAL ONLY: CC BY NC",
                    "url": "https:\/\/creativecommons.org\/licenses\/by-nc\/2.0\/fr\/",
                    "source": "infoclimat.fr"
                },
                "country": "FR",
                "departement": "67",
                "last_activity": "2026-06-25T13:30:00Z"
            }
        },
        {
            "type": "Feature",
            "geometry": {
                "type": "Point",
                "coordinates": [
                    7.86667,
                    48.98333
                ]
            },
            "properties": {
                "id": "000OR",
                "name": "Drachenbronn-Birlenbach",
                "elevation": 240,
                "license": {
                    "code": 2,
                    "license": "NON-COMMERCIAL ONLY: CC BY NC",
                    "url": "https:\/\/creativecommons.org\/licenses\/by-nc\/2.0\/fr\/",
                    "source": "infoclimat.fr"
                },
                "country": "FR",
                "departement": "67",
                "last_activity": "2024-07-17T17:40:00Z"
            }
        },
        {
            "type": "Feature",
            "geometry": {
                "type": "Point",
                "coordinates": [
                    5.29222,
                    44.83784
                ]
            },
            "properties": {
                "id": "000OS",
                "name": "Saint-Julien-en-Quint",
                "elevation": 574,
                "license": {
                    "code": 2,
                    "license": "NON-COMMERCIAL ONLY: CC BY NC",
                    "url": "https:\/\/creativecommons.org\/licenses\/by-nc\/2.0\/fr\/",
                    "source": "infoclimat.fr"
                },
                "country": "FR",
                "departement": "26",
                "last_activity": "2026-06-25T13:30:00Z"
            }
        },
        {
            "type": "Feature",
            "geometry": {
                "type": "Point",
                "coordinates": [
                    -63.215906,
                    -17.783597
                ]
            },
            "properties": {
                "id": "ME141",
                "name": "[MAE] Lyc\u00e9e Fran\u00e7ais de Santa Cruz",
                "elevation": 424,
                "license": {
                    "code": 1,
                    "license": "CC BY",
                    "url": "https:\/\/creativecommons.org\/licenses\/by\/2.0\/fr\/",
                    "source": "infoclimat.fr"
                },
                "country": "BO",
                "departement": "BO",
                "last_activity": "2024-04-15T13:20:00Z"
            }
        },
        {
            "type": "Feature",
            "geometry": {
                "type": "Point",
                "coordinates": [
                    126.997934,
                    37.495705
                ]
            },
            "properties": {
                "id": "ME142",
                "name": "[MAE] Lyc\u00e9e Fran\u00e7ais de S\u00e9oul",
                "elevation": 35,
                "license": {
                    "code": 1,
                    "license": "CC BY",
                    "url": "https:\/\/creativecommons.org\/licenses\/by\/2.0\/fr\/",
                    "source": "infoclimat.fr"
                },
                "country": "KR",
                "departement": "KR",
                "last_activity": "2026-06-25T13:30:00Z"
            }
        },
        {
            "type": "Feature",
            "geometry": {
                "type": "Point",
                "coordinates": [
                    -82.463681,
                    23.08553
                ]
            },
            "properties": {
                "id": "ME143",
                "name": "[MAE] Lyc\u00e9e Fran\u00e7ais de La Havane",
                "elevation": 11,
                "license": {
                    "code": 1,
                    "license": "CC BY",
                    "url": "https:\/\/creativecommons.org\/licenses\/by\/2.0\/fr\/",
                    "source": "infoclimat.fr"
                },
                "country": "CU",
                "departement": "CU",
                "last_activity": "2026-06-25T13:30:00Z"
            }
        },
        {
            "type": "Feature",
            "geometry": {
                "type": "Point",
                "coordinates": [
                    4.229194,
                    50.178036
                ]
            },
            "properties": {
                "id": "000OU",
                "name": "Sivry-Rance",
                "elevation": 250,
                "license": {
                    "code": 2,
                    "license": "NON-COMMERCIAL ONLY: CC BY NC",
                    "url": "https:\/\/creativecommons.org\/licenses\/by-nc\/2.0\/fr\/",
                    "source": "infoclimat.fr"
                },
                "country": "BE",
                "departement": "BE",
                "last_activity": "2026-06-25T13:30:00Z"
            }
        },
        {
            "type": "Feature",
            "geometry": {
                "type": "Point",
                "coordinates": [
                    4.16667,
                    43.71667
                ]
            },
            "properties": {
                "id": "000OZ",
                "name": "Gallargues-le-Montueux",
                "elevation": 30,
                "license": {
                    "code": 1,
                    "license": "CC BY",
                    "url": "https:\/\/creativecommons.org\/licenses\/by\/2.0\/fr\/",
                    "source": "infoclimat.fr"
                },
                "country": "FR",
                "departement": "30",
                "last_activity": "2026-06-25T13:30:00Z"
            }
        },
        {
            "type": "Feature",
            "geometry": {
                "type": "Point",
                "coordinates": [
                    4.26508,
                    45.56195
                ]
            },
            "properties": {
                "id": "000OX",
                "name": "Veauchette",
                "elevation": 359,
                "license": {
                    "code": 2,
                    "license": "NON-COMMERCIAL ONLY: CC BY NC",
                    "url": "https:\/\/creativecommons.org\/licenses\/by-nc\/2.0\/fr\/",
                    "source": "infoclimat.fr"
                },
                "country": "FR",
                "departement": "42",
                "last_activity": "2026-06-25T13:20:00Z"
            }
        },
        {
            "type": "Feature",
            "geometry": {
                "type": "Point",
                "coordinates": [
                    7.26812,
                    48.86933
                ]
            },
            "properties": {
                "id": "000PA",
                "name": "Petersbach",
                "elevation": 355,
                "license": {
                    "code": 1,
                    "license": "CC BY",
                    "url": "https:\/\/creativecommons.org\/licenses\/by\/2.0\/fr\/",
                    "source": "infoclimat.fr"
                },
                "country": "FR",
                "departement": "67",
                "last_activity": "2026-06-25T13:30:00Z"
            }
        },
        {
            "type": "Feature",
            "geometry": {
                "type": "Point",
                "coordinates": [
                    5.1928,
                    44.46287
                ]
            },
            "properties": {
                "id": "000PG",
                "name": "Valouse",
                "elevation": 767,
                "license": {
                    "code": 2,
                    "license": "NON-COMMERCIAL ONLY: CC BY NC",
                    "url": "https:\/\/creativecommons.org\/licenses\/by-nc\/2.0\/fr\/",
                    "source": "infoclimat.fr"
                },
                "country": "FR",
                "departement": "26",
                "last_activity": "2026-06-23T21:10:00Z"
            }
        },
        {
            "type": "Feature",
            "geometry": {
                "type": "Point",
                "coordinates": [
                    -0.89835,
                    48.7494
                ]
            },
            "properties": {
                "id": "000PH",
                "name": "Vengeons",
                "elevation": 340,
                "license": {
                    "code": 1,
                    "license": "CC BY",
                    "url": "https:\/\/creativecommons.org\/licenses\/by\/2.0\/fr\/",
                    "source": "infoclimat.fr"
                },
                "country": "FR",
                "departement": "50",
                "last_activity": "2026-06-25T13:30:00Z"
            }
        },
        {
            "type": "Feature",
            "geometry": {
                "type": "Point",
                "coordinates": [
                    3.01041,
                    49.64429
                ]
            },
            "properties": {
                "id": "000PI",
                "name": "Muirancourt",
                "elevation": 60,
                "license": {
                    "code": 1,
                    "license": "CC BY",
                    "url": "https:\/\/creativecommons.org\/licenses\/by\/2.0\/fr\/",
                    "source": "infoclimat.fr"
                },
                "country": "FR",
                "departement": "60",
                "last_activity": "2026-06-25T13:20:00Z"
            }
        },
        {
            "type": "Feature",
            "geometry": {
                "type": "Point",
                "coordinates": [
                    0.174,
                    45.4951
                ]
            },
            "properties": {
                "id": "000PJ",
                "name": "Charmant",
                "elevation": 148,
                "license": {
                    "code": 1,
                    "license": "CC BY",
                    "url": "https:\/\/creativecommons.org\/licenses\/by\/2.0\/fr\/",
                    "source": "infoclimat.fr"
                },
                "country": "FR",
                "departement": "16",
                "last_activity": "2026-06-25T13:30:00Z"
            }
        },
        {
            "type": "Feature",
            "geometry": {
                "type": "Point",
                "coordinates": [
                    7.149546,
                    43.848274
                ]
            },
            "properties": {
                "id": "000PK",
                "name": "Gilette - La Clave",
                "elevation": 150,
                "license": {
                    "code": 1,
                    "license": "CC BY",
                    "url": "https:\/\/creativecommons.org\/licenses\/by\/2.0\/fr\/",
                    "source": "infoclimat.fr"
                },
                "country": "FR",
                "departement": "06",
                "last_activity": "2026-06-25T13:30:00Z"
            }
        },
        {
            "type": "Feature",
            "geometry": {
                "type": "Point",
                "coordinates": [
                    6.85,
                    46.3833333
                ]
            },
            "properties": {
                "id": "000PL",
                "name": "Bouveret",
                "elevation": 378,
                "license": {
                    "code": 1,
                    "license": "CC BY",
                    "url": "https:\/\/creativecommons.org\/licenses\/by\/2.0\/fr\/",
                    "source": "infoclimat.fr"
                },
                "country": "CH",
                "departement": "CH",
                "last_activity": "2026-06-25T13:30:00Z"
            }
        },
        {
            "type": "Feature",
            "geometry": {
                "type": "Point",
                "coordinates": [
                    4.6377,
                    45.2456
                ]
            },
            "properties": {
                "id": "000PX",
                "name": "Annonay - Chatinais",
                "elevation": 540,
                "license": {
                    "code": 2,
                    "license": "NON-COMMERCIAL ONLY: CC BY NC",
                    "url": "https:\/\/creativecommons.org\/licenses\/by-nc\/2.0\/fr\/",
                    "source": "infoclimat.fr"
                },
                "country": "FR",
                "departement": "07",
                "last_activity": "2026-06-25T13:30:00Z"
            }
        },
        {
            "type": "Feature",
            "geometry": {
                "type": "Point",
                "coordinates": [
                    6.84622,
                    45.61161
                ]
            },
            "properties": {
                "id": "000PM",
                "name": "Montvalezan",
                "elevation": 1270,
                "license": {
                    "code": 2,
                    "license": "NON-COMMERCIAL ONLY: CC BY NC",
                    "url": "https:\/\/creativecommons.org\/licenses\/by-nc\/2.0\/fr\/",
                    "source": "infoclimat.fr"
                },
                "country": "FR",
                "departement": "73",
                "last_activity": "2026-06-25T13:30:00Z"
            }
        },
        {
            "type": "Feature",
            "geometry": {
                "type": "Point",
                "coordinates": [
                    8.780646,
                    -0.707542
                ]
            },
            "properties": {
                "id": "ME144",
                "name": "[MAE] Lyc\u00e9e Fran\u00e7ais Victor Hugo de Port-Gentil",
                "elevation": 5,
                "license": {
                    "code": 1,
                    "license": "CC BY",
                    "url": "https:\/\/creativecommons.org\/licenses\/by\/2.0\/fr\/",
                    "source": "infoclimat.fr"
                },
                "country": "GA",
                "departement": "GA",
                "last_activity": "2026-06-25T13:30:00Z"
            }
        },
        {
            "type": "Feature",
            "geometry": {
                "type": "Point",
                "coordinates": [
                    1.56667,
                    48.66667
                ]
            },
            "properties": {
                "id": "000PN",
                "name": "Senantes",
                "elevation": 119,
                "license": {
                    "code": 2,
                    "license": "NON-COMMERCIAL ONLY: CC BY NC",
                    "url": "https:\/\/creativecommons.org\/licenses\/by-nc\/2.0\/fr\/",
                    "source": "infoclimat.fr"
                },
                "country": "FR",
                "departement": "28",
                "last_activity": "2020-10-06T20:00:00Z"
            }
        },
        {
            "type": "Feature",
            "geometry": {
                "type": "Point",
                "coordinates": [
                    7.069986,
                    43.615886
                ]
            },
            "properties": {
                "id": "000PO",
                "name": "Biot - Polytech Nice Sophia",
                "elevation": 130,
                "license": {
                    "code": 2,
                    "license": "NON-COMMERCIAL ONLY: CC BY NC",
                    "url": "https:\/\/creativecommons.org\/licenses\/by-nc\/2.0\/fr\/",
                    "source": "infoclimat.fr"
                },
                "country": "FR",
                "departement": "06",
                "last_activity": "2026-06-24T04:50:00Z"
            }
        },
        {
            "type": "Feature",
            "geometry": {
                "type": "Point",
                "coordinates": [
                    -3.60755,
                    48.13866
                ]
            },
            "properties": {
                "id": "000PP",
                "name": "Gourin",
                "elevation": 150,
                "license": {
                    "code": 2,
                    "license": "NON-COMMERCIAL ONLY: CC BY NC",
                    "url": "https:\/\/creativecommons.org\/licenses\/by-nc\/2.0\/fr\/",
                    "source": "infoclimat.fr"
                },
                "country": "FR",
                "departement": "56",
                "last_activity": "2021-12-14T23:00:00Z"
            }
        },
        {
            "type": "Feature",
            "geometry": {
                "type": "Point",
                "coordinates": [
                    6.16162,
                    48.52251
                ]
            },
            "properties": {
                "id": "000PQ",
                "name": "Voin\u00e9mont",
                "elevation": 239,
                "license": {
                    "code": 1,
                    "license": "CC BY",
                    "url": "https:\/\/creativecommons.org\/licenses\/by\/2.0\/fr\/",
                    "source": "infoclimat.fr"
                },
                "country": "FR",
                "departement": "54",
                "last_activity": "2026-06-25T13:30:00Z"
            }
        },
        {
            "type": "Feature",
            "geometry": {
                "type": "Point",
                "coordinates": [
                    -0.98333,
                    43.75
                ]
            },
            "properties": {
                "id": "000PS",
                "name": "T\u00e9thieu",
                "elevation": 20,
                "license": {
                    "code": 1,
                    "license": "CC BY",
                    "url": "https:\/\/creativecommons.org\/licenses\/by\/2.0\/fr\/",
                    "source": "infoclimat.fr"
                },
                "country": "FR",
                "departement": "40",
                "last_activity": "2025-10-04T18:00:00Z"
            }
        },
        {
            "type": "Feature",
            "geometry": {
                "type": "Point",
                "coordinates": [
                    1.302747,
                    47.586096
                ]
            },
            "properties": {
                "id": "000PT",
                "name": "Blois - L'Arrou",
                "elevation": 98,
                "license": {
                    "code": 2,
                    "license": "NON-COMMERCIAL ONLY: CC BY NC",
                    "url": "https:\/\/creativecommons.org\/licenses\/by-nc\/2.0\/fr\/",
                    "source": "infoclimat.fr"
                },
                "country": "FR",
                "departement": "41",
                "last_activity": "2026-05-19T10:30:00Z"
            }
        },
        {
            "type": "Feature",
            "geometry": {
                "type": "Point",
                "coordinates": [
                    1.51185,
                    43.51966
                ]
            },
            "properties": {
                "id": "000PU",
                "name": "Castanet-Tolosan",
                "elevation": 150,
                "license": {
                    "code": 2,
                    "license": "NON-COMMERCIAL ONLY: CC BY NC",
                    "url": "https:\/\/creativecommons.org\/licenses\/by-nc\/2.0\/fr\/",
                    "source": "infoclimat.fr"
                },
                "country": "FR",
                "departement": "31",
                "last_activity": "2026-06-25T13:30:00Z"
            }
        },
        {
            "type": "Feature",
            "geometry": {
                "type": "Point",
                "coordinates": [
                    -2.0417,
                    47.3705
                ]
            },
            "properties": {
                "id": "000QF",
                "name": "Besn\u00e9",
                "elevation": 11,
                "license": {
                    "code": 1,
                    "license": "CC BY",
                    "url": "https:\/\/creativecommons.org\/licenses\/by\/2.0\/fr\/",
                    "source": "infoclimat.fr"
                },
                "country": "FR",
                "departement": "44",
                "last_activity": "2026-06-25T13:30:00Z"
            }
        },
        {
            "type": "Feature",
            "geometry": {
                "type": "Point",
                "coordinates": [
                    4.52124,
                    45.24673
                ]
            },
            "properties": {
                "id": "000PW",
                "name": "Burdignes",
                "elevation": 1230,
                "license": {
                    "code": 1,
                    "license": "CC BY",
                    "url": "https:\/\/creativecommons.org\/licenses\/by\/2.0\/fr\/",
                    "source": "infoclimat.fr"
                },
                "country": "FR",
                "departement": "42",
                "last_activity": "2022-10-03T16:20:00Z"
            }
        },
        {
            "type": "Feature",
            "geometry": {
                "type": "Point",
                "coordinates": [
                    4.7579,
                    45.2424
                ]
            },
            "properties": {
                "id": "000PY",
                "name": "Thorrenc",
                "elevation": 368,
                "license": {
                    "code": 2,
                    "license": "NON-COMMERCIAL ONLY: CC BY NC",
                    "url": "https:\/\/creativecommons.org\/licenses\/by-nc\/2.0\/fr\/",
                    "source": "infoclimat.fr"
                },
                "country": "FR",
                "departement": "07",
                "last_activity": "2026-06-25T13:20:00Z"
            }
        },
        {
            "type": "Feature",
            "geometry": {
                "type": "Point",
                "coordinates": [
                    7.060353,
                    45.422037
                ]
            },
            "properties": {
                "id": "000PZ",
                "name": "Glacier du Pisaillas, Val-d'Is\u00e8re\/Bonneval-sur-Arc",
                "elevation": 3119,
                "license": {
                    "code": 2,
                    "license": "NON-COMMERCIAL ONLY: CC BY NC",
                    "url": "https:\/\/creativecommons.org\/licenses\/by-nc\/2.0\/fr\/",
                    "source": "infoclimat.fr"
                },
                "country": "FR",
                "departement": "73",
                "last_activity": "2026-06-25T13:30:00Z"
            }
        },
        {
            "type": "Feature",
            "geometry": {
                "type": "Point",
                "coordinates": [
                    -1.105,
                    48.82357
                ]
            },
            "properties": {
                "id": "000QA",
                "name": "Fontenermont",
                "elevation": 212,
                "license": {
                    "code": 2,
                    "license": "NON-COMMERCIAL ONLY: CC BY NC",
                    "url": "https:\/\/creativecommons.org\/licenses\/by-nc\/2.0\/fr\/",
                    "source": "infoclimat.fr"
                },
                "country": "FR",
                "departement": "14",
                "last_activity": "2026-06-25T13:30:00Z"
            }
        },
        {
            "type": "Feature",
            "geometry": {
                "type": "Point",
                "coordinates": [
                    2.65729,
                    49.81224
                ]
            },
            "properties": {
                "id": "000QB",
                "name": "Caix",
                "elevation": 65,
                "license": {
                    "code": 1,
                    "license": "CC BY",
                    "url": "https:\/\/creativecommons.org\/licenses\/by\/2.0\/fr\/",
                    "source": "infoclimat.fr"
                },
                "country": "FR",
                "departement": "80",
                "last_activity": "2026-06-25T13:30:00Z"
            }
        },
        {
            "type": "Feature",
            "geometry": {
                "type": "Point",
                "coordinates": [
                    -0.93678,
                    49.19477
                ]
            },
            "properties": {
                "id": "000QC",
                "name": "Cerisy-la-For\u00eat",
                "elevation": 114,
                "license": {
                    "code": 1,
                    "license": "CC BY",
                    "url": "https:\/\/creativecommons.org\/licenses\/by\/2.0\/fr\/",
                    "source": "infoclimat.fr"
                },
                "country": "FR",
                "departement": "50",
                "last_activity": "2026-06-25T13:30:00Z"
            }
        },
        {
            "type": "Feature",
            "geometry": {
                "type": "Point",
                "coordinates": [
                    0.9165,
                    47.5981
                ]
            },
            "properties": {
                "id": "000QD",
                "name": "[MAE] Ch\u00e2teau-Renault - Coll\u00e8ge Andr\u00e9 Bauchant",
                "elevation": 120,
                "license": {
                    "code": 1,
                    "license": "CC BY",
                    "url": "https:\/\/creativecommons.org\/licenses\/by\/2.0\/fr\/",
                    "source": "infoclimat.fr"
                },
                "country": "FR",
                "departement": "37",
                "last_activity": "2025-08-16T11:20:00Z"
            }
        },
        {
            "type": "Feature",
            "geometry": {
                "type": "Point",
                "coordinates": [
                    6.3062,
                    45.286
                ]
            },
            "properties": {
                "id": "000QE",
                "name": "Jarrier - La Tuvi\u00e8re",
                "elevation": 1333,
                "license": {
                    "code": 1,
                    "license": "CC BY",
                    "url": "https:\/\/creativecommons.org\/licenses\/by\/2.0\/fr\/",
                    "source": "infoclimat.fr"
                },
                "country": "FR",
                "departement": "73",
                "last_activity": "2026-06-25T13:30:00Z"
            }
        },
        {
            "type": "Feature",
            "geometry": {
                "type": "Point",
                "coordinates": [
                    0.3071,
                    44.111
                ]
            },
            "properties": {
                "id": "000QG",
                "name": "N\u00e9rac",
                "elevation": 72,
                "license": {
                    "code": 1,
                    "license": "CC BY",
                    "url": "https:\/\/creativecommons.org\/licenses\/by\/2.0\/fr\/",
                    "source": "infoclimat.fr"
                },
                "country": "FR",
                "departement": "47",
                "last_activity": "2026-06-25T13:30:00Z"
            }
        },
        {
            "type": "Feature",
            "geometry": {
                "type": "Point",
                "coordinates": [
                    6.29857,
                    45.72659
                ]
            },
            "properties": {
                "id": "000QH",
                "name": "Seythenex",
                "elevation": 780,
                "license": {
                    "code": 1,
                    "license": "CC BY",
                    "url": "https:\/\/creativecommons.org\/licenses\/by\/2.0\/fr\/",
                    "source": "infoclimat.fr"
                },
                "country": "FR",
                "departement": "74",
                "last_activity": "2026-04-16T03:20:00Z"
            }
        },
        {
            "type": "Feature",
            "geometry": {
                "type": "Point",
                "coordinates": [
                    5.62837,
                    45.2476
                ]
            },
            "properties": {
                "id": "000QI",
                "name": "Noyarey",
                "elevation": 261,
                "license": {
                    "code": 2,
                    "license": "NON-COMMERCIAL ONLY: CC BY NC",
                    "url": "https:\/\/creativecommons.org\/licenses\/by-nc\/2.0\/fr\/",
                    "source": "infoclimat.fr"
                },
                "country": "FR",
                "departement": "38",
                "last_activity": "2021-09-11T09:00:00Z"
            }
        },
        {
            "type": "Feature",
            "geometry": {
                "type": "Point",
                "coordinates": [
                    2.5016,
                    43.5546
                ]
            },
            "properties": {
                "id": "000QJ",
                "name": "Lasfaillades",
                "elevation": 710,
                "license": {
                    "code": 1,
                    "license": "CC BY",
                    "url": "https:\/\/creativecommons.org\/licenses\/by\/2.0\/fr\/",
                    "source": "infoclimat.fr"
                },
                "country": "FR",
                "departement": "81",
                "last_activity": "2026-06-25T13:30:00Z"
            }
        },
        {
            "type": "Feature",
            "geometry": {
                "type": "Point",
                "coordinates": [
                    3.73333,
                    43.78333
                ]
            },
            "properties": {
                "id": "000QM",
                "name": "Saint-Martin-de-Londres",
                "elevation": 251,
                "license": {
                    "code": 2,
                    "license": "NON-COMMERCIAL ONLY: CC BY NC",
                    "url": "https:\/\/creativecommons.org\/licenses\/by-nc\/2.0\/fr\/",
                    "source": "infoclimat.fr"
                },
                "country": "FR",
                "departement": "34",
                "last_activity": "2026-06-25T13:30:00Z"
            }
        },
        {
            "type": "Feature",
            "geometry": {
                "type": "Point",
                "coordinates": [
                    5.5675,
                    44.64787
                ]
            },
            "properties": {
                "id": "000QN",
                "name": "Boulc",
                "elevation": 830,
                "license": {
                    "code": 2,
                    "license": "NON-COMMERCIAL ONLY: CC BY NC",
                    "url": "https:\/\/creativecommons.org\/licenses\/by-nc\/2.0\/fr\/",
                    "source": "infoclimat.fr"
                },
                "country": "FR",
                "departement": "26",
                "last_activity": "2026-06-25T13:30:00Z"
            }
        },
        {
            "type": "Feature",
            "geometry": {
                "type": "Point",
                "coordinates": [
                    0.80911,
                    48.76846
                ]
            },
            "properties": {
                "id": "000QO",
                "name": "Bourth",
                "elevation": 207,
                "license": {
                    "code": 2,
                    "license": "NON-COMMERCIAL ONLY: CC BY NC",
                    "url": "https:\/\/creativecommons.org\/licenses\/by-nc\/2.0\/fr\/",
                    "source": "infoclimat.fr"
                },
                "country": "FR",
                "departement": "27",
                "last_activity": "2026-06-25T13:30:00Z"
            }
        },
        {
            "type": "Feature",
            "geometry": {
                "type": "Point",
                "coordinates": [
                    1.21446,
                    45.61615
                ]
            },
            "properties": {
                "id": "000QR",
                "name": "La Meyze",
                "elevation": 352,
                "license": {
                    "code": 1,
                    "license": "CC BY",
                    "url": "https:\/\/creativecommons.org\/licenses\/by\/2.0\/fr\/",
                    "source": "infoclimat.fr"
                },
                "country": "FR",
                "departement": "87",
                "last_activity": "2025-11-22T14:30:00Z"
            }
        },
        {
            "type": "Feature",
            "geometry": {
                "type": "Point",
                "coordinates": [
                    2.88381,
                    47.3879
                ]
            },
            "properties": {
                "id": "000QS",
                "name": "Bannay",
                "elevation": 215,
                "license": {
                    "code": 1,
                    "license": "CC BY",
                    "url": "https:\/\/creativecommons.org\/licenses\/by\/2.0\/fr\/",
                    "source": "infoclimat.fr"
                },
                "country": "FR",
                "departement": "18",
                "last_activity": "2026-06-25T13:30:00Z"
            }
        },
        {
            "type": "Feature",
            "geometry": {
                "type": "Point",
                "coordinates": [
                    7.27584,
                    47.70343
                ]
            },
            "properties": {
                "id": "000QT",
                "name": "Hochstatt",
                "elevation": 280,
                "license": {
                    "code": 2,
                    "license": "NON-COMMERCIAL ONLY: CC BY NC",
                    "url": "https:\/\/creativecommons.org\/licenses\/by-nc\/2.0\/fr\/",
                    "source": "infoclimat.fr"
                },
                "country": "FR",
                "departement": "68",
                "last_activity": "2024-06-21T16:30:00Z"
            }
        },
        {
            "type": "Feature",
            "geometry": {
                "type": "Point",
                "coordinates": [
                    6.983974,
                    44.766131
                ]
            },
            "properties": {
                "id": "000QV",
                "name": "Ristolas",
                "elevation": 1670,
                "license": {
                    "code": 1,
                    "license": "CC BY",
                    "url": "https:\/\/creativecommons.org\/licenses\/by\/2.0\/fr\/",
                    "source": "infoclimat.fr"
                },
                "country": "FR",
                "departement": "05",
                "last_activity": "2025-07-12T09:20:00Z"
            }
        },
        {
            "type": "Feature",
            "geometry": {
                "type": "Point",
                "coordinates": [
                    2.724936,
                    42.617677
                ]
            },
            "properties": {
                "id": "000QW",
                "name": "Ste-Colombe-de-la-Commanderie",
                "elevation": 302,
                "license": {
                    "code": 1,
                    "license": "CC BY",
                    "url": "https:\/\/creativecommons.org\/licenses\/by\/2.0\/fr\/",
                    "source": "infoclimat.fr"
                },
                "country": "FR",
                "departement": "66",
                "last_activity": "2026-06-25T13:30:00Z"
            }
        },
        {
            "type": "Feature",
            "geometry": {
                "type": "Point",
                "coordinates": [
                    3.111499,
                    48.490217
                ]
            },
            "properties": {
                "id": "000QX",
                "name": "Donnemarie-Dontilly, Bescherelles",
                "elevation": 100,
                "license": {
                    "code": 1,
                    "license": "CC BY",
                    "url": "https:\/\/creativecommons.org\/licenses\/by\/2.0\/fr\/",
                    "source": "infoclimat.fr"
                },
                "country": "FR",
                "departement": "77",
                "last_activity": "2026-06-25T13:30:00Z"
            }
        },
        {
            "type": "Feature",
            "geometry": {
                "type": "Point",
                "coordinates": [
                    5.1322,
                    46.2111
                ]
            },
            "properties": {
                "id": "000RB",
                "name": "Buellas",
                "elevation": 255,
                "license": {
                    "code": 1,
                    "license": "CC BY",
                    "url": "https:\/\/creativecommons.org\/licenses\/by\/2.0\/fr\/",
                    "source": "infoclimat.fr"
                },
                "country": "FR",
                "departement": "01",
                "last_activity": "2026-06-25T13:20:00Z"
            }
        },
        {
            "type": "Feature",
            "geometry": {
                "type": "Point",
                "coordinates": [
                    4.87795,
                    45.58484
                ]
            },
            "properties": {
                "id": "000QY",
                "name": "Chuzelles",
                "elevation": 248,
                "license": {
                    "code": 2,
                    "license": "NON-COMMERCIAL ONLY: CC BY NC",
                    "url": "https:\/\/creativecommons.org\/licenses\/by-nc\/2.0\/fr\/",
                    "source": "infoclimat.fr"
                },
                "country": "FR",
                "departement": "38",
                "last_activity": "2026-06-25T13:20:00Z"
            }
        },
        {
            "type": "Feature",
            "geometry": {
                "type": "Point",
                "coordinates": [
                    7.65314,
                    48.94492
                ]
            },
            "properties": {
                "id": "000QZ",
                "name": "Niederbronn-les-Bains (Sud)",
                "elevation": 223,
                "license": {
                    "code": 1,
                    "license": "CC BY",
                    "url": "https:\/\/creativecommons.org\/licenses\/by\/2.0\/fr\/",
                    "source": "infoclimat.fr"
                },
                "country": "FR",
                "departement": "67",
                "last_activity": "2026-06-25T13:30:00Z"
            }
        },
        {
            "type": "Feature",
            "geometry": {
                "type": "Point",
                "coordinates": [
                    2.61176,
                    49.2199
                ]
            },
            "properties": {
                "id": "000RA",
                "name": "Chamant",
                "elevation": 79,
                "license": {
                    "code": 2,
                    "license": "NON-COMMERCIAL ONLY: CC BY NC",
                    "url": "https:\/\/creativecommons.org\/licenses\/by-nc\/2.0\/fr\/",
                    "source": "infoclimat.fr"
                },
                "country": "FR",
                "departement": "60",
                "last_activity": "2026-06-25T13:20:00Z"
            }
        },
        {
            "type": "Feature",
            "geometry": {
                "type": "Point",
                "coordinates": [
                    3.23613,
                    49.716964
                ]
            },
            "properties": {
                "id": "000RC",
                "name": "Jussy",
                "elevation": 77,
                "license": {
                    "code": 2,
                    "license": "NON-COMMERCIAL ONLY: CC BY NC",
                    "url": "https:\/\/creativecommons.org\/licenses\/by-nc\/2.0\/fr\/",
                    "source": "infoclimat.fr"
                },
                "country": "FR",
                "departement": "02",
                "last_activity": "2026-06-25T13:20:00Z"
            }
        },
        {
            "type": "Feature",
            "geometry": {
                "type": "Point",
                "coordinates": [
                    3.7931,
                    49.23548
                ]
            },
            "properties": {
                "id": "000RD",
                "name": "Faverolles-et-Co\u00ebmy",
                "elevation": 100,
                "license": {
                    "code": 2,
                    "license": "NON-COMMERCIAL ONLY: CC BY NC",
                    "url": "https:\/\/creativecommons.org\/licenses\/by-nc\/2.0\/fr\/",
                    "source": "infoclimat.fr"
                },
                "country": "FR",
                "departement": "51",
                "last_activity": "2023-08-06T09:00:00Z"
            }
        },
        {
            "type": "Feature",
            "geometry": {
                "type": "Point",
                "coordinates": [
                    2.53938,
                    46.70059
                ]
            },
            "properties": {
                "id": "000RE",
                "name": "Colombiers",
                "elevation": 182,
                "license": {
                    "code": 2,
                    "license": "NON-COMMERCIAL ONLY: CC BY NC",
                    "url": "https:\/\/creativecommons.org\/licenses\/by-nc\/2.0\/fr\/",
                    "source": "infoclimat.fr"
                },
                "country": "FR",
                "departement": "18",
                "last_activity": "2026-06-25T13:20:00Z"
            }
        },
        {
            "type": "Feature",
            "geometry": {
                "type": "Point",
                "coordinates": [
                    1.18009,
                    45.01744
                ]
            },
            "properties": {
                "id": "000RF",
                "name": "La Chapelle-Aubareil",
                "elevation": 257,
                "license": {
                    "code": 2,
                    "license": "NON-COMMERCIAL ONLY: CC BY NC",
                    "url": "https:\/\/creativecommons.org\/licenses\/by-nc\/2.0\/fr\/",
                    "source": "infoclimat.fr"
                },
                "country": "FR",
                "departement": "24",
                "last_activity": "2026-06-25T13:20:00Z"
            }
        },
        {
            "type": "Feature",
            "geometry": {
                "type": "Point",
                "coordinates": [
                    -2.07538,
                    47.31824
                ]
            },
            "properties": {
                "id": "000RG",
                "name": "Donges",
                "elevation": 11,
                "license": {
                    "code": 2,
                    "license": "NON-COMMERCIAL ONLY: CC BY NC",
                    "url": "https:\/\/creativecommons.org\/licenses\/by-nc\/2.0\/fr\/",
                    "source": "infoclimat.fr"
                },
                "country": "FR",
                "departement": "44",
                "last_activity": "2026-06-25T13:20:00Z"
            }
        },
        {
            "type": "Feature",
            "geometry": {
                "type": "Point",
                "coordinates": [
                    0.35719,
                    49.53093
                ]
            },
            "properties": {
                "id": "000TN",
                "name": "Saint-Romain-de-Colbosc",
                "elevation": 118,
                "license": {
                    "code": 1,
                    "license": "CC BY",
                    "url": "https:\/\/creativecommons.org\/licenses\/by\/2.0\/fr\/",
                    "source": "infoclimat.fr"
                },
                "country": "FR",
                "departement": "76",
                "last_activity": "2026-06-25T13:30:00Z"
            }
        },
        {
            "type": "Feature",
            "geometry": {
                "type": "Point",
                "coordinates": [
                    6.6504,
                    44.5582
                ]
            },
            "properties": {
                "id": "000SX",
                "name": "Vars - Col de Jaffueil",
                "elevation": 2510,
                "license": {
                    "code": 1,
                    "license": "CC BY",
                    "url": "https:\/\/creativecommons.org\/licenses\/by\/2.0\/fr\/",
                    "source": "infoclimat.fr"
                },
                "country": "FR",
                "departement": "05",
                "last_activity": "2025-09-06T21:20:00Z"
            }
        },
        {
            "type": "Feature",
            "geometry": {
                "type": "Point",
                "coordinates": [
                    7.55294,
                    43.98745
                ]
            },
            "properties": {
                "id": "000SN",
                "name": "Saorge",
                "elevation": 547,
                "license": {
                    "code": 1,
                    "license": "CC BY",
                    "url": "https:\/\/creativecommons.org\/licenses\/by\/2.0\/fr\/",
                    "source": "infoclimat.fr"
                },
                "country": "FR",
                "departement": "06",
                "last_activity": "2026-05-05T09:20:00Z"
            }
        },
        {
            "type": "Feature",
            "geometry": {
                "type": "Point",
                "coordinates": [
                    7.20033,
                    44.0473
                ]
            },
            "properties": {
                "id": "000TX",
                "name": "Marie - Ca\u00efre Gros",
                "elevation": 1921,
                "license": {
                    "code": 1,
                    "license": "CC BY",
                    "url": "https:\/\/creativecommons.org\/licenses\/by\/2.0\/fr\/",
                    "source": "infoclimat.fr"
                },
                "country": "FR",
                "departement": "06",
                "last_activity": "2023-09-25T09:10:00Z"
            }
        },
        {
            "type": "Feature",
            "geometry": {
                "type": "Point",
                "coordinates": [
                    7.05864,
                    47.6891
                ]
            },
            "properties": {
                "id": "000UD",
                "name": "Bellemagny",
                "elevation": 330,
                "license": {
                    "code": 1,
                    "license": "CC BY",
                    "url": "https:\/\/creativecommons.org\/licenses\/by\/2.0\/fr\/",
                    "source": "infoclimat.fr"
                },
                "country": "FR",
                "departement": "68",
                "last_activity": "2026-06-25T13:30:00Z"
            }
        },
        {
            "type": "Feature",
            "geometry": {
                "type": "Point",
                "coordinates": [
                    4.82351,
                    51.3163
                ]
            },
            "properties": {
                "id": "000TV",
                "name": "Beerse",
                "elevation": 27,
                "license": {
                    "code": 2,
                    "license": "NON-COMMERCIAL ONLY: CC BY NC",
                    "url": "https:\/\/creativecommons.org\/licenses\/by-nc\/2.0\/fr\/",
                    "source": "infoclimat.fr"
                },
                "country": "BE",
                "departement": "BE",
                "last_activity": "2026-06-25T13:20:00Z"
            }
        },
        {
            "type": "Feature",
            "geometry": {
                "type": "Point",
                "coordinates": [
                    0.81875,
                    45.54386
                ]
            },
            "properties": {
                "id": "000SM",
                "name": "Saint-Saud-Lacoussi\u00e8re",
                "elevation": 345,
                "license": {
                    "code": 2,
                    "license": "NON-COMMERCIAL ONLY: CC BY NC",
                    "url": "https:\/\/creativecommons.org\/licenses\/by-nc\/2.0\/fr\/",
                    "source": "infoclimat.fr"
                },
                "country": "FR",
                "departement": "24",
                "last_activity": "2024-04-19T18:00:00Z"
            }
        },
        {
            "type": "Feature",
            "geometry": {
                "type": "Point",
                "coordinates": [
                    -1.34952,
                    47.23763
                ]
            },
            "properties": {
                "id": "000UC",
                "name": "Le Loroux-Bottereau",
                "elevation": 50,
                "license": {
                    "code": 2,
                    "license": "NON-COMMERCIAL ONLY: CC BY NC",
                    "url": "https:\/\/creativecommons.org\/licenses\/by-nc\/2.0\/fr\/",
                    "source": "infoclimat.fr"
                },
                "country": "FR",
                "departement": "44",
                "last_activity": "2026-06-25T13:20:00Z"
            }
        },
        {
            "type": "Feature",
            "geometry": {
                "type": "Point",
                "coordinates": [
                    0.86465,
                    45.06221
                ]
            },
            "properties": {
                "id": "000RH",
                "name": "La Douze",
                "elevation": 198,
                "license": {
                    "code": 2,
                    "license": "NON-COMMERCIAL ONLY: CC BY NC",
                    "url": "https:\/\/creativecommons.org\/licenses\/by-nc\/2.0\/fr\/",
                    "source": "infoclimat.fr"
                },
                "country": "FR",
                "departement": "24",
                "last_activity": "2026-06-25T13:30:00Z"
            }
        },
        {
            "type": "Feature",
            "geometry": {
                "type": "Point",
                "coordinates": [
                    2.82419,
                    48.30105
                ]
            },
            "properties": {
                "id": "000TU",
                "name": "Villemer",
                "elevation": 77,
                "license": {
                    "code": 2,
                    "license": "NON-COMMERCIAL ONLY: CC BY NC",
                    "url": "https:\/\/creativecommons.org\/licenses\/by-nc\/2.0\/fr\/",
                    "source": "infoclimat.fr"
                },
                "country": "FR",
                "departement": "77",
                "last_activity": "2026-06-25T13:30:00Z"
            }
        },
        {
            "type": "Feature",
            "geometry": {
                "type": "Point",
                "coordinates": [
                    1.85276,
                    47.63219
                ]
            },
            "properties": {
                "id": "000RI",
                "name": "Yvoy-le-Marron",
                "elevation": 130,
                "license": {
                    "code": 2,
                    "license": "NON-COMMERCIAL ONLY: CC BY NC",
                    "url": "https:\/\/creativecommons.org\/licenses\/by-nc\/2.0\/fr\/",
                    "source": "infoclimat.fr"
                },
                "country": "FR",
                "departement": "41",
                "last_activity": "2026-06-25T13:30:00Z"
            }
        },
        {
            "type": "Feature",
            "geometry": {
                "type": "Point",
                "coordinates": [
                    4.95829,
                    45.58895
                ]
            },
            "properties": {
                "id": "000RJ",
                "name": "Luzinay",
                "elevation": 222,
                "license": {
                    "code": 2,
                    "license": "NON-COMMERCIAL ONLY: CC BY NC",
                    "url": "https:\/\/creativecommons.org\/licenses\/by-nc\/2.0\/fr\/",
                    "source": "infoclimat.fr"
                },
                "country": "FR",
                "departement": "38",
                "last_activity": "2026-06-25T13:30:00Z"
            }
        },
        {
            "type": "Feature",
            "geometry": {
                "type": "Point",
                "coordinates": [
                    3.24443,
                    51.20664
                ]
            },
            "properties": {
                "id": "000RK",
                "name": "Brugge",
                "elevation": 5,
                "license": {
                    "code": 1,
                    "license": "CC BY",
                    "url": "https:\/\/creativecommons.org\/licenses\/by\/2.0\/fr\/",
                    "source": "infoclimat.fr"
                },
                "country": "BE",
                "departement": "BE",
                "last_activity": "2025-03-26T07:30:00Z"
            }
        },
        {
            "type": "Feature",
            "geometry": {
                "type": "Point",
                "coordinates": [
                    2.40528,
                    50.6029
                ]
            },
            "properties": {
                "id": "000RL",
                "name": "Mazinghem",
                "elevation": 20,
                "license": {
                    "code": 1,
                    "license": "CC BY",
                    "url": "https:\/\/creativecommons.org\/licenses\/by\/2.0\/fr\/",
                    "source": "infoclimat.fr"
                },
                "country": "FR",
                "departement": "62",
                "last_activity": "2026-06-25T13:20:00Z"
            }
        },
        {
            "type": "Feature",
            "geometry": {
                "type": "Point",
                "coordinates": [
                    2.56667,
                    46.28333
                ]
            },
            "properties": {
                "id": "000RM",
                "name": "Lignerolles",
                "elevation": 309,
                "license": {
                    "code": 2,
                    "license": "NON-COMMERCIAL ONLY: CC BY NC",
                    "url": "https:\/\/creativecommons.org\/licenses\/by-nc\/2.0\/fr\/",
                    "source": "infoclimat.fr"
                },
                "country": "FR",
                "departement": "03",
                "last_activity": "2026-06-25T13:20:00Z"
            }
        },
        {
            "type": "Feature",
            "geometry": {
                "type": "Point",
                "coordinates": [
                    8.74632,
                    42.25813
                ]
            },
            "properties": {
                "id": "000RN",
                "name": "Ota",
                "elevation": 350,
                "license": {
                    "code": 2,
                    "license": "NON-COMMERCIAL ONLY: CC BY NC",
                    "url": "https:\/\/creativecommons.org\/licenses\/by-nc\/2.0\/fr\/",
                    "source": "infoclimat.fr"
                },
                "country": "FR",
                "departement": "2A",
                "last_activity": "2026-06-25T13:30:00Z"
            }
        },
        {
            "type": "Feature",
            "geometry": {
                "type": "Point",
                "coordinates": [
                    1.49542,
                    42.76947
                ]
            },
            "properties": {
                "id": "000RO",
                "name": "Vicdessos",
                "elevation": 712,
                "license": {
                    "code": 1,
                    "license": "CC BY",
                    "url": "https:\/\/creativecommons.org\/licenses\/by\/2.0\/fr\/",
                    "source": "infoclimat.fr"
                },
                "country": "FR",
                "departement": "09",
                "last_activity": "2026-06-25T13:30:00Z"
            }
        },
        {
            "type": "Feature",
            "geometry": {
                "type": "Point",
                "coordinates": [
                    -1.0699,
                    45.6945
                ]
            },
            "properties": {
                "id": "000RQ",
                "name": "Breuillet",
                "elevation": 15,
                "license": {
                    "code": 1,
                    "license": "CC BY",
                    "url": "https:\/\/creativecommons.org\/licenses\/by\/2.0\/fr\/",
                    "source": "infoclimat.fr"
                },
                "country": "FR",
                "departement": "17",
                "last_activity": "2026-06-25T13:20:00Z"
            }
        },
        {
            "type": "Feature",
            "geometry": {
                "type": "Point",
                "coordinates": [
                    4.65,
                    48.63333
                ]
            },
            "properties": {
                "id": "000RS",
                "name": "Saint-Remy-en-Bouzemont-Saint-Genest-et-Isson",
                "elevation": 109,
                "license": {
                    "code": 1,
                    "license": "CC BY",
                    "url": "https:\/\/creativecommons.org\/licenses\/by\/2.0\/fr\/",
                    "source": "infoclimat.fr"
                },
                "country": "FR",
                "departement": "51",
                "last_activity": "2026-06-25T13:30:00Z"
            }
        },
        {
            "type": "Feature",
            "geometry": {
                "type": "Point",
                "coordinates": [
                    -0.11667,
                    42.88333
                ]
            },
            "properties": {
                "id": "000RT",
                "name": "Cauterets",
                "elevation": 906,
                "license": {
                    "code": 1,
                    "license": "CC BY",
                    "url": "https:\/\/creativecommons.org\/licenses\/by\/2.0\/fr\/",
                    "source": "infoclimat.fr"
                },
                "country": "FR",
                "departement": "65",
                "last_activity": "2026-06-25T13:30:00Z"
            }
        },
        {
            "type": "Feature",
            "geometry": {
                "type": "Point",
                "coordinates": [
                    2.059862,
                    42.515899
                ]
            },
            "properties": {
                "id": "000RX",
                "name": "Font-Romeu-Odeillo-Via",
                "elevation": 1788,
                "license": {
                    "code": 1,
                    "license": "CC BY",
                    "url": "https:\/\/creativecommons.org\/licenses\/by\/2.0\/fr\/",
                    "source": "infoclimat.fr"
                },
                "country": "FR",
                "departement": "66",
                "last_activity": "2026-05-26T12:00:00Z"
            }
        },
        {
            "type": "Feature",
            "geometry": {
                "type": "Point",
                "coordinates": [
                    -3.69759,
                    47.93229
                ]
            },
            "properties": {
                "id": "000RY",
                "name": "Bannalec",
                "elevation": 93,
                "license": {
                    "code": 1,
                    "license": "CC BY",
                    "url": "https:\/\/creativecommons.org\/licenses\/by\/2.0\/fr\/",
                    "source": "infoclimat.fr"
                },
                "country": "FR",
                "departement": "29",
                "last_activity": "2026-06-25T13:30:00Z"
            }
        },
        {
            "type": "Feature",
            "geometry": {
                "type": "Point",
                "coordinates": [
                    -3.60076,
                    48.14436
                ]
            },
            "properties": {
                "id": "000RZ",
                "name": "Gourin - Rue Saint-Nicolas",
                "elevation": 142,
                "license": {
                    "code": 2,
                    "license": "NON-COMMERCIAL ONLY: CC BY NC",
                    "url": "https:\/\/creativecommons.org\/licenses\/by-nc\/2.0\/fr\/",
                    "source": "infoclimat.fr"
                },
                "country": "FR",
                "departement": "56",
                "last_activity": "2026-06-25T13:30:00Z"
            }
        },
        {
            "type": "Feature",
            "geometry": {
                "type": "Point",
                "coordinates": [
                    -2.43933,
                    47.95961
                ]
            },
            "properties": {
                "id": "000SB",
                "name": "Taupont",
                "elevation": 79,
                "license": {
                    "code": 2,
                    "license": "NON-COMMERCIAL ONLY: CC BY NC",
                    "url": "https:\/\/creativecommons.org\/licenses\/by-nc\/2.0\/fr\/",
                    "source": "infoclimat.fr"
                },
                "country": "FR",
                "departement": "56",
                "last_activity": "2026-06-25T13:20:00Z"
            }
        },
        {
            "type": "Feature",
            "geometry": {
                "type": "Point",
                "coordinates": [
                    1.88696,
                    48.70049
                ]
            },
            "properties": {
                "id": "000SC",
                "name": "Auffargis",
                "elevation": 157,
                "license": {
                    "code": 1,
                    "license": "CC BY",
                    "url": "https:\/\/creativecommons.org\/licenses\/by\/2.0\/fr\/",
                    "source": "infoclimat.fr"
                },
                "country": "FR",
                "departement": "78",
                "last_activity": "2026-06-25T13:20:00Z"
            }
        },
        {
            "type": "Feature",
            "geometry": {
                "type": "Point",
                "coordinates": [
                    5.99534,
                    45.30136
                ]
            },
            "properties": {
                "id": "000SD",
                "name": "Theys (850m)",
                "elevation": 849,
                "license": {
                    "code": 2,
                    "license": "NON-COMMERCIAL ONLY: CC BY NC",
                    "url": "https:\/\/creativecommons.org\/licenses\/by-nc\/2.0\/fr\/",
                    "source": "infoclimat.fr"
                },
                "country": "FR",
                "departement": "38",
                "last_activity": "2026-06-25T13:20:00Z"
            }
        },
        {
            "type": "Feature",
            "geometry": {
                "type": "Point",
                "coordinates": [
                    2.08437,
                    46.18136
                ]
            },
            "properties": {
                "id": "000SE",
                "name": "Jarnages",
                "elevation": 473,
                "license": {
                    "code": 2,
                    "license": "NON-COMMERCIAL ONLY: CC BY NC",
                    "url": "https:\/\/creativecommons.org\/licenses\/by-nc\/2.0\/fr\/",
                    "source": "infoclimat.fr"
                },
                "country": "FR",
                "departement": "23",
                "last_activity": "2026-06-25T13:30:00Z"
            }
        },
        {
            "type": "Feature",
            "geometry": {
                "type": "Point",
                "coordinates": [
                    4.05838,
                    45.09623
                ]
            },
            "properties": {
                "id": "000SF",
                "name": "Le Pertuis",
                "elevation": 950,
                "license": {
                    "code": 1,
                    "license": "CC BY",
                    "url": "https:\/\/creativecommons.org\/licenses\/by\/2.0\/fr\/",
                    "source": "infoclimat.fr"
                },
                "country": "FR",
                "departement": "43",
                "last_activity": "2026-06-25T13:30:00Z"
            }
        },
        {
            "type": "Feature",
            "geometry": {
                "type": "Point",
                "coordinates": [
                    1.3827,
                    43.5586
                ]
            },
            "properties": {
                "id": "000SG",
                "name": "Toulouse - Saint-Simon",
                "elevation": 160,
                "license": {
                    "code": 2,
                    "license": "NON-COMMERCIAL ONLY: CC BY NC",
                    "url": "https:\/\/creativecommons.org\/licenses\/by-nc\/2.0\/fr\/",
                    "source": "infoclimat.fr"
                },
                "country": "FR",
                "departement": "31",
                "last_activity": "2022-01-22T15:20:00Z"
            }
        },
        {
            "type": "Feature",
            "geometry": {
                "type": "Point",
                "coordinates": [
                    5.7,
                    43.68333
                ]
            },
            "properties": {
                "id": "000SH",
                "name": "Saint-Paul-l\u00e8s-Durance",
                "elevation": 269,
                "license": {
                    "code": 1,
                    "license": "CC BY",
                    "url": "https:\/\/creativecommons.org\/licenses\/by\/2.0\/fr\/",
                    "source": "infoclimat.fr"
                },
                "country": "FR",
                "departement": "13",
                "last_activity": "2021-08-29T10:50:00Z"
            }
        },
        {
            "type": "Feature",
            "geometry": {
                "type": "Point",
                "coordinates": [
                    -1.75,
                    53.6166667
                ]
            },
            "properties": {
                "id": "000SJ",
                "name": "Almondbury",
                "elevation": 110,
                "license": {
                    "code": 1,
                    "license": "CC BY",
                    "url": "https:\/\/creativecommons.org\/licenses\/by\/2.0\/fr\/",
                    "source": "infoclimat.fr"
                },
                "country": "GB",
                "departement": "GB",
                "last_activity": "2026-06-25T13:30:00Z"
            }
        },
        {
            "type": "Feature",
            "geometry": {
                "type": "Point",
                "coordinates": [
                    7.218017,
                    49.049271
                ]
            },
            "properties": {
                "id": "000SK",
                "name": "Gros-R\u00e9derching - Singling",
                "elevation": 331,
                "license": {
                    "code": 2,
                    "license": "NON-COMMERCIAL ONLY: CC BY NC",
                    "url": "https:\/\/creativecommons.org\/licenses\/by-nc\/2.0\/fr\/",
                    "source": "infoclimat.fr"
                },
                "country": "FR",
                "departement": "57",
                "last_activity": "2026-06-25T13:30:00Z"
            }
        },
        {
            "type": "Feature",
            "geometry": {
                "type": "Point",
                "coordinates": [
                    6.07123,
                    47.00329
                ]
            },
            "properties": {
                "id": "000SL",
                "name": "D\u00e9servillers",
                "elevation": 773,
                "license": {
                    "code": 2,
                    "license": "NON-COMMERCIAL ONLY: CC BY NC",
                    "url": "https:\/\/creativecommons.org\/licenses\/by-nc\/2.0\/fr\/",
                    "source": "infoclimat.fr"
                },
                "country": "FR",
                "departement": "25",
                "last_activity": "2025-05-24T21:50:00Z"
            }
        },
        {
            "type": "Feature",
            "geometry": {
                "type": "Point",
                "coordinates": [
                    9.4731,
                    42.88859
                ]
            },
            "properties": {
                "id": "000SO",
                "name": "Santa-Severa",
                "elevation": 7,
                "license": {
                    "code": 1,
                    "license": "CC BY",
                    "url": "https:\/\/creativecommons.org\/licenses\/by\/2.0\/fr\/",
                    "source": "infoclimat.fr"
                },
                "country": "FR",
                "departement": "2B",
                "last_activity": "2026-06-25T13:30:00Z"
            }
        },
        {
            "type": "Feature",
            "geometry": {
                "type": "Point",
                "coordinates": [
                    4.75782,
                    45.62699
                ]
            },
            "properties": {
                "id": "000SP",
                "name": "Montagny",
                "elevation": 200,
                "license": {
                    "code": 2,
                    "license": "NON-COMMERCIAL ONLY: CC BY NC",
                    "url": "https:\/\/creativecommons.org\/licenses\/by-nc\/2.0\/fr\/",
                    "source": "infoclimat.fr"
                },
                "country": "FR",
                "departement": "69",
                "last_activity": "2026-06-25T13:30:00Z"
            }
        },
        {
            "type": "Feature",
            "geometry": {
                "type": "Point",
                "coordinates": [
                    -1.835076,
                    48.87667
                ]
            },
            "properties": {
                "id": "000SR",
                "name": "Chausey, Granville",
                "elevation": 20,
                "license": {
                    "code": 1,
                    "license": "CC BY",
                    "url": "https:\/\/creativecommons.org\/licenses\/by\/2.0\/fr\/",
                    "source": "infoclimat.fr"
                },
                "country": "FR",
                "departement": "50",
                "last_activity": "2026-06-25T13:30:00Z"
            }
        },
        {
            "type": "Feature",
            "geometry": {
                "type": "Point",
                "coordinates": [
                    2.6699,
                    45.084
                ]
            },
            "properties": {
                "id": "000SS",
                "name": "Mandailles-Saint-Julien",
                "elevation": 1052,
                "license": {
                    "code": 2,
                    "license": "NON-COMMERCIAL ONLY: CC BY NC",
                    "url": "https:\/\/creativecommons.org\/licenses\/by-nc\/2.0\/fr\/",
                    "source": "infoclimat.fr"
                },
                "country": "FR",
                "departement": "15",
                "last_activity": "2026-06-25T13:30:00Z"
            }
        },
        {
            "type": "Feature",
            "geometry": {
                "type": "Point",
                "coordinates": [
                    -1.092516,
                    46.062054
                ]
            },
            "properties": {
                "id": "000ST",
                "name": "Pointe de Ch\u00e2telaillon",
                "elevation": 3,
                "license": {
                    "code": 2,
                    "license": "NON-COMMERCIAL ONLY: CC BY NC",
                    "url": "https:\/\/creativecommons.org\/licenses\/by-nc\/2.0\/fr\/",
                    "source": "infoclimat.fr"
                },
                "country": "FR",
                "departement": "17",
                "last_activity": "2026-06-25T13:20:00Z"
            }
        },
        {
            "type": "Feature",
            "geometry": {
                "type": "Point",
                "coordinates": [
                    -0.99578,
                    48.73674
                ]
            },
            "properties": {
                "id": "000SU",
                "name": "Perriers-en-Beauficel",
                "elevation": 220,
                "license": {
                    "code": 1,
                    "license": "CC BY",
                    "url": "https:\/\/creativecommons.org\/licenses\/by\/2.0\/fr\/",
                    "source": "infoclimat.fr"
                },
                "country": "FR",
                "departement": "50",
                "last_activity": "2022-05-25T12:00:00Z"
            }
        },
        {
            "type": "Feature",
            "geometry": {
                "type": "Point",
                "coordinates": [
                    -2.31924,
                    47.86429
                ]
            },
            "properties": {
                "id": "000SV",
                "name": "Caro",
                "elevation": 54,
                "license": {
                    "code": 1,
                    "license": "CC BY",
                    "url": "https:\/\/creativecommons.org\/licenses\/by\/2.0\/fr\/",
                    "source": "infoclimat.fr"
                },
                "country": "FR",
                "departement": "56",
                "last_activity": "2026-06-25T13:20:00Z"
            }
        },
        {
            "type": "Feature",
            "geometry": {
                "type": "Point",
                "coordinates": [
                    7.16696,
                    48.15323
                ]
            },
            "properties": {
                "id": "000SW",
                "name": "Lapoutroie",
                "elevation": 420,
                "license": {
                    "code": 2,
                    "license": "NON-COMMERCIAL ONLY: CC BY NC",
                    "url": "https:\/\/creativecommons.org\/licenses\/by-nc\/2.0\/fr\/",
                    "source": "infoclimat.fr"
                },
                "country": "FR",
                "departement": "68",
                "last_activity": "2021-06-25T11:45:00Z"
            }
        },
        {
            "type": "Feature",
            "geometry": {
                "type": "Point",
                "coordinates": [
                    5.12306,
                    46.74285
                ]
            },
            "properties": {
                "id": "000SY",
                "name": "Thurey",
                "elevation": 209,
                "license": {
                    "code": 2,
                    "license": "NON-COMMERCIAL ONLY: CC BY NC",
                    "url": "https:\/\/creativecommons.org\/licenses\/by-nc\/2.0\/fr\/",
                    "source": "infoclimat.fr"
                },
                "country": "FR",
                "departement": "71",
                "last_activity": "2026-06-25T13:30:00Z"
            }
        },
        {
            "type": "Feature",
            "geometry": {
                "type": "Point",
                "coordinates": [
                    4.64845,
                    47.7369
                ]
            },
            "properties": {
                "id": "000SZ",
                "name": "Busseaut",
                "elevation": 302,
                "license": {
                    "code": 2,
                    "license": "NON-COMMERCIAL ONLY: CC BY NC",
                    "url": "https:\/\/creativecommons.org\/licenses\/by-nc\/2.0\/fr\/",
                    "source": "infoclimat.fr"
                },
                "country": "FR",
                "departement": "21",
                "last_activity": "2026-06-25T13:30:00Z"
            }
        },
        {
            "type": "Feature",
            "geometry": {
                "type": "Point",
                "coordinates": [
                    6.2724,
                    45.2445
                ]
            },
            "properties": {
                "id": "000TA",
                "name": "Villarembert - Les Fromenti\u00e8res",
                "elevation": 1430,
                "license": {
                    "code": 2,
                    "license": "NON-COMMERCIAL ONLY: CC BY NC",
                    "url": "https:\/\/creativecommons.org\/licenses\/by-nc\/2.0\/fr\/",
                    "source": "infoclimat.fr"
                },
                "country": "FR",
                "departement": "73",
                "last_activity": "2026-06-25T13:30:00Z"
            }
        },
        {
            "type": "Feature",
            "geometry": {
                "type": "Point",
                "coordinates": [
                    2.75387,
                    42.75816
                ]
            },
            "properties": {
                "id": "000TB",
                "name": "Calce",
                "elevation": 238,
                "license": {
                    "code": 2,
                    "license": "NON-COMMERCIAL ONLY: CC BY NC",
                    "url": "https:\/\/creativecommons.org\/licenses\/by-nc\/2.0\/fr\/",
                    "source": "infoclimat.fr"
                },
                "country": "FR",
                "departement": "66",
                "last_activity": "2024-11-24T08:30:00Z"
            }
        },
        {
            "type": "Feature",
            "geometry": {
                "type": "Point",
                "coordinates": [
                    1.9541,
                    48.82319
                ]
            },
            "properties": {
                "id": "000TC",
                "name": "Plaisir (2)",
                "elevation": 120,
                "license": {
                    "code": 2,
                    "license": "NON-COMMERCIAL ONLY: CC BY NC",
                    "url": "https:\/\/creativecommons.org\/licenses\/by-nc\/2.0\/fr\/",
                    "source": "infoclimat.fr"
                },
                "country": "FR",
                "departement": "78",
                "last_activity": "2026-06-25T13:30:00Z"
            }
        },
        {
            "type": "Feature",
            "geometry": {
                "type": "Point",
                "coordinates": [
                    5.04156,
                    49.6708
                ]
            },
            "properties": {
                "id": "000TD",
                "name": "Douzy",
                "elevation": 160,
                "license": {
                    "code": 1,
                    "license": "CC BY",
                    "url": "https:\/\/creativecommons.org\/licenses\/by\/2.0\/fr\/",
                    "source": "infoclimat.fr"
                },
                "country": "FR",
                "departement": "08",
                "last_activity": "2026-06-25T13:20:00Z"
            }
        },
        {
            "type": "Feature",
            "geometry": {
                "type": "Point",
                "coordinates": [
                    4.6723,
                    46.3836
                ]
            },
            "properties": {
                "id": "000TE",
                "name": "Sologny - Le Bois Clair",
                "elevation": 396,
                "license": {
                    "code": 1,
                    "license": "CC BY",
                    "url": "https:\/\/creativecommons.org\/licenses\/by\/2.0\/fr\/",
                    "source": "infoclimat.fr"
                },
                "country": "FR",
                "departement": "71",
                "last_activity": "2026-06-25T13:30:00Z"
            }
        },
        {
            "type": "Feature",
            "geometry": {
                "type": "Point",
                "coordinates": [
                    6.622,
                    45.018
                ]
            },
            "properties": {
                "id": "000TG",
                "name": "N\u00e9vache",
                "elevation": 1588,
                "license": {
                    "code": 1,
                    "license": "CC BY",
                    "url": "https:\/\/creativecommons.org\/licenses\/by\/2.0\/fr\/",
                    "source": "infoclimat.fr"
                },
                "country": "FR",
                "departement": "05",
                "last_activity": "2026-06-25T13:30:00Z"
            }
        },
        {
            "type": "Feature",
            "geometry": {
                "type": "Point",
                "coordinates": [
                    -4.89956,
                    48.37358
                ]
            },
            "properties": {
                "id": "000TH",
                "name": "\u00cele de Qu\u00e9m\u00e9n\u00e8s, Le Conquet",
                "elevation": 7,
                "license": {
                    "code": 1,
                    "license": "CC BY",
                    "url": "https:\/\/creativecommons.org\/licenses\/by\/2.0\/fr\/",
                    "source": "infoclimat.fr"
                },
                "country": "FR",
                "departement": "29",
                "last_activity": "2026-06-25T13:30:00Z"
            }
        },
        {
            "type": "Feature",
            "geometry": {
                "type": "Point",
                "coordinates": [
                    1.69489,
                    44.82722
                ]
            },
            "properties": {
                "id": "000TJ",
                "name": "Alvignac",
                "elevation": 368,
                "license": {
                    "code": 2,
                    "license": "NON-COMMERCIAL ONLY: CC BY NC",
                    "url": "https:\/\/creativecommons.org\/licenses\/by-nc\/2.0\/fr\/",
                    "source": "infoclimat.fr"
                },
                "country": "FR",
                "departement": "46",
                "last_activity": "2026-06-25T13:30:00Z"
            }
        },
        {
            "type": "Feature",
            "geometry": {
                "type": "Point",
                "coordinates": [
                    -0.1,
                    50.9833333
                ]
            },
            "properties": {
                "id": "000TK",
                "name": "Haywards Heath",
                "elevation": 49,
                "license": {
                    "code": 1,
                    "license": "CC BY",
                    "url": "https:\/\/creativecommons.org\/licenses\/by\/2.0\/fr\/",
                    "source": "infoclimat.fr"
                },
                "country": "GB",
                "departement": "99",
                "last_activity": "2026-06-25T13:30:00Z"
            }
        },
        {
            "type": "Feature",
            "geometry": {
                "type": "Point",
                "coordinates": [
                    3.43262,
                    43.62895
                ]
            },
            "properties": {
                "id": "000TL",
                "name": "Clermont-l'H\u00e9rault",
                "elevation": 100,
                "license": {
                    "code": 2,
                    "license": "NON-COMMERCIAL ONLY: CC BY NC",
                    "url": "https:\/\/creativecommons.org\/licenses\/by-nc\/2.0\/fr\/",
                    "source": "infoclimat.fr"
                },
                "country": "FR",
                "departement": "34",
                "last_activity": "2023-01-16T12:00:00Z"
            }
        },
        {
            "type": "Feature",
            "geometry": {
                "type": "Point",
                "coordinates": [
                    -0.31667,
                    44.85
                ]
            },
            "properties": {
                "id": "000TM",
                "name": "Saint-Germain-du-Puch",
                "elevation": 57,
                "license": {
                    "code": 2,
                    "license": "NON-COMMERCIAL ONLY: CC BY NC",
                    "url": "https:\/\/creativecommons.org\/licenses\/by-nc\/2.0\/fr\/",
                    "source": "infoclimat.fr"
                },
                "country": "FR",
                "departement": "33",
                "last_activity": "2026-06-25T13:30:00Z"
            }
        },
        {
            "type": "Feature",
            "geometry": {
                "type": "Point",
                "coordinates": [
                    6.4122,
                    47.0363
                ]
            },
            "properties": {
                "id": "000TO",
                "name": "Arc-sous-Cicon - Cr\u00eat Monniot",
                "elevation": 1100,
                "license": {
                    "code": 2,
                    "license": "NON-COMMERCIAL ONLY: CC BY NC",
                    "url": "https:\/\/creativecommons.org\/licenses\/by-nc\/2.0\/fr\/",
                    "source": "infoclimat.fr"
                },
                "country": "FR",
                "departement": "25",
                "last_activity": "2026-06-25T13:30:00Z"
            }
        },
        {
            "type": "Feature",
            "geometry": {
                "type": "Point",
                "coordinates": [
                    2.31755,
                    49.8955
                ]
            },
            "properties": {
                "id": "000VJ",
                "name": "Amiens - Hortillonnages",
                "elevation": 24,
                "license": {
                    "code": 1,
                    "license": "CC BY",
                    "url": "https:\/\/creativecommons.org\/licenses\/by\/2.0\/fr\/",
                    "source": "infoclimat.fr"
                },
                "country": "FR",
                "departement": "80",
                "last_activity": "2026-06-25T13:30:00Z"
            }
        },
        {
            "type": "Feature",
            "geometry": {
                "type": "Point",
                "coordinates": [
                    6.008816,
                    43.4438
                ]
            },
            "properties": {
                "id": "000TP",
                "name": "Le Val",
                "elevation": 295,
                "license": {
                    "code": 2,
                    "license": "NON-COMMERCIAL ONLY: CC BY NC",
                    "url": "https:\/\/creativecommons.org\/licenses\/by-nc\/2.0\/fr\/",
                    "source": "infoclimat.fr"
                },
                "country": "FR",
                "departement": "83",
                "last_activity": "2021-06-20T16:50:00Z"
            }
        },
        {
            "type": "Feature",
            "geometry": {
                "type": "Point",
                "coordinates": [
                    -1.2057,
                    46.20319
                ]
            },
            "properties": {
                "id": "000TQ",
                "name": "Nieul-sur-Mer - Pointe du Plomb",
                "elevation": 3,
                "license": {
                    "code": 2,
                    "license": "NON-COMMERCIAL ONLY: CC BY NC",
                    "url": "https:\/\/creativecommons.org\/licenses\/by-nc\/2.0\/fr\/",
                    "source": "infoclimat.fr"
                },
                "country": "FR",
                "departement": "17",
                "last_activity": "2026-06-25T13:10:00Z"
            }
        },
        {
            "type": "Feature",
            "geometry": {
                "type": "Point",
                "coordinates": [
                    3.59822,
                    46.78785
                ]
            },
            "properties": {
                "id": "000TR",
                "name": "Charrin",
                "elevation": 224,
                "license": {
                    "code": 1,
                    "license": "CC BY",
                    "url": "https:\/\/creativecommons.org\/licenses\/by\/2.0\/fr\/",
                    "source": "infoclimat.fr"
                },
                "country": "FR",
                "departement": "58",
                "last_activity": "2026-06-25T13:30:00Z"
            }
        },
        {
            "type": "Feature",
            "geometry": {
                "type": "Point",
                "coordinates": [
                    -1.18286,
                    46.505
                ]
            },
            "properties": {
                "id": "000TS",
                "name": "Corpe",
                "elevation": 30,
                "license": {
                    "code": 1,
                    "license": "CC BY",
                    "url": "https:\/\/creativecommons.org\/licenses\/by\/2.0\/fr\/",
                    "source": "infoclimat.fr"
                },
                "country": "FR",
                "departement": "85",
                "last_activity": "2026-06-25T13:30:00Z"
            }
        },
        {
            "type": "Feature",
            "geometry": {
                "type": "Point",
                "coordinates": [
                    3.32928,
                    44.55038
                ]
            },
            "properties": {
                "id": "000TW",
                "name": "Montrodat",
                "elevation": 915,
                "license": {
                    "code": 1,
                    "license": "CC BY",
                    "url": "https:\/\/creativecommons.org\/licenses\/by\/2.0\/fr\/",
                    "source": "infoclimat.fr"
                },
                "country": "FR",
                "departement": "48",
                "last_activity": "2026-06-25T13:30:00Z"
            }
        },
        {
            "type": "Feature",
            "geometry": {
                "type": "Point",
                "coordinates": [
                    6.4101,
                    49.45078
                ]
            },
            "properties": {
                "id": "000TY",
                "name": "Kitzing",
                "elevation": 228,
                "license": {
                    "code": 1,
                    "license": "CC BY",
                    "url": "https:\/\/creativecommons.org\/licenses\/by\/2.0\/fr\/",
                    "source": "infoclimat.fr"
                },
                "country": "FR",
                "departement": "57",
                "last_activity": "2026-06-25T13:30:00Z"
            }
        },
        {
            "type": "Feature",
            "geometry": {
                "type": "Point",
                "coordinates": [
                    -0.58302,
                    49.33969
                ]
            },
            "properties": {
                "id": "000TZ",
                "name": "Asnelles",
                "elevation": 3,
                "license": {
                    "code": 2,
                    "license": "NON-COMMERCIAL ONLY: CC BY NC",
                    "url": "https:\/\/creativecommons.org\/licenses\/by-nc\/2.0\/fr\/",
                    "source": "infoclimat.fr"
                },
                "country": "FR",
                "departement": "14",
                "last_activity": "2026-06-25T13:30:00Z"
            }
        },
        {
            "type": "Feature",
            "geometry": {
                "type": "Point",
                "coordinates": [
                    4.15532,
                    44.90632
                ]
            },
            "properties": {
                "id": "000UA",
                "name": "Les Estables",
                "elevation": 1380,
                "license": {
                    "code": 1,
                    "license": "CC BY",
                    "url": "https:\/\/creativecommons.org\/licenses\/by\/2.0\/fr\/",
                    "source": "infoclimat.fr"
                },
                "country": "FR",
                "departement": "43",
                "last_activity": "2026-06-25T13:30:00Z"
            }
        },
        {
            "type": "Feature",
            "geometry": {
                "type": "Point",
                "coordinates": [
                    3.62148,
                    44.0828
                ]
            },
            "properties": {
                "id": "000UB",
                "name": "Valleraugue",
                "elevation": 400,
                "license": {
                    "code": 2,
                    "license": "NON-COMMERCIAL ONLY: CC BY NC",
                    "url": "https:\/\/creativecommons.org\/licenses\/by-nc\/2.0\/fr\/",
                    "source": "infoclimat.fr"
                },
                "country": "FR",
                "departement": "30",
                "last_activity": "2026-06-21T13:00:00Z"
            }
        },
        {
            "type": "Feature",
            "geometry": {
                "type": "Point",
                "coordinates": [
                    3.28275,
                    46.4703
                ]
            },
            "properties": {
                "id": "000UE",
                "name": "Besson - Chassignolles",
                "elevation": 244,
                "license": {
                    "code": 1,
                    "license": "CC BY",
                    "url": "https:\/\/creativecommons.org\/licenses\/by\/2.0\/fr\/",
                    "source": "infoclimat.fr"
                },
                "country": "FR",
                "departement": "03",
                "last_activity": "2026-06-25T13:30:00Z"
            }
        },
        {
            "type": "Feature",
            "geometry": {
                "type": "Point",
                "coordinates": [
                    5.3835,
                    44.972
                ]
            },
            "properties": {
                "id": "000UF",
                "name": "La Chapelle-en-Vercors -  Combe-de-l'Oscence",
                "elevation": 975,
                "license": {
                    "code": 2,
                    "license": "NON-COMMERCIAL ONLY: CC BY NC",
                    "url": "https:\/\/creativecommons.org\/licenses\/by-nc\/2.0\/fr\/",
                    "source": "infoclimat.fr"
                },
                "country": "FR",
                "departement": "26",
                "last_activity": "2026-06-25T13:10:00Z"
            }
        },
        {
            "type": "Feature",
            "geometry": {
                "type": "Point",
                "coordinates": [
                    2.3142,
                    44.94416
                ]
            },
            "properties": {
                "id": "000UH",
                "name": "Saint-Paul-des-Landes",
                "elevation": 552,
                "license": {
                    "code": 1,
                    "license": "CC BY",
                    "url": "https:\/\/creativecommons.org\/licenses\/by\/2.0\/fr\/",
                    "source": "infoclimat.fr"
                },
                "country": "FR",
                "departement": "15",
                "last_activity": "2026-01-25T15:00:00Z"
            }
        },
        {
            "type": "Feature",
            "geometry": {
                "type": "Point",
                "coordinates": [
                    5.47814,
                    45.027
                ]
            },
            "properties": {
                "id": "000UI",
                "name": "Herbouilly",
                "elevation": 1272,
                "license": {
                    "code": 2,
                    "license": "NON-COMMERCIAL ONLY: CC BY NC",
                    "url": "https:\/\/creativecommons.org\/licenses\/by-nc\/2.0\/fr\/",
                    "source": "infoclimat.fr"
                },
                "country": "FR",
                "departement": "26",
                "last_activity": "0000-00-00T00:00:00Z"
            }
        },
        {
            "type": "Feature",
            "geometry": {
                "type": "Point",
                "coordinates": [
                    4.666357,
                    44.147613
                ]
            },
            "properties": {
                "id": "000UJ",
                "name": "Chusclan",
                "elevation": 38,
                "license": {
                    "code": 2,
                    "license": "NON-COMMERCIAL ONLY: CC BY NC",
                    "url": "https:\/\/creativecommons.org\/licenses\/by-nc\/2.0\/fr\/",
                    "source": "infoclimat.fr"
                },
                "country": "FR",
                "departement": "30",
                "last_activity": "0000-00-00T00:00:00Z"
            }
        },
        {
            "type": "Feature",
            "geometry": {
                "type": "Point",
                "coordinates": [
                    4.0048,
                    44.73069
                ]
            },
            "properties": {
                "id": "000UK",
                "name": "Lanarce - Tourbi\u00e8re de Sagne Redonde",
                "elevation": 1230,
                "license": {
                    "code": 2,
                    "license": "NON-COMMERCIAL ONLY: CC BY NC",
                    "url": "https:\/\/creativecommons.org\/licenses\/by-nc\/2.0\/fr\/",
                    "source": "infoclimat.fr"
                },
                "country": "FR",
                "departement": "07",
                "last_activity": "0000-00-00T00:00:00Z"
            }
        },
        {
            "type": "Feature",
            "geometry": {
                "type": "Point",
                "coordinates": [
                    4.404,
                    44.132
                ]
            },
            "properties": {
                "id": "000UL",
                "name": "Lussan - Audabiac",
                "elevation": 220,
                "license": {
                    "code": 2,
                    "license": "NON-COMMERCIAL ONLY: CC BY NC",
                    "url": "https:\/\/creativecommons.org\/licenses\/by-nc\/2.0\/fr\/",
                    "source": "infoclimat.fr"
                },
                "country": "FR",
                "departement": "30",
                "last_activity": "0000-00-00T00:00:00Z"
            }
        },
        {
            "type": "Feature",
            "geometry": {
                "type": "Point",
                "coordinates": [
                    -3.33223,
                    47.9842
                ]
            },
            "properties": {
                "id": "000UM",
                "name": "Bern\u00e9 - Vall\u00e9e du Scorff",
                "elevation": 108,
                "license": {
                    "code": 2,
                    "license": "NON-COMMERCIAL ONLY: CC BY NC",
                    "url": "https:\/\/creativecommons.org\/licenses\/by-nc\/2.0\/fr\/",
                    "source": "infoclimat.fr"
                },
                "country": "FR",
                "departement": "56",
                "last_activity": "2026-06-25T13:20:00Z"
            }
        },
        {
            "type": "Feature",
            "geometry": {
                "type": "Point",
                "coordinates": [
                    7.424118,
                    48.405499
                ]
            },
            "properties": {
                "id": "000UN",
                "name": "Barr",
                "elevation": 281,
                "license": {
                    "code": 2,
                    "license": "NON-COMMERCIAL ONLY: CC BY NC",
                    "url": "https:\/\/creativecommons.org\/licenses\/by-nc\/2.0\/fr\/",
                    "source": "infoclimat.fr"
                },
                "country": "FR",
                "departement": "67",
                "last_activity": "2026-06-25T13:30:00Z"
            }
        },
        {
            "type": "Feature",
            "geometry": {
                "type": "Point",
                "coordinates": [
                    7.31204,
                    48.0468
                ]
            },
            "properties": {
                "id": "000UO",
                "name": "Eguisheim",
                "elevation": 210,
                "license": {
                    "code": 2,
                    "license": "NON-COMMERCIAL ONLY: CC BY NC",
                    "url": "https:\/\/creativecommons.org\/licenses\/by-nc\/2.0\/fr\/",
                    "source": "infoclimat.fr"
                },
                "country": "FR",
                "departement": "68",
                "last_activity": "2025-03-31T01:30:00Z"
            }
        },
        {
            "type": "Feature",
            "geometry": {
                "type": "Point",
                "coordinates": [
                    2.58005,
                    49.3839
                ]
            },
            "properties": {
                "id": "000UQ",
                "name": "Avrigny",
                "elevation": 87,
                "license": {
                    "code": 2,
                    "license": "NON-COMMERCIAL ONLY: CC BY NC",
                    "url": "https:\/\/creativecommons.org\/licenses\/by-nc\/2.0\/fr\/",
                    "source": "infoclimat.fr"
                },
                "country": "FR",
                "departement": "60",
                "last_activity": "2022-10-05T09:20:00Z"
            }
        },
        {
            "type": "Feature",
            "geometry": {
                "type": "Point",
                "coordinates": [
                    2.1362,
                    44.34
                ]
            },
            "properties": {
                "id": "000US",
                "name": "La Bastide-l'Ev\u00eaque",
                "elevation": 580,
                "license": {
                    "code": 2,
                    "license": "NON-COMMERCIAL ONLY: CC BY NC",
                    "url": "https:\/\/creativecommons.org\/licenses\/by-nc\/2.0\/fr\/",
                    "source": "infoclimat.fr"
                },
                "country": "FR",
                "departement": "12",
                "last_activity": "2026-06-25T13:30:00Z"
            }
        },
        {
            "type": "Feature",
            "geometry": {
                "type": "Point",
                "coordinates": [
                    1.83333,
                    50.1
                ]
            },
            "properties": {
                "id": "000UT",
                "name": "Abbeville - centre ",
                "elevation": 5,
                "license": {
                    "code": 1,
                    "license": "CC BY",
                    "url": "https:\/\/creativecommons.org\/licenses\/by\/2.0\/fr\/",
                    "source": "infoclimat.fr"
                },
                "country": "FR",
                "departement": "80",
                "last_activity": "2026-06-25T13:00:00Z"
            }
        },
        {
            "type": "Feature",
            "geometry": {
                "type": "Point",
                "coordinates": [
                    -3.6313,
                    48.1706
                ]
            },
            "properties": {
                "id": "000UU",
                "name": "Sp\u00e9zet - Roch-Toulla\u00ebron",
                "elevation": 303,
                "license": {
                    "code": 2,
                    "license": "NON-COMMERCIAL ONLY: CC BY NC",
                    "url": "https:\/\/creativecommons.org\/licenses\/by-nc\/2.0\/fr\/",
                    "source": "infoclimat.fr"
                },
                "country": "FR",
                "departement": "29",
                "last_activity": "2026-06-25T13:30:00Z"
            }
        },
        {
            "type": "Feature",
            "geometry": {
                "type": "Point",
                "coordinates": [
                    1.88972,
                    42.81177
                ]
            },
            "properties": {
                "id": "000UW",
                "name": "Comus",
                "elevation": 1171,
                "license": {
                    "code": 1,
                    "license": "CC BY",
                    "url": "https:\/\/creativecommons.org\/licenses\/by\/2.0\/fr\/",
                    "source": "infoclimat.fr"
                },
                "country": "FR",
                "departement": "11",
                "last_activity": "2026-06-25T13:30:00Z"
            }
        },
        {
            "type": "Feature",
            "geometry": {
                "type": "Point",
                "coordinates": [
                    6.86943,
                    44.78149
                ]
            },
            "properties": {
                "id": "000UX",
                "name": "Aiguilles",
                "elevation": 1479,
                "license": {
                    "code": 1,
                    "license": "CC BY",
                    "url": "https:\/\/creativecommons.org\/licenses\/by\/2.0\/fr\/",
                    "source": "infoclimat.fr"
                },
                "country": "FR",
                "departement": "05",
                "last_activity": "2025-09-25T14:30:00Z"
            }
        },
        {
            "type": "Feature",
            "geometry": {
                "type": "Point",
                "coordinates": [
                    0.30812,
                    47.48222
                ]
            },
            "properties": {
                "id": "000UY",
                "name": "Courcelles-de-Touraine",
                "elevation": 100,
                "license": {
                    "code": 1,
                    "license": "CC BY",
                    "url": "https:\/\/creativecommons.org\/licenses\/by\/2.0\/fr\/",
                    "source": "infoclimat.fr"
                },
                "country": "FR",
                "departement": "37",
                "last_activity": "2026-06-25T13:30:00Z"
            }
        },
        {
            "type": "Feature",
            "geometry": {
                "type": "Point",
                "coordinates": [
                    -1.4263,
                    47.3065
                ]
            },
            "properties": {
                "id": "000UZ",
                "name": "Carquefou",
                "elevation": 29,
                "license": {
                    "code": 1,
                    "license": "CC BY",
                    "url": "https:\/\/creativecommons.org\/licenses\/by\/2.0\/fr\/",
                    "source": "infoclimat.fr"
                },
                "country": "FR",
                "departement": "44",
                "last_activity": "2026-06-25T13:30:00Z"
            }
        },
        {
            "type": "Feature",
            "geometry": {
                "type": "Point",
                "coordinates": [
                    5.38487,
                    45.5751
                ]
            },
            "properties": {
                "id": "000VA",
                "name": "Cessieu",
                "elevation": 490,
                "license": {
                    "code": 2,
                    "license": "NON-COMMERCIAL ONLY: CC BY NC",
                    "url": "https:\/\/creativecommons.org\/licenses\/by-nc\/2.0\/fr\/",
                    "source": "infoclimat.fr"
                },
                "country": "FR",
                "departement": "38",
                "last_activity": "2026-06-25T13:30:00Z"
            }
        },
        {
            "type": "Feature",
            "geometry": {
                "type": "Point",
                "coordinates": [
                    3.83793,
                    47.1685
                ]
            },
            "properties": {
                "id": "000VC",
                "name": "Montreuillon - Chassy ",
                "elevation": 265,
                "license": {
                    "code": 2,
                    "license": "NON-COMMERCIAL ONLY: CC BY NC",
                    "url": "https:\/\/creativecommons.org\/licenses\/by-nc\/2.0\/fr\/",
                    "source": "infoclimat.fr"
                },
                "country": "FR",
                "departement": "58",
                "last_activity": "2026-06-25T13:30:00Z"
            }
        },
        {
            "type": "Feature",
            "geometry": {
                "type": "Point",
                "coordinates": [
                    3.39569,
                    44.26691
                ]
            },
            "properties": {
                "id": "000VE",
                "name": "Mas-Saint-Ch\u00e9ly - Causse M\u00e9jean",
                "elevation": 923,
                "license": {
                    "code": 2,
                    "license": "NON-COMMERCIAL ONLY: CC BY NC",
                    "url": "https:\/\/creativecommons.org\/licenses\/by-nc\/2.0\/fr\/",
                    "source": "infoclimat.fr"
                },
                "country": "FR",
                "departement": "48",
                "last_activity": "2026-06-25T13:30:00Z"
            }
        },
        {
            "type": "Feature",
            "geometry": {
                "type": "Point",
                "coordinates": [
                    2.09461,
                    45.0061
                ]
            },
            "properties": {
                "id": "000VF",
                "name": "Goulles",
                "elevation": 568,
                "license": {
                    "code": 2,
                    "license": "NON-COMMERCIAL ONLY: CC BY NC",
                    "url": "https:\/\/creativecommons.org\/licenses\/by-nc\/2.0\/fr\/",
                    "source": "infoclimat.fr"
                },
                "country": "FR",
                "departement": "19",
                "last_activity": "2026-06-25T13:30:00Z"
            }
        },
        {
            "type": "Feature",
            "geometry": {
                "type": "Point",
                "coordinates": [
                    -3.66519,
                    40.4296
                ]
            },
            "properties": {
                "id": "000VG",
                "name": "Madrid - Ventas",
                "elevation": 700,
                "license": {
                    "code": 2,
                    "license": "NON-COMMERCIAL ONLY: CC BY NC",
                    "url": "https:\/\/creativecommons.org\/licenses\/by-nc\/2.0\/fr\/",
                    "source": "infoclimat.fr"
                },
                "country": "ES",
                "departement": "ES",
                "last_activity": "2025-01-31T02:30:00Z"
            }
        },
        {
            "type": "Feature",
            "geometry": {
                "type": "Point",
                "coordinates": [
                    5.667183,
                    46.211052
                ]
            },
            "properties": {
                "id": "000VI",
                "name": "Apremont",
                "elevation": 905,
                "license": {
                    "code": 2,
                    "license": "NON-COMMERCIAL ONLY: CC BY NC",
                    "url": "https:\/\/creativecommons.org\/licenses\/by-nc\/2.0\/fr\/",
                    "source": "infoclimat.fr"
                },
                "country": "FR",
                "departement": "01",
                "last_activity": "2026-06-25T13:30:00Z"
            }
        },
        {
            "type": "Feature",
            "geometry": {
                "type": "Point",
                "coordinates": [
                    -9.11891,
                    39.52889
                ]
            },
            "properties": {
                "id": "000VK",
                "name": "S\u00e3o Martinho do Porto",
                "elevation": 71,
                "license": {
                    "code": 1,
                    "license": "CC BY",
                    "url": "https:\/\/creativecommons.org\/licenses\/by\/2.0\/fr\/",
                    "source": "infoclimat.fr"
                },
                "country": "PT",
                "departement": "PT",
                "last_activity": "2026-06-25T13:30:00Z"
            }
        },
        {
            "type": "Feature",
            "geometry": {
                "type": "Point",
                "coordinates": [
                    3.90255,
                    45.8868
                ]
            },
            "properties": {
                "id": "000VL",
                "name": "Jur\u00e9",
                "elevation": 640,
                "license": {
                    "code": 2,
                    "license": "NON-COMMERCIAL ONLY: CC BY NC",
                    "url": "https:\/\/creativecommons.org\/licenses\/by-nc\/2.0\/fr\/",
                    "source": "infoclimat.fr"
                },
                "country": "FR",
                "departement": "42",
                "last_activity": "2026-06-25T13:30:00Z"
            }
        },
        {
            "type": "Feature",
            "geometry": {
                "type": "Point",
                "coordinates": [
                    3.84706,
                    46.23823
                ]
            },
            "properties": {
                "id": "000VM",
                "name": "Sail-les-Bains",
                "elevation": 317,
                "license": {
                    "code": 2,
                    "license": "NON-COMMERCIAL ONLY: CC BY NC",
                    "url": "https:\/\/creativecommons.org\/licenses\/by-nc\/2.0\/fr\/",
                    "source": "infoclimat.fr"
                },
                "country": "FR",
                "departement": "42",
                "last_activity": "2026-06-25T13:20:00Z"
            }
        },
        {
            "type": "Feature",
            "geometry": {
                "type": "Point",
                "coordinates": [
                    1.18717,
                    48.21078
                ]
            },
            "properties": {
                "id": "000VN",
                "name": "Y\u00e8vres",
                "elevation": 173,
                "license": {
                    "code": 2,
                    "license": "NON-COMMERCIAL ONLY: CC BY NC",
                    "url": "https:\/\/creativecommons.org\/licenses\/by-nc\/2.0\/fr\/",
                    "source": "infoclimat.fr"
                },
                "country": "FR",
                "departement": "28",
                "last_activity": "0000-00-00T00:00:00Z"
            }
        },
        {
            "type": "Feature",
            "geometry": {
                "type": "Point",
                "coordinates": [
                    -2.32146,
                    48.4114
                ]
            },
            "properties": {
                "id": "000VP",
                "name": "Jugon-les-Lacs",
                "elevation": 25,
                "license": {
                    "code": 1,
                    "license": "CC BY",
                    "url": "https:\/\/creativecommons.org\/licenses\/by\/2.0\/fr\/",
                    "source": "infoclimat.fr"
                },
                "country": "FR",
                "departement": "22",
                "last_activity": "2026-06-25T13:30:00Z"
            }
        },
        {
            "type": "Feature",
            "geometry": {
                "type": "Point",
                "coordinates": [
                    -0.571239,
                    47.5348
                ]
            },
            "properties": {
                "id": "000VT",
                "name": "Cantenay-Epinard",
                "elevation": 29,
                "license": {
                    "code": 2,
                    "license": "NON-COMMERCIAL ONLY: CC BY NC",
                    "url": "https:\/\/creativecommons.org\/licenses\/by-nc\/2.0\/fr\/",
                    "source": "infoclimat.fr"
                },
                "country": "FR",
                "departement": "49",
                "last_activity": "2026-06-25T13:30:00Z"
            }
        },
        {
            "type": "Feature",
            "geometry": {
                "type": "Point",
                "coordinates": [
                    2.55973,
                    50.0598
                ]
            },
            "properties": {
                "id": "000VV",
                "name": "Forceville",
                "elevation": 121,
                "license": {
                    "code": 1,
                    "license": "CC BY",
                    "url": "https:\/\/creativecommons.org\/licenses\/by\/2.0\/fr\/",
                    "source": "infoclimat.fr"
                },
                "country": "FR",
                "departement": "80",
                "last_activity": "2026-06-25T13:30:00Z"
            }
        },
        {
            "type": "Feature",
            "geometry": {
                "type": "Point",
                "coordinates": [
                    7.38556,
                    48.00876
                ]
            },
            "properties": {
                "id": "000VW",
                "name": "Sainte-Croix-en-Plaine",
                "elevation": 197,
                "license": {
                    "code": 2,
                    "license": "NON-COMMERCIAL ONLY: CC BY NC",
                    "url": "https:\/\/creativecommons.org\/licenses\/by-nc\/2.0\/fr\/",
                    "source": "infoclimat.fr"
                },
                "country": "FR",
                "departement": "68",
                "last_activity": "0000-00-00T00:00:00Z"
            }
        },
        {
            "type": "Feature",
            "geometry": {
                "type": "Point",
                "coordinates": [
                    4.34682,
                    46.1298
                ]
            },
            "properties": {
                "id": "000VX",
                "name": "Cours-la-Ville",
                "elevation": 682,
                "license": {
                    "code": 2,
                    "license": "NON-COMMERCIAL ONLY: CC BY NC",
                    "url": "https:\/\/creativecommons.org\/licenses\/by-nc\/2.0\/fr\/",
                    "source": "infoclimat.fr"
                },
                "country": "FR",
                "departement": "69",
                "last_activity": "2026-06-25T13:20:00Z"
            }
        },
        {
            "type": "Feature",
            "geometry": {
                "type": "Point",
                "coordinates": [
                    -3.08241,
                    47.903
                ]
            },
            "properties": {
                "id": "000VY",
                "name": "Quistinic",
                "elevation": 117,
                "license": {
                    "code": 2,
                    "license": "NON-COMMERCIAL ONLY: CC BY NC",
                    "url": "https:\/\/creativecommons.org\/licenses\/by-nc\/2.0\/fr\/",
                    "source": "infoclimat.fr"
                },
                "country": "FR",
                "departement": "56",
                "last_activity": "0000-00-00T00:00:00Z"
            }
        },
        {
            "type": "Feature",
            "geometry": {
                "type": "Point",
                "coordinates": [
                    0.991311,
                    42.225592
                ]
            },
            "properties": {
                "id": "000WA",
                "name": "Sant Mart\u00ed de Canals",
                "elevation": 648,
                "license": {
                    "code": 2,
                    "license": "NON-COMMERCIAL ONLY: CC BY NC",
                    "url": "https:\/\/creativecommons.org\/licenses\/by-nc\/2.0\/fr\/",
                    "source": "infoclimat.fr"
                },
                "country": "ES",
                "departement": "",
                "last_activity": "2024-07-02T20:30:00Z"
            }
        },
        {
            "type": "Feature",
            "geometry": {
                "type": "Point",
                "coordinates": [
                    6.46932,
                    43.03079
                ]
            },
            "properties": {
                "id": "000WB",
                "name": "\u00cele du Levant - Heliopolis",
                "elevation": 96,
                "license": {
                    "code": 2,
                    "license": "NON-COMMERCIAL ONLY: CC BY NC",
                    "url": "https:\/\/creativecommons.org\/licenses\/by-nc\/2.0\/fr\/",
                    "source": "infoclimat.fr"
                },
                "country": "FR",
                "departement": "83",
                "last_activity": "2022-05-12T13:20:00Z"
            }
        },
        {
            "type": "Feature",
            "geometry": {
                "type": "Point",
                "coordinates": [
                    3.939453,
                    44.378042
                ]
            },
            "properties": {
                "id": "000WD",
                "name": "Concoules",
                "elevation": 655,
                "license": {
                    "code": 1,
                    "license": "CC BY",
                    "url": "https:\/\/creativecommons.org\/licenses\/by\/2.0\/fr\/",
                    "source": "infoclimat.fr"
                },
                "country": "FR",
                "departement": "30",
                "last_activity": "2026-06-25T13:10:00Z"
            }
        },
        {
            "type": "Feature",
            "geometry": {
                "type": "Point",
                "coordinates": [
                    -2.1918,
                    48.1919
                ]
            },
            "properties": {
                "id": "ME146",
                "name": "[MAE] Coll\u00e8ge Camille Gu\u00e9rin - Saint-M\u00e9en-le-Grand",
                "elevation": 115,
                "license": {
                    "code": 1,
                    "license": "CC BY",
                    "url": "https:\/\/creativecommons.org\/licenses\/by\/2.0\/fr\/",
                    "source": "infoclimat.fr"
                },
                "country": "FR",
                "departement": "35",
                "last_activity": "2023-08-02T08:00:00Z"
            }
        },
        {
            "type": "Feature",
            "geometry": {
                "type": "Point",
                "coordinates": [
                    5.08598,
                    48.13658
                ]
            },
            "properties": {
                "id": "000WE",
                "name": "Jonchery",
                "elevation": 278,
                "license": {
                    "code": 2,
                    "license": "NON-COMMERCIAL ONLY: CC BY NC",
                    "url": "https:\/\/creativecommons.org\/licenses\/by-nc\/2.0\/fr\/",
                    "source": "infoclimat.fr"
                },
                "country": "FR",
                "departement": "52",
                "last_activity": "2026-06-25T13:30:00Z"
            }
        },
        {
            "type": "Feature",
            "geometry": {
                "type": "Point",
                "coordinates": [
                    6.63905,
                    46.5889
                ]
            },
            "properties": {
                "id": "000WF",
                "name": "Cugy",
                "elevation": 705,
                "license": {
                    "code": 2,
                    "license": "NON-COMMERCIAL ONLY: CC BY NC",
                    "url": "https:\/\/creativecommons.org\/licenses\/by-nc\/2.0\/fr\/",
                    "source": "infoclimat.fr"
                },
                "country": "CH",
                "departement": "",
                "last_activity": "2023-09-16T07:00:00Z"
            }
        },
        {
            "type": "Feature",
            "geometry": {
                "type": "Point",
                "coordinates": [
                    0.32782,
                    48.4946
                ]
            },
            "properties": {
                "id": "000WG",
                "name": "Saint-L\u00e9ger-sur-Sarthe",
                "elevation": 149,
                "license": {
                    "code": 2,
                    "license": "NON-COMMERCIAL ONLY: CC BY NC",
                    "url": "https:\/\/creativecommons.org\/licenses\/by-nc\/2.0\/fr\/",
                    "source": "infoclimat.fr"
                },
                "country": "FR",
                "departement": "61",
                "last_activity": "2026-06-25T13:00:00Z"
            }
        },
        {
            "type": "Feature",
            "geometry": {
                "type": "Point",
                "coordinates": [
                    7.33801,
                    48.3057
                ]
            },
            "properties": {
                "id": "000WI",
                "name": "Neubois",
                "elevation": 288,
                "license": {
                    "code": 1,
                    "license": "CC BY",
                    "url": "https:\/\/creativecommons.org\/licenses\/by\/2.0\/fr\/",
                    "source": "infoclimat.fr"
                },
                "country": "FR",
                "departement": "67",
                "last_activity": "2026-06-25T13:30:00Z"
            }
        },
        {
            "type": "Feature",
            "geometry": {
                "type": "Point",
                "coordinates": [
                    5.35823,
                    44.9227
                ]
            },
            "properties": {
                "id": "000WJ",
                "name": "Bouvante - Combe de Derbounouse",
                "elevation": 1400,
                "license": {
                    "code": 2,
                    "license": "NON-COMMERCIAL ONLY: CC BY NC",
                    "url": "https:\/\/creativecommons.org\/licenses\/by-nc\/2.0\/fr\/",
                    "source": "infoclimat.fr"
                },
                "country": "FR",
                "departement": "26",
                "last_activity": "2026-05-24T20:30:00Z"
            }
        },
        {
            "type": "Feature",
            "geometry": {
                "type": "Point",
                "coordinates": [
                    2.31102,
                    49.8828
                ]
            },
            "properties": {
                "id": "000WK",
                "name": "Amiens - Foss\u00e9 Noyon",
                "elevation": 42,
                "license": {
                    "code": 1,
                    "license": "CC BY",
                    "url": "https:\/\/creativecommons.org\/licenses\/by\/2.0\/fr\/",
                    "source": "infoclimat.fr"
                },
                "country": "FR",
                "departement": "80",
                "last_activity": "2026-06-25T13:30:00Z"
            }
        },
        {
            "type": "Feature",
            "geometry": {
                "type": "Point",
                "coordinates": [
                    6.59258,
                    46.1481
                ]
            },
            "properties": {
                "id": "000WL",
                "name": "Taninges - Praz de Lys",
                "elevation": 1450,
                "license": {
                    "code": 2,
                    "license": "NON-COMMERCIAL ONLY: CC BY NC",
                    "url": "https:\/\/creativecommons.org\/licenses\/by-nc\/2.0\/fr\/",
                    "source": "infoclimat.fr"
                },
                "country": "FR",
                "departement": "74",
                "last_activity": "2022-05-31T08:50:00Z"
            }
        },
        {
            "type": "Feature",
            "geometry": {
                "type": "Point",
                "coordinates": [
                    5.94294,
                    44.2116
                ]
            },
            "properties": {
                "id": "000WM",
                "name": "Sisteron - Plan de la Baume",
                "elevation": 487,
                "license": {
                    "code": 1,
                    "license": "CC BY",
                    "url": "https:\/\/creativecommons.org\/licenses\/by\/2.0\/fr\/",
                    "source": "infoclimat.fr"
                },
                "country": "FR",
                "departement": "04",
                "last_activity": "2026-06-25T13:30:00Z"
            }
        },
        {
            "type": "Feature",
            "geometry": {
                "type": "Point",
                "coordinates": [
                    3.900738,
                    45.850354
                ]
            },
            "properties": {
                "id": "000WN",
                "name": "Saint-Martin-la-Sauvet\u00e9",
                "elevation": 650,
                "license": {
                    "code": 2,
                    "license": "NON-COMMERCIAL ONLY: CC BY NC",
                    "url": "https:\/\/creativecommons.org\/licenses\/by-nc\/2.0\/fr\/",
                    "source": "infoclimat.fr"
                },
                "country": "FR",
                "departement": "42",
                "last_activity": "2026-06-25T13:30:00Z"
            }
        },
        {
            "type": "Feature",
            "geometry": {
                "type": "Point",
                "coordinates": [
                    5.7,
                    50.7
                ]
            },
            "properties": {
                "id": "000WT",
                "name": "Vis\u00e9 - Argenteau",
                "elevation": 86,
                "license": {
                    "code": 2,
                    "license": "NON-COMMERCIAL ONLY: CC BY NC",
                    "url": "https:\/\/creativecommons.org\/licenses\/by-nc\/2.0\/fr\/",
                    "source": "infoclimat.fr"
                },
                "country": "BE",
                "departement": "",
                "last_activity": "2026-06-25T13:20:00Z"
            }
        },
        {
            "type": "Feature",
            "geometry": {
                "type": "Point",
                "coordinates": [
                    6.05833,
                    50.2427
                ]
            },
            "properties": {
                "id": "000WU",
                "name": "Braunlauf",
                "elevation": 440,
                "license": {
                    "code": 1,
                    "license": "CC BY",
                    "url": "https:\/\/creativecommons.org\/licenses\/by\/2.0\/fr\/",
                    "source": "infoclimat.fr"
                },
                "country": "BE",
                "departement": "",
                "last_activity": "2023-11-28T16:10:00Z"
            }
        },
        {
            "type": "Feature",
            "geometry": {
                "type": "Point",
                "coordinates": [
                    2.29897,
                    49.9038
                ]
            },
            "properties": {
                "id": "000WW",
                "name": "Amiens - UPJV Citadelle",
                "elevation": 43,
                "license": {
                    "code": 1,
                    "license": "CC BY",
                    "url": "https:\/\/creativecommons.org\/licenses\/by\/2.0\/fr\/",
                    "source": "infoclimat.fr"
                },
                "country": "FR",
                "departement": "80",
                "last_activity": "2024-08-29T07:30:00Z"
            }
        },
        {
            "type": "Feature",
            "geometry": {
                "type": "Point",
                "coordinates": [
                    1.57126,
                    45.4312
                ]
            },
            "properties": {
                "id": "000WX",
                "name": "Uzerche",
                "elevation": 369,
                "license": {
                    "code": 2,
                    "license": "NON-COMMERCIAL ONLY: CC BY NC",
                    "url": "https:\/\/creativecommons.org\/licenses\/by-nc\/2.0\/fr\/",
                    "source": "infoclimat.fr"
                },
                "country": "FR",
                "departement": "19",
                "last_activity": "2026-06-25T13:30:00Z"
            }
        },
        {
            "type": "Feature",
            "geometry": {
                "type": "Point",
                "coordinates": [
                    1.091564,
                    48.240063
                ]
            },
            "properties": {
                "id": "STATIC0071",
                "name": "Dampierre-sous-Brou",
                "elevation": 211,
                "license": {
                    "code": 1,
                    "license": "CC BY",
                    "url": "https:\/\/creativecommons.org\/licenses\/by\/2.0\/fr\/",
                    "source": "infoclimat.fr"
                },
                "country": "FR",
                "departement": "28",
                "last_activity": "2026-06-25T13:30:00Z"
            }
        },
        {
            "type": "Feature",
            "geometry": {
                "type": "Point",
                "coordinates": [
                    1.4923,
                    47.077566
                ]
            },
            "properties": {
                "id": "000YQ",
                "name": "Lang\u00e9",
                "elevation": 153,
                "license": {
                    "code": 1,
                    "license": "CC BY",
                    "url": "https:\/\/creativecommons.org\/licenses\/by\/2.0\/fr\/",
                    "source": "infoclimat.fr"
                },
                "country": "FR",
                "departement": "36",
                "last_activity": "2026-06-25T13:30:00Z"
            }
        },
        {
            "type": "Feature",
            "geometry": {
                "type": "Point",
                "coordinates": [
                    6.73626,
                    43.7783
                ]
            },
            "properties": {
                "id": "000XM",
                "name": "Caille",
                "elevation": 1126,
                "license": {
                    "code": 2,
                    "license": "NON-COMMERCIAL ONLY: CC BY NC",
                    "url": "https:\/\/creativecommons.org\/licenses\/by-nc\/2.0\/fr\/",
                    "source": "infoclimat.fr"
                },
                "country": "FR",
                "departement": "06",
                "last_activity": "2023-07-16T14:10:00Z"
            }
        },
        {
            "type": "Feature",
            "geometry": {
                "type": "Point",
                "coordinates": [
                    -1.36835,
                    48.29012
                ]
            },
            "properties": {
                "id": "000WY",
                "name": "Saint-Jean-sur-Couesnon",
                "elevation": 62,
                "license": {
                    "code": 2,
                    "license": "NON-COMMERCIAL ONLY: CC BY NC",
                    "url": "https:\/\/creativecommons.org\/licenses\/by-nc\/2.0\/fr\/",
                    "source": "infoclimat.fr"
                },
                "country": "FR",
                "departement": "35",
                "last_activity": "2023-07-01T09:10:00Z"
            }
        },
        {
            "type": "Feature",
            "geometry": {
                "type": "Point",
                "coordinates": [
                    5.14422,
                    48.1126
                ]
            },
            "properties": {
                "id": "000WZ",
                "name": "Chaumont",
                "elevation": 321,
                "license": {
                    "code": 2,
                    "license": "NON-COMMERCIAL ONLY: CC BY NC",
                    "url": "https:\/\/creativecommons.org\/licenses\/by-nc\/2.0\/fr\/",
                    "source": "infoclimat.fr"
                },
                "country": "FR",
                "departement": "52",
                "last_activity": "2026-06-25T13:30:00Z"
            }
        },
        {
            "type": "Feature",
            "geometry": {
                "type": "Point",
                "coordinates": [
                    3.350703,
                    51.2212
                ]
            },
            "properties": {
                "id": "000XA",
                "name": "Damme",
                "elevation": 5,
                "license": {
                    "code": 1,
                    "license": "CC BY",
                    "url": "https:\/\/creativecommons.org\/licenses\/by\/2.0\/fr\/",
                    "source": "infoclimat.fr"
                },
                "country": "BE",
                "departement": "BE",
                "last_activity": "2024-02-13T05:00:00Z"
            }
        },
        {
            "type": "Feature",
            "geometry": {
                "type": "Point",
                "coordinates": [
                    5.59072,
                    45.48591
                ]
            },
            "properties": {
                "id": "000XB",
                "name": "Montferrat",
                "elevation": 556,
                "license": {
                    "code": 1,
                    "license": "CC BY",
                    "url": "https:\/\/creativecommons.org\/licenses\/by\/2.0\/fr\/",
                    "source": "infoclimat.fr"
                },
                "country": "FR",
                "departement": "38",
                "last_activity": "2026-06-25T13:20:00Z"
            }
        },
        {
            "type": "Feature",
            "geometry": {
                "type": "Point",
                "coordinates": [
                    2.40745,
                    48.6602
                ]
            },
            "properties": {
                "id": "000XD",
                "name": "Ris-Orangis",
                "elevation": 40,
                "license": {
                    "code": 2,
                    "license": "NON-COMMERCIAL ONLY: CC BY NC",
                    "url": "https:\/\/creativecommons.org\/licenses\/by-nc\/2.0\/fr\/",
                    "source": "infoclimat.fr"
                },
                "country": "FR",
                "departement": "91",
                "last_activity": "2026-06-25T13:30:00Z"
            }
        },
        {
            "type": "Feature",
            "geometry": {
                "type": "Point",
                "coordinates": [
                    -3.86642,
                    48.2899
                ]
            },
            "properties": {
                "id": "000XE",
                "name": "Plon\u00e9vez-du-Faou",
                "elevation": 147,
                "license": {
                    "code": 1,
                    "license": "CC BY",
                    "url": "https:\/\/creativecommons.org\/licenses\/by\/2.0\/fr\/",
                    "source": "infoclimat.fr"
                },
                "country": "FR",
                "departement": "29",
                "last_activity": "2024-10-31T18:20:00Z"
            }
        },
        {
            "type": "Feature",
            "geometry": {
                "type": "Point",
                "coordinates": [
                    4.86872,
                    46.71868
                ]
            },
            "properties": {
                "id": "000YG",
                "name": "Varennes-le-Grand",
                "elevation": 178,
                "license": {
                    "code": 1,
                    "license": "CC BY",
                    "url": "https:\/\/creativecommons.org\/licenses\/by\/2.0\/fr\/",
                    "source": "infoclimat.fr"
                },
                "country": "FR",
                "departement": "71",
                "last_activity": "2026-06-25T13:30:00Z"
            }
        },
        {
            "type": "Feature",
            "geometry": {
                "type": "Point",
                "coordinates": [
                    7.42662,
                    48.9127
                ]
            },
            "properties": {
                "id": "000XF",
                "name": "Wimmenau",
                "elevation": 210,
                "license": {
                    "code": 2,
                    "license": "NON-COMMERCIAL ONLY: CC BY NC",
                    "url": "https:\/\/creativecommons.org\/licenses\/by-nc\/2.0\/fr\/",
                    "source": "infoclimat.fr"
                },
                "country": "FR",
                "departement": "67",
                "last_activity": "2026-06-25T13:30:00Z"
            }
        },
        {
            "type": "Feature",
            "geometry": {
                "type": "Point",
                "coordinates": [
                    6.59663,
                    47.0517
                ]
            },
            "properties": {
                "id": "000XH",
                "name": "Morteau",
                "elevation": 756,
                "license": {
                    "code": 1,
                    "license": "CC BY",
                    "url": "https:\/\/creativecommons.org\/licenses\/by\/2.0\/fr\/",
                    "source": "infoclimat.fr"
                },
                "country": "FR",
                "departement": "25",
                "last_activity": "2026-06-25T13:30:00Z"
            }
        },
        {
            "type": "Feature",
            "geometry": {
                "type": "Point",
                "coordinates": [
                    1.44368,
                    43.8348
                ]
            },
            "properties": {
                "id": "000XI",
                "name": "Villaudric",
                "elevation": 145,
                "license": {
                    "code": 1,
                    "license": "CC BY",
                    "url": "https:\/\/creativecommons.org\/licenses\/by\/2.0\/fr\/",
                    "source": "infoclimat.fr"
                },
                "country": "FR",
                "departement": "31",
                "last_activity": "2026-06-25T13:30:00Z"
            }
        },
        {
            "type": "Feature",
            "geometry": {
                "type": "Point",
                "coordinates": [
                    6.91929,
                    48.52388
                ]
            },
            "properties": {
                "id": "000XJ",
                "name": "Br\u00e9m\u00e9nil",
                "elevation": 321,
                "license": {
                    "code": 2,
                    "license": "NON-COMMERCIAL ONLY: CC BY NC",
                    "url": "https:\/\/creativecommons.org\/licenses\/by-nc\/2.0\/fr\/",
                    "source": "infoclimat.fr"
                },
                "country": "FR",
                "departement": "54",
                "last_activity": "2026-06-25T13:30:00Z"
            }
        },
        {
            "type": "Feature",
            "geometry": {
                "type": "Point",
                "coordinates": [
                    4.78605,
                    44.2894
                ]
            },
            "properties": {
                "id": "STATIC0019",
                "name": "Boll\u00e8ne",
                "elevation": 58,
                "license": {
                    "code": 1,
                    "license": "CC BY",
                    "url": "https:\/\/creativecommons.org\/licenses\/by\/2.0\/fr\/",
                    "source": "infoclimat.fr"
                },
                "country": "FR",
                "departement": "84",
                "last_activity": "2026-06-25T13:30:00Z"
            }
        },
        {
            "type": "Feature",
            "geometry": {
                "type": "Point",
                "coordinates": [
                    6.69234,
                    48.198
                ]
            },
            "properties": {
                "id": "000XK",
                "name": "Laval-sur-Vologne",
                "elevation": 450,
                "license": {
                    "code": 1,
                    "license": "CC BY",
                    "url": "https:\/\/creativecommons.org\/licenses\/by\/2.0\/fr\/",
                    "source": "infoclimat.fr"
                },
                "country": "FR",
                "departement": "88",
                "last_activity": "2026-06-25T13:30:00Z"
            }
        },
        {
            "type": "Feature",
            "geometry": {
                "type": "Point",
                "coordinates": [
                    7.41218,
                    43.7499
                ]
            },
            "properties": {
                "id": "000XN",
                "name": "La Turbie",
                "elevation": 430,
                "license": {
                    "code": 1,
                    "license": "CC BY",
                    "url": "https:\/\/creativecommons.org\/licenses\/by\/2.0\/fr\/",
                    "source": "infoclimat.fr"
                },
                "country": "FR",
                "departement": "06",
                "last_activity": "2026-06-25T13:20:00Z"
            }
        },
        {
            "type": "Feature",
            "geometry": {
                "type": "Point",
                "coordinates": [
                    7.16466,
                    49.07916
                ]
            },
            "properties": {
                "id": "000XO",
                "name": "Wiesviller",
                "elevation": 269,
                "license": {
                    "code": 2,
                    "license": "NON-COMMERCIAL ONLY: CC BY NC",
                    "url": "https:\/\/creativecommons.org\/licenses\/by-nc\/2.0\/fr\/",
                    "source": "infoclimat.fr"
                },
                "country": "FR",
                "departement": "57",
                "last_activity": "0000-00-00T00:00:00Z"
            }
        },
        {
            "type": "Feature",
            "geometry": {
                "type": "Point",
                "coordinates": [
                    5.98545,
                    46.403
                ]
            },
            "properties": {
                "id": "000XP",
                "name": "Lamoura",
                "elevation": 1172,
                "license": {
                    "code": 1,
                    "license": "CC BY",
                    "url": "https:\/\/creativecommons.org\/licenses\/by\/2.0\/fr\/",
                    "source": "infoclimat.fr"
                },
                "country": "FR",
                "departement": "39",
                "last_activity": "2026-06-25T13:30:00Z"
            }
        },
        {
            "type": "Feature",
            "geometry": {
                "type": "Point",
                "coordinates": [
                    0.81667,
                    45.81667
                ]
            },
            "properties": {
                "id": "000XR",
                "name": "Rochechouart",
                "elevation": 236,
                "license": {
                    "code": 1,
                    "license": "CC BY",
                    "url": "https:\/\/creativecommons.org\/licenses\/by\/2.0\/fr\/",
                    "source": "infoclimat.fr"
                },
                "country": "FR",
                "departement": "87",
                "last_activity": "2026-06-25T13:30:00Z"
            }
        },
        {
            "type": "Feature",
            "geometry": {
                "type": "Point",
                "coordinates": [
                    1.98271,
                    50.46967
                ]
            },
            "properties": {
                "id": "000XW",
                "name": "Lebiez",
                "elevation": 51,
                "license": {
                    "code": 1,
                    "license": "CC BY",
                    "url": "https:\/\/creativecommons.org\/licenses\/by\/2.0\/fr\/",
                    "source": "infoclimat.fr"
                },
                "country": "FR",
                "departement": "62",
                "last_activity": "2026-06-25T13:30:00Z"
            }
        },
        {
            "type": "Feature",
            "geometry": {
                "type": "Point",
                "coordinates": [
                    1.83131,
                    48.43137
                ]
            },
            "properties": {
                "id": "000YX",
                "name": "Aunay-sous-Auneau - N\u00e9lu",
                "elevation": 157,
                "license": {
                    "code": 1,
                    "license": "CC BY",
                    "url": "https:\/\/creativecommons.org\/licenses\/by\/2.0\/fr\/",
                    "source": "infoclimat.fr"
                },
                "country": "FR",
                "departement": "28",
                "last_activity": "2026-06-25T13:30:00Z"
            }
        },
        {
            "type": "Feature",
            "geometry": {
                "type": "Point",
                "coordinates": [
                    -0.19032,
                    42.9747
                ]
            },
            "properties": {
                "id": "000XX",
                "name": "Aucun",
                "elevation": 860,
                "license": {
                    "code": 2,
                    "license": "NON-COMMERCIAL ONLY: CC BY NC",
                    "url": "https:\/\/creativecommons.org\/licenses\/by-nc\/2.0\/fr\/",
                    "source": "infoclimat.fr"
                },
                "country": "FR",
                "departement": "65",
                "last_activity": "2026-06-25T13:30:00Z"
            }
        },
        {
            "type": "Feature",
            "geometry": {
                "type": "Point",
                "coordinates": [
                    4.76727,
                    45.94111
                ]
            },
            "properties": {
                "id": "000XY",
                "name": "Tr\u00e9voux",
                "elevation": 174,
                "license": {
                    "code": 2,
                    "license": "NON-COMMERCIAL ONLY: CC BY NC",
                    "url": "https:\/\/creativecommons.org\/licenses\/by-nc\/2.0\/fr\/",
                    "source": "infoclimat.fr"
                },
                "country": "FR",
                "departement": "01",
                "last_activity": "2024-11-20T16:30:00Z"
            }
        },
        {
            "type": "Feature",
            "geometry": {
                "type": "Point",
                "coordinates": [
                    0.21138,
                    49.60197
                ]
            },
            "properties": {
                "id": "000XZ",
                "name": "Saint-Martin-du-Bec",
                "elevation": 91,
                "license": {
                    "code": 1,
                    "license": "CC BY",
                    "url": "https:\/\/creativecommons.org\/licenses\/by\/2.0\/fr\/",
                    "source": "infoclimat.fr"
                },
                "country": "FR",
                "departement": "76",
                "last_activity": "2026-06-25T13:20:00Z"
            }
        },
        {
            "type": "Feature",
            "geometry": {
                "type": "Point",
                "coordinates": [
                    3.909748,
                    44.34022
                ]
            },
            "properties": {
                "id": "000YB",
                "name": "Vialas - Nojaret",
                "elevation": 680,
                "license": {
                    "code": 2,
                    "license": "NON-COMMERCIAL ONLY: CC BY NC",
                    "url": "https:\/\/creativecommons.org\/licenses\/by-nc\/2.0\/fr\/",
                    "source": "infoclimat.fr"
                },
                "country": "FR",
                "departement": "48",
                "last_activity": "2026-06-25T13:30:00Z"
            }
        },
        {
            "type": "Feature",
            "geometry": {
                "type": "Point",
                "coordinates": [
                    6.57712,
                    44.278
                ]
            },
            "properties": {
                "id": "000YD",
                "name": "Allos",
                "elevation": 1710,
                "license": {
                    "code": 1,
                    "license": "CC BY",
                    "url": "https:\/\/creativecommons.org\/licenses\/by\/2.0\/fr\/",
                    "source": "infoclimat.fr"
                },
                "country": "FR",
                "departement": "04",
                "last_activity": "2026-06-25T13:30:00Z"
            }
        },
        {
            "type": "Feature",
            "geometry": {
                "type": "Point",
                "coordinates": [
                    2.50779,
                    48.64257
                ]
            },
            "properties": {
                "id": "000YE",
                "name": "Tigery",
                "elevation": 81,
                "license": {
                    "code": 2,
                    "license": "NON-COMMERCIAL ONLY: CC BY NC",
                    "url": "https:\/\/creativecommons.org\/licenses\/by-nc\/2.0\/fr\/",
                    "source": "infoclimat.fr"
                },
                "country": "FR",
                "departement": "91",
                "last_activity": "2026-06-25T13:30:00Z"
            }
        },
        {
            "type": "Feature",
            "geometry": {
                "type": "Point",
                "coordinates": [
                    5.35,
                    48.03333
                ]
            },
            "properties": {
                "id": "000YF",
                "name": "Nogent",
                "elevation": 402,
                "license": {
                    "code": 2,
                    "license": "NON-COMMERCIAL ONLY: CC BY NC",
                    "url": "https:\/\/creativecommons.org\/licenses\/by-nc\/2.0\/fr\/",
                    "source": "infoclimat.fr"
                },
                "country": "FR",
                "departement": "52",
                "last_activity": "2026-06-25T13:30:00Z"
            }
        },
        {
            "type": "Feature",
            "geometry": {
                "type": "Point",
                "coordinates": [
                    6.810958,
                    46.071222
                ]
            },
            "properties": {
                "id": "000YH",
                "name": "Sixt-Fer-a-Cheval - Nambride",
                "elevation": 852,
                "license": {
                    "code": 1,
                    "license": "CC BY",
                    "url": "https:\/\/creativecommons.org\/licenses\/by\/2.0\/fr\/",
                    "source": "infoclimat.fr"
                },
                "country": "FR",
                "departement": "74",
                "last_activity": "2026-06-25T13:30:00Z"
            }
        },
        {
            "type": "Feature",
            "geometry": {
                "type": "Point",
                "coordinates": [
                    -2.9169,
                    48.35658
                ]
            },
            "properties": {
                "id": "000YI",
                "name": "Lanfains",
                "elevation": 320,
                "license": {
                    "code": 1,
                    "license": "CC BY",
                    "url": "https:\/\/creativecommons.org\/licenses\/by\/2.0\/fr\/",
                    "source": "infoclimat.fr"
                },
                "country": "FR",
                "departement": "22",
                "last_activity": "2026-06-25T13:30:00Z"
            }
        },
        {
            "type": "Feature",
            "geometry": {
                "type": "Point",
                "coordinates": [
                    -2.9342,
                    48.7067
                ]
            },
            "properties": {
                "id": "000YJ",
                "name": "Plouha",
                "elevation": 84,
                "license": {
                    "code": 1,
                    "license": "CC BY",
                    "url": "https:\/\/creativecommons.org\/licenses\/by\/2.0\/fr\/",
                    "source": "infoclimat.fr"
                },
                "country": "FR",
                "departement": "22",
                "last_activity": "2026-06-25T13:30:00Z"
            }
        },
        {
            "type": "Feature",
            "geometry": {
                "type": "Point",
                "coordinates": [
                    -2.82911,
                    48.4275
                ]
            },
            "properties": {
                "id": "000YK",
                "name": "Saint-Julien",
                "elevation": 165,
                "license": {
                    "code": 1,
                    "license": "CC BY",
                    "url": "https:\/\/creativecommons.org\/licenses\/by\/2.0\/fr\/",
                    "source": "infoclimat.fr"
                },
                "country": "FR",
                "departement": "22",
                "last_activity": "0000-00-00T00:00:00Z"
            }
        },
        {
            "type": "Feature",
            "geometry": {
                "type": "Point",
                "coordinates": [
                    3.18016,
                    46.0305
                ]
            },
            "properties": {
                "id": "000YL",
                "name": "Chaptuzat",
                "elevation": 374,
                "license": {
                    "code": 2,
                    "license": "NON-COMMERCIAL ONLY: CC BY NC",
                    "url": "https:\/\/creativecommons.org\/licenses\/by-nc\/2.0\/fr\/",
                    "source": "infoclimat.fr"
                },
                "country": "FR",
                "departement": "63",
                "last_activity": "2026-06-25T13:30:00Z"
            }
        },
        {
            "type": "Feature",
            "geometry": {
                "type": "Point",
                "coordinates": [
                    4.87381,
                    44.01023
                ]
            },
            "properties": {
                "id": "000YM",
                "name": "Sorgues",
                "elevation": 30,
                "license": {
                    "code": 1,
                    "license": "CC BY",
                    "url": "https:\/\/creativecommons.org\/licenses\/by\/2.0\/fr\/",
                    "source": "infoclimat.fr"
                },
                "country": "FR",
                "departement": "84",
                "last_activity": "2026-06-25T13:30:00Z"
            }
        },
        {
            "type": "Feature",
            "geometry": {
                "type": "Point",
                "coordinates": [
                    6.23798,
                    45.82774
                ]
            },
            "properties": {
                "id": "000YN",
                "name": "Rovagny",
                "elevation": 806,
                "license": {
                    "code": 2,
                    "license": "NON-COMMERCIAL ONLY: CC BY NC",
                    "url": "https:\/\/creativecommons.org\/licenses\/by-nc\/2.0\/fr\/",
                    "source": "infoclimat.fr"
                },
                "country": "FR",
                "departement": "74",
                "last_activity": "2026-06-25T13:30:00Z"
            }
        },
        {
            "type": "Feature",
            "geometry": {
                "type": "Point",
                "coordinates": [
                    4.92548,
                    43.95501
                ]
            },
            "properties": {
                "id": "000YO",
                "name": "Saint-Saturnin-l\u00e8s-Avignon",
                "elevation": 66,
                "license": {
                    "code": 1,
                    "license": "CC BY",
                    "url": "https:\/\/creativecommons.org\/licenses\/by\/2.0\/fr\/",
                    "source": "infoclimat.fr"
                },
                "country": "FR",
                "departement": "84",
                "last_activity": "2026-06-25T13:30:00Z"
            }
        },
        {
            "type": "Feature",
            "geometry": {
                "type": "Point",
                "coordinates": [
                    7.50353,
                    48.5498
                ]
            },
            "properties": {
                "id": "STATIC0025",
                "name": "Molsheim",
                "elevation": 182,
                "license": {
                    "code": 1,
                    "license": "CC BY",
                    "url": "https:\/\/creativecommons.org\/licenses\/by\/2.0\/fr\/",
                    "source": "infoclimat.fr"
                },
                "country": "FR",
                "departement": "67",
                "last_activity": "2026-06-25T13:30:00Z"
            }
        },
        {
            "type": "Feature",
            "geometry": {
                "type": "Point",
                "coordinates": [
                    -1.03674,
                    45.4079
                ]
            },
            "properties": {
                "id": "000YU",
                "name": "Vensac",
                "elevation": 7,
                "license": {
                    "code": 2,
                    "license": "NON-COMMERCIAL ONLY: CC BY NC",
                    "url": "https:\/\/creativecommons.org\/licenses\/by-nc\/2.0\/fr\/",
                    "source": "infoclimat.fr"
                },
                "country": "FR",
                "departement": "33",
                "last_activity": "2026-06-25T13:30:00Z"
            }
        },
        {
            "type": "Feature",
            "geometry": {
                "type": "Point",
                "coordinates": [
                    -0.71343,
                    45.941
                ]
            },
            "properties": {
                "id": "000YW",
                "name": "Archingeay",
                "elevation": 9,
                "license": {
                    "code": 2,
                    "license": "NON-COMMERCIAL ONLY: CC BY NC",
                    "url": "https:\/\/creativecommons.org\/licenses\/by-nc\/2.0\/fr\/",
                    "source": "infoclimat.fr"
                },
                "country": "FR",
                "departement": "17",
                "last_activity": "2026-06-25T13:30:00Z"
            }
        },
        {
            "type": "Feature",
            "geometry": {
                "type": "Point",
                "coordinates": [
                    3.32999,
                    50.4444
                ]
            },
            "properties": {
                "id": "000YY",
                "name": "Sars-et-Rosi\u00e8res",
                "elevation": 19,
                "license": {
                    "code": 2,
                    "license": "NON-COMMERCIAL ONLY: CC BY NC",
                    "url": "https:\/\/creativecommons.org\/licenses\/by-nc\/2.0\/fr\/",
                    "source": "infoclimat.fr"
                },
                "country": "FR",
                "departement": "59",
                "last_activity": "2026-06-25T13:20:00Z"
            }
        },
        {
            "type": "Feature",
            "geometry": {
                "type": "Point",
                "coordinates": [
                    7.47597,
                    43.8876
                ]
            },
            "properties": {
                "id": "000YZ",
                "name": "Sospel",
                "elevation": 470,
                "license": {
                    "code": 1,
                    "license": "CC BY",
                    "url": "https:\/\/creativecommons.org\/licenses\/by\/2.0\/fr\/",
                    "source": "infoclimat.fr"
                },
                "country": "FR",
                "departement": "06",
                "last_activity": "2026-06-25T13:20:00Z"
            }
        },
        {
            "type": "Feature",
            "geometry": {
                "type": "Point",
                "coordinates": [
                    7.2514,
                    44.9193
                ]
            },
            "properties": {
                "id": "000ZA",
                "name": "Villar Perosa",
                "elevation": 530,
                "license": {
                    "code": 1,
                    "license": "CC BY",
                    "url": "https:\/\/creativecommons.org\/licenses\/by\/2.0\/fr\/",
                    "source": "infoclimat.fr"
                },
                "country": "IT",
                "departement": "IT",
                "last_activity": "2026-06-25T13:30:00Z"
            }
        },
        {
            "type": "Feature",
            "geometry": {
                "type": "Point",
                "coordinates": [
                    4.61466,
                    44.08398
                ]
            },
            "properties": {
                "id": "000ZB",
                "name": "Saint-Paul-les-Fonts",
                "elevation": 80,
                "license": {
                    "code": 2,
                    "license": "NON-COMMERCIAL ONLY: CC BY NC",
                    "url": "https:\/\/creativecommons.org\/licenses\/by-nc\/2.0\/fr\/",
                    "source": "infoclimat.fr"
                },
                "country": "FR",
                "departement": "30",
                "last_activity": "2026-06-25T13:30:00Z"
            }
        },
        {
            "type": "Feature",
            "geometry": {
                "type": "Point",
                "coordinates": [
                    7.50595,
                    44.0974
                ]
            },
            "properties": {
                "id": "000ZC",
                "name": "Tende - Cast\u00e9rino",
                "elevation": 1550,
                "license": {
                    "code": 1,
                    "license": "CC BY",
                    "url": "https:\/\/creativecommons.org\/licenses\/by\/2.0\/fr\/",
                    "source": "infoclimat.fr"
                },
                "country": "FR",
                "departement": "06",
                "last_activity": "2026-06-25T13:20:00Z"
            }
        },
        {
            "type": "Feature",
            "geometry": {
                "type": "Point",
                "coordinates": [
                    6.17256,
                    46.7188
                ]
            },
            "properties": {
                "id": "000ZE",
                "name": "Les Pontets",
                "elevation": 1008,
                "license": {
                    "code": 2,
                    "license": "NON-COMMERCIAL ONLY: CC BY NC",
                    "url": "https:\/\/creativecommons.org\/licenses\/by-nc\/2.0\/fr\/",
                    "source": "infoclimat.fr"
                },
                "country": "FR",
                "departement": "25",
                "last_activity": "2026-06-25T13:10:00Z"
            }
        },
        {
            "type": "Feature",
            "geometry": {
                "type": "Point",
                "coordinates": [
                    -0.112,
                    43.66788
                ]
            },
            "properties": {
                "id": "STATIC0205",
                "name": "Tarsac",
                "elevation": 105,
                "license": {
                    "code": 2,
                    "license": "NON-COMMERCIAL ONLY: CC BY NC",
                    "url": "https:\/\/creativecommons.org\/licenses\/by-nc\/2.0\/fr\/",
                    "source": "infoclimat.fr"
                },
                "country": "FR",
                "departement": "32",
                "last_activity": "2026-06-25T13:30:00Z"
            }
        },
        {
            "type": "Feature",
            "geometry": {
                "type": "Point",
                "coordinates": [
                    6.31142,
                    46.8964
                ]
            },
            "properties": {
                "id": "000ZF",
                "name": "Granges-Narboz",
                "elevation": 810,
                "license": {
                    "code": 2,
                    "license": "NON-COMMERCIAL ONLY: CC BY NC",
                    "url": "https:\/\/creativecommons.org\/licenses\/by-nc\/2.0\/fr\/",
                    "source": "infoclimat.fr"
                },
                "country": "FR",
                "departement": "25",
                "last_activity": "2022-01-07T10:10:00Z"
            }
        },
        {
            "type": "Feature",
            "geometry": {
                "type": "Point",
                "coordinates": [
                    6.316,
                    46.9233
                ]
            },
            "properties": {
                "id": "000ZG",
                "name": "Dommartin",
                "elevation": 810,
                "license": {
                    "code": 2,
                    "license": "NON-COMMERCIAL ONLY: CC BY NC",
                    "url": "https:\/\/creativecommons.org\/licenses\/by-nc\/2.0\/fr\/",
                    "source": "infoclimat.fr"
                },
                "country": "FR",
                "departement": "25",
                "last_activity": "2023-09-06T10:20:00Z"
            }
        },
        {
            "type": "Feature",
            "geometry": {
                "type": "Point",
                "coordinates": [
                    6.43418,
                    47.0188
                ]
            },
            "properties": {
                "id": "000ZH",
                "name": "La Chaux (Village) ",
                "elevation": 880,
                "license": {
                    "code": 2,
                    "license": "NON-COMMERCIAL ONLY: CC BY NC",
                    "url": "https:\/\/creativecommons.org\/licenses\/by-nc\/2.0\/fr\/",
                    "source": "infoclimat.fr"
                },
                "country": "FR",
                "departement": "25",
                "last_activity": "2022-12-12T16:10:00Z"
            }
        },
        {
            "type": "Feature",
            "geometry": {
                "type": "Point",
                "coordinates": [
                    1.15666,
                    44.8992
                ]
            },
            "properties": {
                "id": "000ZI",
                "name": "Saint-Andr\u00e9-d'Allas",
                "elevation": 222,
                "license": {
                    "code": 2,
                    "license": "NON-COMMERCIAL ONLY: CC BY NC",
                    "url": "https:\/\/creativecommons.org\/licenses\/by-nc\/2.0\/fr\/",
                    "source": "infoclimat.fr"
                },
                "country": "FR",
                "departement": "24",
                "last_activity": "2026-06-25T12:20:00Z"
            }
        },
        {
            "type": "Feature",
            "geometry": {
                "type": "Point",
                "coordinates": [
                    5.506409,
                    44.744514
                ]
            },
            "properties": {
                "id": "000ZK",
                "name": "Ch\u00e2tillon-en-Diois - Cirque d'Archiane",
                "elevation": 747,
                "license": {
                    "code": 2,
                    "license": "NON-COMMERCIAL ONLY: CC BY NC",
                    "url": "https:\/\/creativecommons.org\/licenses\/by-nc\/2.0\/fr\/",
                    "source": "infoclimat.fr"
                },
                "country": "FR",
                "departement": "26",
                "last_activity": "2026-06-25T13:30:00Z"
            }
        },
        {
            "type": "Feature",
            "geometry": {
                "type": "Point",
                "coordinates": [
                    -0.5602,
                    48.7467
                ]
            },
            "properties": {
                "id": "000ZJ",
                "name": "[MAE] Flers - Coll\u00e8ge Saint-Thomas d'Aquin",
                "elevation": 206,
                "license": {
                    "code": 1,
                    "license": "CC BY",
                    "url": "https:\/\/creativecommons.org\/licenses\/by\/2.0\/fr\/",
                    "source": "infoclimat.fr"
                },
                "country": "FR",
                "departement": "61",
                "last_activity": "2026-06-25T13:30:00Z"
            }
        },
        {
            "type": "Feature",
            "geometry": {
                "type": "Point",
                "coordinates": [
                    4.88786,
                    48.2233
                ]
            },
            "properties": {
                "id": "000ZL",
                "name": "Colombey-les-Deux-Eglises",
                "elevation": 350,
                "license": {
                    "code": 2,
                    "license": "NON-COMMERCIAL ONLY: CC BY NC",
                    "url": "https:\/\/creativecommons.org\/licenses\/by-nc\/2.0\/fr\/",
                    "source": "infoclimat.fr"
                },
                "country": "FR",
                "departement": "52",
                "last_activity": "2026-06-25T13:30:00Z"
            }
        },
        {
            "type": "Feature",
            "geometry": {
                "type": "Point",
                "coordinates": [
                    -1.28726,
                    49.35095
                ]
            },
            "properties": {
                "id": "000ZM",
                "name": "Houesville",
                "elevation": 11,
                "license": {
                    "code": 2,
                    "license": "NON-COMMERCIAL ONLY: CC BY NC",
                    "url": "https:\/\/creativecommons.org\/licenses\/by-nc\/2.0\/fr\/",
                    "source": "infoclimat.fr"
                },
                "country": "FR",
                "departement": "50",
                "last_activity": "2026-06-25T13:30:00Z"
            }
        },
        {
            "type": "Feature",
            "geometry": {
                "type": "Point",
                "coordinates": [
                    4.0207,
                    43.7701
                ]
            },
            "properties": {
                "id": "000ZN",
                "name": "Galargues",
                "elevation": 54,
                "license": {
                    "code": 2,
                    "license": "NON-COMMERCIAL ONLY: CC BY NC",
                    "url": "https:\/\/creativecommons.org\/licenses\/by-nc\/2.0\/fr\/",
                    "source": "infoclimat.fr"
                },
                "country": "FR",
                "departement": "34",
                "last_activity": "2026-06-25T13:30:00Z"
            }
        },
        {
            "type": "Feature",
            "geometry": {
                "type": "Point",
                "coordinates": [
                    5.08962,
                    45.8626
                ]
            },
            "properties": {
                "id": "000ZO",
                "name": "Bressolles",
                "elevation": 280,
                "license": {
                    "code": 1,
                    "license": "CC BY",
                    "url": "https:\/\/creativecommons.org\/licenses\/by\/2.0\/fr\/",
                    "source": "infoclimat.fr"
                },
                "country": "FR",
                "departement": "01",
                "last_activity": "2026-04-12T10:30:00Z"
            }
        },
        {
            "type": "Feature",
            "geometry": {
                "type": "Point",
                "coordinates": [
                    -2.79578,
                    48.4232
                ]
            },
            "properties": {
                "id": "STATIC0060",
                "name": "Plaintel",
                "elevation": 137,
                "license": {
                    "code": 1,
                    "license": "CC BY",
                    "url": "https:\/\/creativecommons.org\/licenses\/by\/2.0\/fr\/",
                    "source": "infoclimat.fr"
                },
                "country": "FR",
                "departement": "22",
                "last_activity": "2026-06-25T13:30:00Z"
            }
        },
        {
            "type": "Feature",
            "geometry": {
                "type": "Point",
                "coordinates": [
                    -0.003889,
                    48.594722
                ]
            },
            "properties": {
                "id": "000ZP",
                "name": "Le Cercueil",
                "elevation": 335,
                "license": {
                    "code": 2,
                    "license": "NON-COMMERCIAL ONLY: CC BY NC",
                    "url": "https:\/\/creativecommons.org\/licenses\/by-nc\/2.0\/fr\/",
                    "source": "infoclimat.fr"
                },
                "country": "FR",
                "departement": "61",
                "last_activity": "2026-06-25T13:30:00Z"
            }
        },
        {
            "type": "Feature",
            "geometry": {
                "type": "Point",
                "coordinates": [
                    2.44744,
                    49.8429
                ]
            },
            "properties": {
                "id": "000ZQ",
                "name": "Gentelles",
                "elevation": 117,
                "license": {
                    "code": 1,
                    "license": "CC BY",
                    "url": "https:\/\/creativecommons.org\/licenses\/by\/2.0\/fr\/",
                    "source": "infoclimat.fr"
                },
                "country": "FR",
                "departement": "80",
                "last_activity": "2026-06-25T13:30:00Z"
            }
        },
        {
            "type": "Feature",
            "geometry": {
                "type": "Point",
                "coordinates": [
                    -1.96437,
                    48.2929
                ]
            },
            "properties": {
                "id": "000ZR",
                "name": "Plouasne",
                "elevation": 156,
                "license": {
                    "code": 2,
                    "license": "NON-COMMERCIAL ONLY: CC BY NC",
                    "url": "https:\/\/creativecommons.org\/licenses\/by-nc\/2.0\/fr\/",
                    "source": "infoclimat.fr"
                },
                "country": "FR",
                "departement": "22",
                "last_activity": "0000-00-00T00:00:00Z"
            }
        },
        {
            "type": "Feature",
            "geometry": {
                "type": "Point",
                "coordinates": [
                    2.8069,
                    44.96885
                ]
            },
            "properties": {
                "id": "000ZS",
                "name": "Brezons",
                "elevation": 834,
                "license": {
                    "code": 1,
                    "license": "CC BY",
                    "url": "https:\/\/creativecommons.org\/licenses\/by\/2.0\/fr\/",
                    "source": "infoclimat.fr"
                },
                "country": "FR",
                "departement": "15",
                "last_activity": "2026-06-25T13:30:00Z"
            }
        },
        {
            "type": "Feature",
            "geometry": {
                "type": "Point",
                "coordinates": [
                    6.6328239440918,
                    46.5159963488544
                ]
            },
            "properties": {
                "id": "000ZT",
                "name": "Lausanne-Centre",
                "elevation": 560,
                "license": {
                    "code": 2,
                    "license": "NON-COMMERCIAL ONLY: CC BY NC",
                    "url": "https:\/\/creativecommons.org\/licenses\/by-nc\/2.0\/fr\/",
                    "source": "infoclimat.fr"
                },
                "country": "CH",
                "departement": "CH",
                "last_activity": "2026-06-25T13:30:00Z"
            }
        },
        {
            "type": "Feature",
            "geometry": {
                "type": "Point",
                "coordinates": [
                    0.167716,
                    43.9239
                ]
            },
            "properties": {
                "id": "000ZU",
                "name": "Montr\u00e9al-du-Gers",
                "elevation": 160,
                "license": {
                    "code": 2,
                    "license": "NON-COMMERCIAL ONLY: CC BY NC",
                    "url": "https:\/\/creativecommons.org\/licenses\/by-nc\/2.0\/fr\/",
                    "source": "infoclimat.fr"
                },
                "country": "FR",
                "departement": "32",
                "last_activity": "2026-06-25T13:20:00Z"
            }
        },
        {
            "type": "Feature",
            "geometry": {
                "type": "Point",
                "coordinates": [
                    7.56285,
                    48.7016
                ]
            },
            "properties": {
                "id": "000ZV",
                "name": "Gougenheim",
                "elevation": 198,
                "license": {
                    "code": 1,
                    "license": "CC BY",
                    "url": "https:\/\/creativecommons.org\/licenses\/by\/2.0\/fr\/",
                    "source": "infoclimat.fr"
                },
                "country": "FR",
                "departement": "67",
                "last_activity": "2026-06-25T13:30:00Z"
            }
        },
        {
            "type": "Feature",
            "geometry": {
                "type": "Point",
                "coordinates": [
                    4.35994,
                    44.1893
                ]
            },
            "properties": {
                "id": "000ZW",
                "name": "Lussan - La L\u00e8que",
                "elevation": 255,
                "license": {
                    "code": 2,
                    "license": "NON-COMMERCIAL ONLY: CC BY NC",
                    "url": "https:\/\/creativecommons.org\/licenses\/by-nc\/2.0\/fr\/",
                    "source": "infoclimat.fr"
                },
                "country": "FR",
                "departement": "30",
                "last_activity": "2026-06-25T13:30:00Z"
            }
        },
        {
            "type": "Feature",
            "geometry": {
                "type": "Point",
                "coordinates": [
                    6.25465,
                    46.8077
                ]
            },
            "properties": {
                "id": "000ZX",
                "name": "Vaux-et-Chantegrue",
                "elevation": 865,
                "license": {
                    "code": 2,
                    "license": "NON-COMMERCIAL ONLY: CC BY NC",
                    "url": "https:\/\/creativecommons.org\/licenses\/by-nc\/2.0\/fr\/",
                    "source": "infoclimat.fr"
                },
                "country": "FR",
                "departement": "25",
                "last_activity": "2026-06-18T04:10:00Z"
            }
        },
        {
            "type": "Feature",
            "geometry": {
                "type": "Point",
                "coordinates": [
                    2.1787,
                    48.9908
                ]
            },
            "properties": {
                "id": "STATIC0001",
                "name": "Herblay",
                "elevation": 68,
                "license": {
                    "code": 1,
                    "license": "CC BY",
                    "url": "https:\/\/creativecommons.org\/licenses\/by\/2.0\/fr\/",
                    "source": "infoclimat.fr"
                },
                "country": "FR",
                "departement": "95",
                "last_activity": "2026-06-25T13:30:00Z"
            }
        },
        {
            "type": "Feature",
            "geometry": {
                "type": "Point",
                "coordinates": [
                    7.07664,
                    48.3064
                ]
            },
            "properties": {
                "id": "STATIC0002",
                "name": "Provench\u00e8res-sur-Fave",
                "elevation": 404,
                "license": {
                    "code": 2,
                    "license": "NON-COMMERCIAL ONLY: CC BY NC",
                    "url": "https:\/\/creativecommons.org\/licenses\/by-nc\/2.0\/fr\/",
                    "source": "infoclimat.fr"
                },
                "country": "FR",
                "departement": "88",
                "last_activity": "2026-06-25T13:30:00Z"
            }
        },
        {
            "type": "Feature",
            "geometry": {
                "type": "Point",
                "coordinates": [
                    2.3188,
                    41.47977
                ]
            },
            "properties": {
                "id": "STATIC0003",
                "name": "El Masnou",
                "elevation": 12,
                "license": {
                    "code": 2,
                    "license": "NON-COMMERCIAL ONLY: CC BY NC",
                    "url": "https:\/\/creativecommons.org\/licenses\/by-nc\/2.0\/fr\/",
                    "source": "infoclimat.fr"
                },
                "country": "ES",
                "departement": "ES",
                "last_activity": "2026-06-25T13:30:00Z"
            }
        },
        {
            "type": "Feature",
            "geometry": {
                "type": "Point",
                "coordinates": [
                    4.44539,
                    44.0411
                ]
            },
            "properties": {
                "id": "STATIC0005",
                "name": "Saint-Quentin-la-Poterie",
                "elevation": 111,
                "license": {
                    "code": 2,
                    "license": "NON-COMMERCIAL ONLY: CC BY NC",
                    "url": "https:\/\/creativecommons.org\/licenses\/by-nc\/2.0\/fr\/",
                    "source": "infoclimat.fr"
                },
                "country": "FR",
                "departement": "30",
                "last_activity": "2026-06-25T13:30:00Z"
            }
        },
        {
            "type": "Feature",
            "geometry": {
                "type": "Point",
                "coordinates": [
                    4.13611,
                    43.67778
                ]
            },
            "properties": {
                "id": "STATIC0006",
                "name": "Lunel",
                "elevation": 12,
                "license": {
                    "code": 1,
                    "license": "CC BY",
                    "url": "https:\/\/creativecommons.org\/licenses\/by\/2.0\/fr\/",
                    "source": "infoclimat.fr"
                },
                "country": "FR",
                "departement": "34",
                "last_activity": "2025-05-28T04:15:00Z"
            }
        },
        {
            "type": "Feature",
            "geometry": {
                "type": "Point",
                "coordinates": [
                    4.89834,
                    45.6644
                ]
            },
            "properties": {
                "id": "STATIC0007",
                "name": "Corbas",
                "elevation": 193,
                "license": {
                    "code": 1,
                    "license": "CC BY",
                    "url": "https:\/\/creativecommons.org\/licenses\/by\/2.0\/fr\/",
                    "source": "infoclimat.fr"
                },
                "country": "FR",
                "departement": "69",
                "last_activity": "2026-06-25T13:30:00Z"
            }
        },
        {
            "type": "Feature",
            "geometry": {
                "type": "Point",
                "coordinates": [
                    6.14984,
                    43.3842
                ]
            },
            "properties": {
                "id": "STATIC0008",
                "name": "Brignoles-Est",
                "elevation": 315,
                "license": {
                    "code": 2,
                    "license": "NON-COMMERCIAL ONLY: CC BY NC",
                    "url": "https:\/\/creativecommons.org\/licenses\/by-nc\/2.0\/fr\/",
                    "source": "infoclimat.fr"
                },
                "country": "FR",
                "departement": "83",
                "last_activity": "2026-06-25T13:20:00Z"
            }
        },
        {
            "type": "Feature",
            "geometry": {
                "type": "Point",
                "coordinates": [
                    5.34057,
                    45.5506
                ]
            },
            "properties": {
                "id": "STATIC0009",
                "name": "S\u00e9r\u00e9zin-de-la-Tour",
                "elevation": 385,
                "license": {
                    "code": 1,
                    "license": "CC BY",
                    "url": "https:\/\/creativecommons.org\/licenses\/by\/2.0\/fr\/",
                    "source": "infoclimat.fr"
                },
                "country": "FR",
                "departement": "38",
                "last_activity": "2026-06-25T13:30:00Z"
            }
        },
        {
            "type": "Feature",
            "geometry": {
                "type": "Point",
                "coordinates": [
                    2.54484,
                    50.7342
                ]
            },
            "properties": {
                "id": "STATIC0010",
                "name": "Hazebrouck",
                "elevation": 31,
                "license": {
                    "code": 1,
                    "license": "CC BY",
                    "url": "https:\/\/creativecommons.org\/licenses\/by\/2.0\/fr\/",
                    "source": "infoclimat.fr"
                },
                "country": "FR",
                "departement": "59",
                "last_activity": "2026-06-25T13:30:00Z"
            }
        },
        {
            "type": "Feature",
            "geometry": {
                "type": "Point",
                "coordinates": [
                    3.30489,
                    51.2148
                ]
            },
            "properties": {
                "id": "STATIC0072",
                "name": "Brugge",
                "elevation": 5,
                "license": {
                    "code": 1,
                    "license": "CC BY",
                    "url": "https:\/\/creativecommons.org\/licenses\/by\/2.0\/fr\/",
                    "source": "infoclimat.fr"
                },
                "country": "BE",
                "departement": "BE",
                "last_activity": "2024-03-03T11:20:00Z"
            }
        },
        {
            "type": "Feature",
            "geometry": {
                "type": "Point",
                "coordinates": [
                    0.352592,
                    45.5786
                ]
            },
            "properties": {
                "id": "STATIC0011",
                "name": "Vouzan",
                "elevation": 179,
                "license": {
                    "code": 1,
                    "license": "CC BY",
                    "url": "https:\/\/creativecommons.org\/licenses\/by\/2.0\/fr\/",
                    "source": "infoclimat.fr"
                },
                "country": "FR",
                "departement": "16",
                "last_activity": "2026-06-25T13:30:00Z"
            }
        },
        {
            "type": "Feature",
            "geometry": {
                "type": "Point",
                "coordinates": [
                    0.328119,
                    49.047
                ]
            },
            "properties": {
                "id": "STATIC0012",
                "name": "Tordouet",
                "elevation": 170,
                "license": {
                    "code": 1,
                    "license": "CC BY",
                    "url": "https:\/\/creativecommons.org\/licenses\/by\/2.0\/fr\/",
                    "source": "infoclimat.fr"
                },
                "country": "FR",
                "departement": "14",
                "last_activity": "2026-06-25T13:30:00Z"
            }
        },
        {
            "type": "Feature",
            "geometry": {
                "type": "Point",
                "coordinates": [
                    6.52302,
                    44.524
                ]
            },
            "properties": {
                "id": "STATIC0014",
                "name": "Saint-Sauveur",
                "elevation": 1140,
                "license": {
                    "code": 1,
                    "license": "CC BY",
                    "url": "https:\/\/creativecommons.org\/licenses\/by\/2.0\/fr\/",
                    "source": "infoclimat.fr"
                },
                "country": "FR",
                "departement": "05",
                "last_activity": "2026-06-25T13:30:00Z"
            }
        },
        {
            "type": "Feature",
            "geometry": {
                "type": "Point",
                "coordinates": [
                    6.15393,
                    46.7067
                ]
            },
            "properties": {
                "id": "STATIC0015",
                "name": "Reculfoz - Combe",
                "elevation": 1010,
                "license": {
                    "code": 2,
                    "license": "NON-COMMERCIAL ONLY: CC BY NC",
                    "url": "https:\/\/creativecommons.org\/licenses\/by-nc\/2.0\/fr\/",
                    "source": "infoclimat.fr"
                },
                "country": "FR",
                "departement": "25",
                "last_activity": "2026-06-25T13:30:00Z"
            }
        },
        {
            "type": "Feature",
            "geometry": {
                "type": "Point",
                "coordinates": [
                    3.00271,
                    43.62124
                ]
            },
            "properties": {
                "id": "STATIC0016",
                "name": "Rosis",
                "elevation": 786,
                "license": {
                    "code": 1,
                    "license": "CC BY",
                    "url": "https:\/\/creativecommons.org\/licenses\/by\/2.0\/fr\/",
                    "source": "infoclimat.fr"
                },
                "country": "FR",
                "departement": "34",
                "last_activity": "2026-02-12T01:00:00Z"
            }
        },
        {
            "type": "Feature",
            "geometry": {
                "type": "Point",
                "coordinates": [
                    -0.701065063476562,
                    38.262175988873
                ]
            },
            "properties": {
                "id": "STATIC0018",
                "name": "Elx \/ Elche",
                "elevation": 110,
                "license": {
                    "code": 2,
                    "license": "NON-COMMERCIAL ONLY: CC BY NC",
                    "url": "https:\/\/creativecommons.org\/licenses\/by-nc\/2.0\/fr\/",
                    "source": "infoclimat.fr"
                },
                "country": "ES",
                "departement": "--",
                "last_activity": "2023-10-29T13:40:00Z"
            }
        },
        {
            "type": "Feature",
            "geometry": {
                "type": "Point",
                "coordinates": [
                    16.259,
                    41.3151
                ]
            },
            "properties": {
                "id": "STATIC0020",
                "name": "Barletta",
                "elevation": 7,
                "license": {
                    "code": 1,
                    "license": "CC BY",
                    "url": "https:\/\/creativecommons.org\/licenses\/by\/2.0\/fr\/",
                    "source": "infoclimat.fr"
                },
                "country": "IT",
                "departement": "IT",
                "last_activity": "2026-06-25T13:00:00Z"
            }
        },
        {
            "type": "Feature",
            "geometry": {
                "type": "Point",
                "coordinates": [
                    -2.67621,
                    48.5217
                ]
            },
            "properties": {
                "id": "STATIC0021",
                "name": "Hillion",
                "elevation": 32,
                "license": {
                    "code": 1,
                    "license": "CC BY",
                    "url": "https:\/\/creativecommons.org\/licenses\/by\/2.0\/fr\/",
                    "source": "infoclimat.fr"
                },
                "country": "FR",
                "departement": "22",
                "last_activity": "2026-06-25T13:30:00Z"
            }
        },
        {
            "type": "Feature",
            "geometry": {
                "type": "Point",
                "coordinates": [
                    2.13989,
                    43.48382
                ]
            },
            "properties": {
                "id": "STATIC0022",
                "name": "Dourgne",
                "elevation": 270,
                "license": {
                    "code": 1,
                    "license": "CC BY",
                    "url": "https:\/\/creativecommons.org\/licenses\/by\/2.0\/fr\/",
                    "source": "infoclimat.fr"
                },
                "country": "FR",
                "departement": "81",
                "last_activity": "2026-06-25T13:30:00Z"
            }
        },
        {
            "type": "Feature",
            "geometry": {
                "type": "Point",
                "coordinates": [
                    3.35246,
                    49.009
                ]
            },
            "properties": {
                "id": "STATIC0023",
                "name": "Bonneil",
                "elevation": 91,
                "license": {
                    "code": 1,
                    "license": "CC BY",
                    "url": "https:\/\/creativecommons.org\/licenses\/by\/2.0\/fr\/",
                    "source": "infoclimat.fr"
                },
                "country": "FR",
                "departement": "02",
                "last_activity": "2026-06-25T13:30:00Z"
            }
        },
        {
            "type": "Feature",
            "geometry": {
                "type": "Point",
                "coordinates": [
                    6.08692,
                    45.6299
                ]
            },
            "properties": {
                "id": "STATIC0024",
                "name": "Aillon-le-Vieux",
                "elevation": 920,
                "license": {
                    "code": 1,
                    "license": "CC BY",
                    "url": "https:\/\/creativecommons.org\/licenses\/by\/2.0\/fr\/",
                    "source": "infoclimat.fr"
                },
                "country": "FR",
                "departement": "73",
                "last_activity": "2026-06-25T13:20:00Z"
            }
        },
        {
            "type": "Feature",
            "geometry": {
                "type": "Point",
                "coordinates": [
                    4.7656633,
                    50.3786067
                ]
            },
            "properties": {
                "id": "STATIC0027",
                "name": "Lesve",
                "elevation": 228,
                "license": {
                    "code": 1,
                    "license": "CC BY",
                    "url": "https:\/\/creativecommons.org\/licenses\/by\/2.0\/fr\/",
                    "source": "infoclimat.fr"
                },
                "country": "BE",
                "departement": "BE",
                "last_activity": "2026-06-25T13:30:00Z"
            }
        },
        {
            "type": "Feature",
            "geometry": {
                "type": "Point",
                "coordinates": [
                    -3.7833333,
                    37.7666667
                ]
            },
            "properties": {
                "id": "STATIC0028",
                "name": "Ja\u00e9n",
                "elevation": 537,
                "license": {
                    "code": 2,
                    "license": "NON-COMMERCIAL ONLY: CC BY NC",
                    "url": "https:\/\/creativecommons.org\/licenses\/by-nc\/2.0\/fr\/",
                    "source": "infoclimat.fr"
                },
                "country": "ES",
                "departement": "ES",
                "last_activity": "2026-06-25T13:20:00Z"
            }
        },
        {
            "type": "Feature",
            "geometry": {
                "type": "Point",
                "coordinates": [
                    3.87959,
                    44.66469
                ]
            },
            "properties": {
                "id": "STATIC0029",
                "name": "Luc - La Maguelone",
                "elevation": 982,
                "license": {
                    "code": 1,
                    "license": "CC BY",
                    "url": "https:\/\/creativecommons.org\/licenses\/by\/2.0\/fr\/",
                    "source": "infoclimat.fr"
                },
                "country": "FR",
                "departement": "48",
                "last_activity": "2026-06-25T13:30:00Z"
            }
        },
        {
            "type": "Feature",
            "geometry": {
                "type": "Point",
                "coordinates": [
                    5.30692,
                    45.35202
                ]
            },
            "properties": {
                "id": "STATIC0030",
                "name": "Br\u00e9zins",
                "elevation": 363,
                "license": {
                    "code": 1,
                    "license": "CC BY",
                    "url": "https:\/\/creativecommons.org\/licenses\/by\/2.0\/fr\/",
                    "source": "infoclimat.fr"
                },
                "country": "FR",
                "departement": "38",
                "last_activity": "2025-03-10T04:40:00Z"
            }
        },
        {
            "type": "Feature",
            "geometry": {
                "type": "Point",
                "coordinates": [
                    2.91044,
                    49.7877
                ]
            },
            "properties": {
                "id": "STATIC0031",
                "name": "Potte",
                "elevation": 67,
                "license": {
                    "code": 1,
                    "license": "CC BY",
                    "url": "https:\/\/creativecommons.org\/licenses\/by\/2.0\/fr\/",
                    "source": "infoclimat.fr"
                },
                "country": "FR",
                "departement": "80",
                "last_activity": "2026-06-25T13:30:00Z"
            }
        },
        {
            "type": "Feature",
            "geometry": {
                "type": "Point",
                "coordinates": [
                    5.94515,
                    44.6487
                ]
            },
            "properties": {
                "id": "STATIC0032",
                "name": "Saint-\u00c9tienne-en-D\u00e9voluy - Vallon d'Ane",
                "elevation": 1695,
                "license": {
                    "code": 2,
                    "license": "NON-COMMERCIAL ONLY: CC BY NC",
                    "url": "https:\/\/creativecommons.org\/licenses\/by-nc\/2.0\/fr\/",
                    "source": "infoclimat.fr"
                },
                "country": "FR",
                "departement": "05",
                "last_activity": "2025-05-23T20:40:00Z"
            }
        },
        {
            "type": "Feature",
            "geometry": {
                "type": "Point",
                "coordinates": [
                    7.11232,
                    43.72162
                ]
            },
            "properties": {
                "id": "STATIC0033",
                "name": "Vence - Avenue Giraud",
                "elevation": 349,
                "license": {
                    "code": 1,
                    "license": "CC BY",
                    "url": "https:\/\/creativecommons.org\/licenses\/by\/2.0\/fr\/",
                    "source": "infoclimat.fr"
                },
                "country": "FR",
                "departement": "06",
                "last_activity": "2026-06-25T13:30:00Z"
            }
        },
        {
            "type": "Feature",
            "geometry": {
                "type": "Point",
                "coordinates": [
                    0.92976,
                    43.49286
                ]
            },
            "properties": {
                "id": "STATIC0035",
                "name": "Samatan",
                "elevation": 205,
                "license": {
                    "code": 1,
                    "license": "CC BY",
                    "url": "https:\/\/creativecommons.org\/licenses\/by\/2.0\/fr\/",
                    "source": "infoclimat.fr"
                },
                "country": "FR",
                "departement": "32",
                "last_activity": "2026-06-25T13:30:00Z"
            }
        },
        {
            "type": "Feature",
            "geometry": {
                "type": "Point",
                "coordinates": [
                    5.51134,
                    48.97288
                ]
            },
            "properties": {
                "id": "STATIC0036",
                "name": "Lacroix-sur-Meuse",
                "elevation": 212,
                "license": {
                    "code": 1,
                    "license": "CC BY",
                    "url": "https:\/\/creativecommons.org\/licenses\/by\/2.0\/fr\/",
                    "source": "infoclimat.fr"
                },
                "country": "FR",
                "departement": "55",
                "last_activity": "2026-06-25T13:30:00Z"
            }
        },
        {
            "type": "Feature",
            "geometry": {
                "type": "Point",
                "coordinates": [
                    2.29718,
                    49.8984
                ]
            },
            "properties": {
                "id": "STATIC0037",
                "name": "Amiens - UPJV St-Leu",
                "elevation": 33,
                "license": {
                    "code": 2,
                    "license": "NON-COMMERCIAL ONLY: CC BY NC",
                    "url": "https:\/\/creativecommons.org\/licenses\/by-nc\/2.0\/fr\/",
                    "source": "infoclimat.fr"
                },
                "country": "FR",
                "departement": "80",
                "last_activity": "2026-06-25T13:30:00Z"
            }
        },
        {
            "type": "Feature",
            "geometry": {
                "type": "Point",
                "coordinates": [
                    1.5855,
                    50.2637
                ]
            },
            "properties": {
                "id": "STATIC0038",
                "name": "Saint-Quentin-en-Tourmont",
                "elevation": 14,
                "license": {
                    "code": 2,
                    "license": "NON-COMMERCIAL ONLY: CC BY NC",
                    "url": "https:\/\/creativecommons.org\/licenses\/by-nc\/2.0\/fr\/",
                    "source": "infoclimat.fr"
                },
                "country": "FR",
                "departement": "80",
                "last_activity": "2026-06-25T13:30:00Z"
            }
        },
        {
            "type": "Feature",
            "geometry": {
                "type": "Point",
                "coordinates": [
                    2.20779,
                    49.93503
                ]
            },
            "properties": {
                "id": "STATIC0039",
                "name": "Saint-Sauveur",
                "elevation": 17,
                "license": {
                    "code": 1,
                    "license": "CC BY",
                    "url": "https:\/\/creativecommons.org\/licenses\/by\/2.0\/fr\/",
                    "source": "infoclimat.fr"
                },
                "country": "FR",
                "departement": "80",
                "last_activity": "2026-06-25T13:30:00Z"
            }
        },
        {
            "type": "Feature",
            "geometry": {
                "type": "Point",
                "coordinates": [
                    7.34005,
                    48.5382
                ]
            },
            "properties": {
                "id": "STATIC0041",
                "name": "Niederhaslach",
                "elevation": 300,
                "license": {
                    "code": 2,
                    "license": "NON-COMMERCIAL ONLY: CC BY NC",
                    "url": "https:\/\/creativecommons.org\/licenses\/by-nc\/2.0\/fr\/",
                    "source": "infoclimat.fr"
                },
                "country": "FR",
                "departement": "67",
                "last_activity": "2026-06-25T13:30:00Z"
            }
        },
        {
            "type": "Feature",
            "geometry": {
                "type": "Point",
                "coordinates": [
                    -1.75446,
                    43.3772
                ]
            },
            "properties": {
                "id": "STATIC0044",
                "name": "Hendaye - Domaine d'Abbadia",
                "elevation": 45,
                "license": {
                    "code": 1,
                    "license": "CC BY",
                    "url": "https:\/\/creativecommons.org\/licenses\/by\/2.0\/fr\/",
                    "source": "infoclimat.fr"
                },
                "country": "FR",
                "departement": "64",
                "last_activity": "2026-06-25T13:10:00Z"
            }
        },
        {
            "type": "Feature",
            "geometry": {
                "type": "Point",
                "coordinates": [
                    -1.7552,
                    49.50971
                ]
            },
            "properties": {
                "id": "STATIC0046",
                "name": "Grosville",
                "elevation": 103,
                "license": {
                    "code": 2,
                    "license": "NON-COMMERCIAL ONLY: CC BY NC",
                    "url": "https:\/\/creativecommons.org\/licenses\/by-nc\/2.0\/fr\/",
                    "source": "infoclimat.fr"
                },
                "country": "FR",
                "departement": "50",
                "last_activity": "2025-05-31T06:30:00Z"
            }
        },
        {
            "type": "Feature",
            "geometry": {
                "type": "Point",
                "coordinates": [
                    -1.52255,
                    49.04198
                ]
            },
            "properties": {
                "id": "STATIC0047",
                "name": "Heugueville-sur-Sienne",
                "elevation": 20,
                "license": {
                    "code": 2,
                    "license": "NON-COMMERCIAL ONLY: CC BY NC",
                    "url": "https:\/\/creativecommons.org\/licenses\/by-nc\/2.0\/fr\/",
                    "source": "infoclimat.fr"
                },
                "country": "FR",
                "departement": "50",
                "last_activity": "2026-06-25T13:30:00Z"
            }
        },
        {
            "type": "Feature",
            "geometry": {
                "type": "Point",
                "coordinates": [
                    1.69226,
                    48.6018
                ]
            },
            "properties": {
                "id": "STATIC0048",
                "name": "Droue-sur-Drouette",
                "elevation": 150,
                "license": {
                    "code": 1,
                    "license": "CC BY",
                    "url": "https:\/\/creativecommons.org\/licenses\/by\/2.0\/fr\/",
                    "source": "infoclimat.fr"
                },
                "country": "FR",
                "departement": "28",
                "last_activity": "2026-06-25T13:20:00Z"
            }
        },
        {
            "type": "Feature",
            "geometry": {
                "type": "Point",
                "coordinates": [
                    6.95131,
                    47.8249
                ]
            },
            "properties": {
                "id": "STATIC0050",
                "name": "Rimbach-pr\u00e8s-Masevaux",
                "elevation": 561,
                "license": {
                    "code": 1,
                    "license": "CC BY",
                    "url": "https:\/\/creativecommons.org\/licenses\/by\/2.0\/fr\/",
                    "source": "infoclimat.fr"
                },
                "country": "FR",
                "departement": "68",
                "last_activity": "2026-06-25T13:30:00Z"
            }
        },
        {
            "type": "Feature",
            "geometry": {
                "type": "Point",
                "coordinates": [
                    0.410678,
                    49.7368
                ]
            },
            "properties": {
                "id": "STATIC0051",
                "name": "Ganzeville",
                "elevation": 32,
                "license": {
                    "code": 2,
                    "license": "NON-COMMERCIAL ONLY: CC BY NC",
                    "url": "https:\/\/creativecommons.org\/licenses\/by-nc\/2.0\/fr\/",
                    "source": "infoclimat.fr"
                },
                "country": "FR",
                "departement": "76",
                "last_activity": "2026-06-25T13:30:00Z"
            }
        },
        {
            "type": "Feature",
            "geometry": {
                "type": "Point",
                "coordinates": [
                    6.86582,
                    48.0518
                ]
            },
            "properties": {
                "id": "STATIC0052",
                "name": "G\u00e9rardmer",
                "elevation": 840,
                "license": {
                    "code": 2,
                    "license": "NON-COMMERCIAL ONLY: CC BY NC",
                    "url": "https:\/\/creativecommons.org\/licenses\/by-nc\/2.0\/fr\/",
                    "source": "infoclimat.fr"
                },
                "country": "FR",
                "departement": "88",
                "last_activity": "2026-06-25T13:30:00Z"
            }
        },
        {
            "type": "Feature",
            "geometry": {
                "type": "Point",
                "coordinates": [
                    2.24508,
                    45.4071
                ]
            },
            "properties": {
                "id": "STATIC0053",
                "name": "Neuvic",
                "elevation": 620,
                "license": {
                    "code": 1,
                    "license": "CC BY",
                    "url": "https:\/\/creativecommons.org\/licenses\/by\/2.0\/fr\/",
                    "source": "infoclimat.fr"
                },
                "country": "FR",
                "departement": "19",
                "last_activity": "2026-06-25T13:20:00Z"
            }
        },
        {
            "type": "Feature",
            "geometry": {
                "type": "Point",
                "coordinates": [
                    5.05526,
                    43.40735
                ]
            },
            "properties": {
                "id": "STATIC0054",
                "name": "Martigues",
                "elevation": 65,
                "license": {
                    "code": 1,
                    "license": "CC BY",
                    "url": "https:\/\/creativecommons.org\/licenses\/by\/2.0\/fr\/",
                    "source": "infoclimat.fr"
                },
                "country": "FR",
                "departement": "13",
                "last_activity": "2026-06-25T13:30:00Z"
            }
        },
        {
            "type": "Feature",
            "geometry": {
                "type": "Point",
                "coordinates": [
                    5.3346033,
                    50.5372
                ]
            },
            "properties": {
                "id": "STATIC0055",
                "name": "Ombret-Rawsa",
                "elevation": 180,
                "license": {
                    "code": 2,
                    "license": "NON-COMMERCIAL ONLY: CC BY NC",
                    "url": "https:\/\/creativecommons.org\/licenses\/by-nc\/2.0\/fr\/",
                    "source": "infoclimat.fr"
                },
                "country": "BE",
                "departement": "BE",
                "last_activity": "2026-06-25T13:30:00Z"
            }
        },
        {
            "type": "Feature",
            "geometry": {
                "type": "Point",
                "coordinates": [
                    1.85185,
                    45.4
                ]
            },
            "properties": {
                "id": "STATIC0058",
                "name": "Meyrignac - l'\u00c9glise",
                "elevation": 550,
                "license": {
                    "code": 2,
                    "license": "NON-COMMERCIAL ONLY: CC BY NC",
                    "url": "https:\/\/creativecommons.org\/licenses\/by-nc\/2.0\/fr\/",
                    "source": "infoclimat.fr"
                },
                "country": "FR",
                "departement": "19",
                "last_activity": "2024-06-26T16:00:00Z"
            }
        },
        {
            "type": "Feature",
            "geometry": {
                "type": "Point",
                "coordinates": [
                    6.49728,
                    46.19991
                ]
            },
            "properties": {
                "id": "STATIC0059",
                "name": "M\u00e9gevette",
                "elevation": 977,
                "license": {
                    "code": 1,
                    "license": "CC BY",
                    "url": "https:\/\/creativecommons.org\/licenses\/by\/2.0\/fr\/",
                    "source": "infoclimat.fr"
                },
                "country": "FR",
                "departement": "74",
                "last_activity": "2026-06-25T13:30:00Z"
            }
        },
        {
            "type": "Feature",
            "geometry": {
                "type": "Point",
                "coordinates": [
                    2.40774,
                    48.8398
                ]
            },
            "properties": {
                "id": "STATIC0061",
                "name": "[MAE] Paris 12\u00e8me - Porte Dor\u00e9e",
                "elevation": 65,
                "license": {
                    "code": 2,
                    "license": "NON-COMMERCIAL ONLY: CC BY NC",
                    "url": "https:\/\/creativecommons.org\/licenses\/by-nc\/2.0\/fr\/",
                    "source": "infoclimat.fr"
                },
                "country": "FR",
                "departement": "75",
                "last_activity": "2024-03-06T13:25:00Z"
            }
        },
        {
            "type": "Feature",
            "geometry": {
                "type": "Point",
                "coordinates": [
                    -1.15905,
                    44.0696
                ]
            },
            "properties": {
                "id": "STATIC0062",
                "name": "M\u00e9zos",
                "elevation": 25,
                "license": {
                    "code": 2,
                    "license": "NON-COMMERCIAL ONLY: CC BY NC",
                    "url": "https:\/\/creativecommons.org\/licenses\/by-nc\/2.0\/fr\/",
                    "source": "infoclimat.fr"
                },
                "country": "FR",
                "departement": "40",
                "last_activity": "2026-06-25T13:30:00Z"
            }
        },
        {
            "type": "Feature",
            "geometry": {
                "type": "Point",
                "coordinates": [
                    3.85371,
                    50.6919
                ]
            },
            "properties": {
                "id": "STATIC0063",
                "name": "Lessines - Ollignies",
                "elevation": 22,
                "license": {
                    "code": 1,
                    "license": "CC BY",
                    "url": "https:\/\/creativecommons.org\/licenses\/by\/2.0\/fr\/",
                    "source": "infoclimat.fr"
                },
                "country": "BE",
                "departement": "BE",
                "last_activity": "2025-05-23T09:30:00Z"
            }
        },
        {
            "type": "Feature",
            "geometry": {
                "type": "Point",
                "coordinates": [
                    4.69212,
                    45.67439
                ]
            },
            "properties": {
                "id": "STATIC0065",
                "name": "Soucieu-en-Jarrest",
                "elevation": 378,
                "license": {
                    "code": 2,
                    "license": "NON-COMMERCIAL ONLY: CC BY NC",
                    "url": "https:\/\/creativecommons.org\/licenses\/by-nc\/2.0\/fr\/",
                    "source": "infoclimat.fr"
                },
                "country": "FR",
                "departement": "69",
                "last_activity": "2026-06-25T02:30:00Z"
            }
        },
        {
            "type": "Feature",
            "geometry": {
                "type": "Point",
                "coordinates": [
                    2.75226,
                    46.0458
                ]
            },
            "properties": {
                "id": "STATIC0066",
                "name": "Saint-Julien-la-Geneste",
                "elevation": 688,
                "license": {
                    "code": 2,
                    "license": "NON-COMMERCIAL ONLY: CC BY NC",
                    "url": "https:\/\/creativecommons.org\/licenses\/by-nc\/2.0\/fr\/",
                    "source": "infoclimat.fr"
                },
                "country": "FR",
                "departement": "63",
                "last_activity": "2022-08-25T10:10:00Z"
            }
        },
        {
            "type": "Feature",
            "geometry": {
                "type": "Point",
                "coordinates": [
                    -1.21693,
                    43.7806
                ]
            },
            "properties": {
                "id": "STATIC0067",
                "name": "Magescq",
                "elevation": 40,
                "license": {
                    "code": 1,
                    "license": "CC BY",
                    "url": "https:\/\/creativecommons.org\/licenses\/by\/2.0\/fr\/",
                    "source": "infoclimat.fr"
                },
                "country": "FR",
                "departement": "40",
                "last_activity": "2026-06-25T13:30:00Z"
            }
        },
        {
            "type": "Feature",
            "geometry": {
                "type": "Point",
                "coordinates": [
                    4.66667,
                    45.53333
                ]
            },
            "properties": {
                "id": "STATIC0068",
                "name": "Tr\u00e8ves",
                "elevation": 290,
                "license": {
                    "code": 1,
                    "license": "CC BY",
                    "url": "https:\/\/creativecommons.org\/licenses\/by\/2.0\/fr\/",
                    "source": "infoclimat.fr"
                },
                "country": "FR",
                "departement": "69",
                "last_activity": "2026-06-25T13:30:00Z"
            }
        },
        {
            "type": "Feature",
            "geometry": {
                "type": "Point",
                "coordinates": [
                    9.37636,
                    42.9045
                ]
            },
            "properties": {
                "id": "STATIC0069",
                "name": "Luri",
                "elevation": 450,
                "license": {
                    "code": 2,
                    "license": "NON-COMMERCIAL ONLY: CC BY NC",
                    "url": "https:\/\/creativecommons.org\/licenses\/by-nc\/2.0\/fr\/",
                    "source": "infoclimat.fr"
                },
                "country": "FR",
                "departement": "2B",
                "last_activity": "2026-06-25T13:30:00Z"
            }
        },
        {
            "type": "Feature",
            "geometry": {
                "type": "Point",
                "coordinates": [
                    -0.616586,
                    45.7624
                ]
            },
            "properties": {
                "id": "STATIC0070",
                "name": "Fontcouverte",
                "elevation": 11,
                "license": {
                    "code": 2,
                    "license": "NON-COMMERCIAL ONLY: CC BY NC",
                    "url": "https:\/\/creativecommons.org\/licenses\/by-nc\/2.0\/fr\/",
                    "source": "infoclimat.fr"
                },
                "country": "FR",
                "departement": "17",
                "last_activity": "2026-06-25T13:30:00Z"
            }
        },
        {
            "type": "Feature",
            "geometry": {
                "type": "Point",
                "coordinates": [
                    4.02372,
                    44.7644
                ]
            },
            "properties": {
                "id": "STATIC0073",
                "name": "Issanlas",
                "elevation": 1186,
                "license": {
                    "code": 2,
                    "license": "NON-COMMERCIAL ONLY: CC BY NC",
                    "url": "https:\/\/creativecommons.org\/licenses\/by-nc\/2.0\/fr\/",
                    "source": "infoclimat.fr"
                },
                "country": "FR",
                "departement": "07",
                "last_activity": "0000-00-00T00:00:00Z"
            }
        },
        {
            "type": "Feature",
            "geometry": {
                "type": "Point",
                "coordinates": [
                    -1.32656,
                    43.8721
                ]
            },
            "properties": {
                "id": "STATIC0074",
                "name": "L\u00e9on",
                "elevation": 15,
                "license": {
                    "code": 1,
                    "license": "CC BY",
                    "url": "https:\/\/creativecommons.org\/licenses\/by\/2.0\/fr\/",
                    "source": "infoclimat.fr"
                },
                "country": "FR",
                "departement": "40",
                "last_activity": "2026-06-25T13:30:00Z"
            }
        },
        {
            "type": "Feature",
            "geometry": {
                "type": "Point",
                "coordinates": [
                    1.71244,
                    42.9721
                ]
            },
            "properties": {
                "id": "STATIC0075",
                "name": "L'Herm",
                "elevation": 575,
                "license": {
                    "code": 1,
                    "license": "CC BY",
                    "url": "https:\/\/creativecommons.org\/licenses\/by\/2.0\/fr\/",
                    "source": "infoclimat.fr"
                },
                "country": "FR",
                "departement": "09",
                "last_activity": "2026-06-25T13:10:00Z"
            }
        },
        {
            "type": "Feature",
            "geometry": {
                "type": "Point",
                "coordinates": [
                    7.51687,
                    48.9815
                ]
            },
            "properties": {
                "id": "STATIC0076",
                "name": "Baerenthal",
                "elevation": 211,
                "license": {
                    "code": 2,
                    "license": "NON-COMMERCIAL ONLY: CC BY NC",
                    "url": "https:\/\/creativecommons.org\/licenses\/by-nc\/2.0\/fr\/",
                    "source": "infoclimat.fr"
                },
                "country": "FR",
                "departement": "57",
                "last_activity": "2026-06-25T13:30:00Z"
            }
        },
        {
            "type": "Feature",
            "geometry": {
                "type": "Point",
                "coordinates": [
                    6.79765,
                    44.196677
                ]
            },
            "properties": {
                "id": "ENTRAUNES",
                "name": "Entraunes - Cabanes de la Bouli\u00e8re (R\u00e9serve Int\u00e9grale de Roche Grande)",
                "elevation": 1932,
                "license": {
                    "code": 1,
                    "license": "CC BY",
                    "url": "https:\/\/creativecommons.org\/licenses\/by\/2.0\/fr\/",
                    "source": "infoclimat.fr"
                },
                "country": "FR",
                "departement": "06",
                "last_activity": "2026-06-25T13:00:00Z"
            }
        },
        {
            "type": "Feature",
            "geometry": {
                "type": "Point",
                "coordinates": [
                    5.73778,
                    46.29945
                ]
            },
            "properties": {
                "id": "STATIC0079",
                "name": "Viry",
                "elevation": 769,
                "license": {
                    "code": 2,
                    "license": "NON-COMMERCIAL ONLY: CC BY NC",
                    "url": "https:\/\/creativecommons.org\/licenses\/by-nc\/2.0\/fr\/",
                    "source": "infoclimat.fr"
                },
                "country": "FR",
                "departement": "39",
                "last_activity": "2026-06-25T13:30:00Z"
            }
        },
        {
            "type": "Feature",
            "geometry": {
                "type": "Point",
                "coordinates": [
                    6.711627,
                    44.26898
                ]
            },
            "properties": {
                "id": "CAYOLLE",
                "name": "Cirque de la Grande Cayolle - Uvernet-Fours",
                "elevation": 2687,
                "license": {
                    "code": 1,
                    "license": "CC BY",
                    "url": "https:\/\/creativecommons.org\/licenses\/by\/2.0\/fr\/",
                    "source": "infoclimat.fr"
                },
                "country": "FR",
                "departement": "04",
                "last_activity": "2025-09-12T11:10:00Z"
            }
        },
        {
            "type": "Feature",
            "geometry": {
                "type": "Point",
                "coordinates": [
                    4.57864,
                    44.0453
                ]
            },
            "properties": {
                "id": "STATIC0082",
                "name": "Pouzilhac",
                "elevation": 221,
                "license": {
                    "code": 2,
                    "license": "NON-COMMERCIAL ONLY: CC BY NC",
                    "url": "https:\/\/creativecommons.org\/licenses\/by-nc\/2.0\/fr\/",
                    "source": "infoclimat.fr"
                },
                "country": "FR",
                "departement": "30",
                "last_activity": "0000-00-00T00:00:00Z"
            }
        },
        {
            "type": "Feature",
            "geometry": {
                "type": "Point",
                "coordinates": [
                    16.504375,
                    41.242034
                ]
            },
            "properties": {
                "id": "STATIC0083",
                "name": "Bisceglie",
                "elevation": 23,
                "license": {
                    "code": 1,
                    "license": "CC BY",
                    "url": "https:\/\/creativecommons.org\/licenses\/by\/2.0\/fr\/",
                    "source": "infoclimat.fr"
                },
                "country": "IT",
                "departement": "IT",
                "last_activity": "2026-06-25T13:30:00Z"
            }
        },
        {
            "type": "Feature",
            "geometry": {
                "type": "Point",
                "coordinates": [
                    9.36935,
                    42.3733
                ]
            },
            "properties": {
                "id": "STATIC0084",
                "name": "Piedicroce",
                "elevation": 610,
                "license": {
                    "code": 1,
                    "license": "CC BY",
                    "url": "https:\/\/creativecommons.org\/licenses\/by\/2.0\/fr\/",
                    "source": "infoclimat.fr"
                },
                "country": "FR",
                "departement": "2B",
                "last_activity": "2026-06-25T13:30:00Z"
            }
        },
        {
            "type": "Feature",
            "geometry": {
                "type": "Point",
                "coordinates": [
                    0.589829,
                    49.0733
                ]
            },
            "properties": {
                "id": "STATIC0085",
                "name": "Bernay",
                "elevation": 160,
                "license": {
                    "code": 1,
                    "license": "CC BY",
                    "url": "https:\/\/creativecommons.org\/licenses\/by\/2.0\/fr\/",
                    "source": "infoclimat.fr"
                },
                "country": "FR",
                "departement": "27",
                "last_activity": "2026-06-25T13:30:00Z"
            }
        },
        {
            "type": "Feature",
            "geometry": {
                "type": "Point",
                "coordinates": [
                    7.60855,
                    48.5351
                ]
            },
            "properties": {
                "id": "STATIC0086",
                "name": "Duppigheim",
                "elevation": 160,
                "license": {
                    "code": 2,
                    "license": "NON-COMMERCIAL ONLY: CC BY NC",
                    "url": "https:\/\/creativecommons.org\/licenses\/by-nc\/2.0\/fr\/",
                    "source": "infoclimat.fr"
                },
                "country": "FR",
                "departement": "67",
                "last_activity": "2026-02-09T06:30:00Z"
            }
        },
        {
            "type": "Feature",
            "geometry": {
                "type": "Point",
                "coordinates": [
                    1.92831,
                    42.7747
                ]
            },
            "properties": {
                "id": "STATIC0087",
                "name": "Camurac",
                "elevation": 1635,
                "license": {
                    "code": 1,
                    "license": "CC BY",
                    "url": "https:\/\/creativecommons.org\/licenses\/by\/2.0\/fr\/",
                    "source": "infoclimat.fr"
                },
                "country": "FR",
                "departement": "11",
                "last_activity": "2026-06-25T13:30:00Z"
            }
        },
        {
            "type": "Feature",
            "geometry": {
                "type": "Point",
                "coordinates": [
                    -73.40095,
                    46.16916
                ]
            },
            "properties": {
                "id": "STATIC0090",
                "name": "Saint-F\u00e9lix-de-Valois",
                "elevation": 109,
                "license": {
                    "code": 2,
                    "license": "NON-COMMERCIAL ONLY: CC BY NC",
                    "url": "https:\/\/creativecommons.org\/licenses\/by-nc\/2.0\/fr\/",
                    "source": "infoclimat.fr"
                },
                "country": "CA",
                "departement": "QC",
                "last_activity": "2026-06-25T13:30:00Z"
            }
        },
        {
            "type": "Feature",
            "geometry": {
                "type": "Point",
                "coordinates": [
                    4.90272,
                    47.229
                ]
            },
            "properties": {
                "id": "STATIC0224",
                "name": "Chamboeuf",
                "elevation": 476,
                "license": {
                    "code": 2,
                    "license": "NON-COMMERCIAL ONLY: CC BY NC",
                    "url": "https:\/\/creativecommons.org\/licenses\/by-nc\/2.0\/fr\/",
                    "source": "infoclimat.fr"
                },
                "country": "FR",
                "departement": "21",
                "last_activity": "2026-06-25T13:30:00Z"
            }
        },
        {
            "type": "Feature",
            "geometry": {
                "type": "Point",
                "coordinates": [
                    5.32155,
                    49.233987
                ]
            },
            "properties": {
                "id": "STATIC0093",
                "name": "Champneuville",
                "elevation": 197,
                "license": {
                    "code": 1,
                    "license": "CC BY",
                    "url": "https:\/\/creativecommons.org\/licenses\/by\/2.0\/fr\/",
                    "source": "infoclimat.fr"
                },
                "country": "FR",
                "departement": "55",
                "last_activity": "2026-06-25T13:30:00Z"
            }
        },
        {
            "type": "Feature",
            "geometry": {
                "type": "Point",
                "coordinates": [
                    5.19147,
                    48.7272
                ]
            },
            "properties": {
                "id": "STATIC0091",
                "name": "Longeville-en-Barrois",
                "elevation": 333,
                "license": {
                    "code": 1,
                    "license": "CC BY",
                    "url": "https:\/\/creativecommons.org\/licenses\/by\/2.0\/fr\/",
                    "source": "infoclimat.fr"
                },
                "country": "FR",
                "departement": "55",
                "last_activity": "2026-06-25T13:30:00Z"
            }
        },
        {
            "type": "Feature",
            "geometry": {
                "type": "Point",
                "coordinates": [
                    2.92282,
                    46.2985
                ]
            },
            "properties": {
                "id": "STATIC0092",
                "name": "Saint-Bonnet-de-Four",
                "elevation": 472,
                "license": {
                    "code": 1,
                    "license": "CC BY",
                    "url": "https:\/\/creativecommons.org\/licenses\/by\/2.0\/fr\/",
                    "source": "infoclimat.fr"
                },
                "country": "FR",
                "departement": "03",
                "last_activity": "2026-06-25T13:30:00Z"
            }
        },
        {
            "type": "Feature",
            "geometry": {
                "type": "Point",
                "coordinates": [
                    -2.80392,
                    47.5889
                ]
            },
            "properties": {
                "id": "STATIC0095",
                "name": "Ile-d'Arz",
                "elevation": 6,
                "license": {
                    "code": 2,
                    "license": "NON-COMMERCIAL ONLY: CC BY NC",
                    "url": "https:\/\/creativecommons.org\/licenses\/by-nc\/2.0\/fr\/",
                    "source": "infoclimat.fr"
                },
                "country": "FR",
                "departement": "56",
                "last_activity": "2026-06-25T13:30:00Z"
            }
        },
        {
            "type": "Feature",
            "geometry": {
                "type": "Point",
                "coordinates": [
                    4.28908,
                    44.81008
                ]
            },
            "properties": {
                "id": "STATIC0096",
                "name": "Lachamp-Rapha\u00ebl",
                "elevation": 1330,
                "license": {
                    "code": 2,
                    "license": "NON-COMMERCIAL ONLY: CC BY NC",
                    "url": "https:\/\/creativecommons.org\/licenses\/by-nc\/2.0\/fr\/",
                    "source": "infoclimat.fr"
                },
                "country": "FR",
                "departement": "07",
                "last_activity": "2026-06-25T13:30:00Z"
            }
        },
        {
            "type": "Feature",
            "geometry": {
                "type": "Point",
                "coordinates": [
                    2.50654,
                    42.0784
                ]
            },
            "properties": {
                "id": "STATIC0097",
                "name": "Sant Feliu de Pallerols",
                "elevation": 488,
                "license": {
                    "code": 2,
                    "license": "NON-COMMERCIAL ONLY: CC BY NC",
                    "url": "https:\/\/creativecommons.org\/licenses\/by-nc\/2.0\/fr\/",
                    "source": "infoclimat.fr"
                },
                "country": "ES",
                "departement": "17",
                "last_activity": "2026-06-25T13:20:00Z"
            }
        },
        {
            "type": "Feature",
            "geometry": {
                "type": "Point",
                "coordinates": [
                    4.8513,
                    44.4764
                ]
            },
            "properties": {
                "id": "STATIC0098",
                "name": "Montjoyer",
                "elevation": 310,
                "license": {
                    "code": 2,
                    "license": "NON-COMMERCIAL ONLY: CC BY NC",
                    "url": "https:\/\/creativecommons.org\/licenses\/by-nc\/2.0\/fr\/",
                    "source": "infoclimat.fr"
                },
                "country": "FR",
                "departement": "26",
                "last_activity": "2026-06-25T13:20:00Z"
            }
        },
        {
            "type": "Feature",
            "geometry": {
                "type": "Point",
                "coordinates": [
                    1.26664,
                    48.494081
                ]
            },
            "properties": {
                "id": "STATIC0099",
                "name": "Saint-Arnoult-des-Bois",
                "elevation": 203,
                "license": {
                    "code": 1,
                    "license": "CC BY",
                    "url": "https:\/\/creativecommons.org\/licenses\/by\/2.0\/fr\/",
                    "source": "infoclimat.fr"
                },
                "country": "FR",
                "departement": "28",
                "last_activity": "2026-06-25T13:30:00Z"
            }
        },
        {
            "type": "Feature",
            "geometry": {
                "type": "Point",
                "coordinates": [
                    2.73608,
                    43.54199
                ]
            },
            "properties": {
                "id": "STATIC0100",
                "name": "Le Souli\u00e9 - le Moulinet ",
                "elevation": 900,
                "license": {
                    "code": 2,
                    "license": "NON-COMMERCIAL ONLY: CC BY NC",
                    "url": "https:\/\/creativecommons.org\/licenses\/by-nc\/2.0\/fr\/",
                    "source": "infoclimat.fr"
                },
                "country": "FR",
                "departement": "34",
                "last_activity": "2026-03-01T20:00:00Z"
            }
        },
        {
            "type": "Feature",
            "geometry": {
                "type": "Point",
                "coordinates": [
                    5.45677,
                    44.6794
                ]
            },
            "properties": {
                "id": "STATIC0101",
                "name": "Menglon",
                "elevation": 540,
                "license": {
                    "code": 2,
                    "license": "NON-COMMERCIAL ONLY: CC BY NC",
                    "url": "https:\/\/creativecommons.org\/licenses\/by-nc\/2.0\/fr\/",
                    "source": "infoclimat.fr"
                },
                "country": "FR",
                "departement": "26",
                "last_activity": "2026-06-24T17:15:00Z"
            }
        },
        {
            "type": "Feature",
            "geometry": {
                "type": "Point",
                "coordinates": [
                    5.3809,
                    50.031
                ]
            },
            "properties": {
                "id": "STATIC0102",
                "name": "Saint-Hubert",
                "elevation": 459,
                "license": {
                    "code": 1,
                    "license": "CC BY",
                    "url": "https:\/\/creativecommons.org\/licenses\/by\/2.0\/fr\/",
                    "source": "infoclimat.fr"
                },
                "country": "BE",
                "departement": "BE",
                "last_activity": "2024-04-26T11:10:00Z"
            }
        },
        {
            "type": "Feature",
            "geometry": {
                "type": "Point",
                "coordinates": [
                    2.801379,
                    48.921652
                ]
            },
            "properties": {
                "id": "STATIC0103",
                "name": "Lesches",
                "elevation": 90,
                "license": {
                    "code": 1,
                    "license": "CC BY",
                    "url": "https:\/\/creativecommons.org\/licenses\/by\/2.0\/fr\/",
                    "source": "infoclimat.fr"
                },
                "country": "FR",
                "departement": "77",
                "last_activity": "2026-06-25T13:30:00Z"
            }
        },
        {
            "type": "Feature",
            "geometry": {
                "type": "Point",
                "coordinates": [
                    10.2473,
                    45.9257
                ]
            },
            "properties": {
                "id": "STATIC0104",
                "name": "Esine",
                "elevation": 270,
                "license": {
                    "code": 1,
                    "license": "CC BY",
                    "url": "https:\/\/creativecommons.org\/licenses\/by\/2.0\/fr\/",
                    "source": "infoclimat.fr"
                },
                "country": "IT",
                "departement": "IT",
                "last_activity": "2026-06-25T13:20:00Z"
            }
        },
        {
            "type": "Feature",
            "geometry": {
                "type": "Point",
                "coordinates": [
                    3.58513,
                    49.52638
                ]
            },
            "properties": {
                "id": "STATIC0105",
                "name": "Chivy-l\u00e8s-\u00c9touvelles",
                "elevation": 72,
                "license": {
                    "code": 1,
                    "license": "CC BY",
                    "url": "https:\/\/creativecommons.org\/licenses\/by\/2.0\/fr\/",
                    "source": "infoclimat.fr"
                },
                "country": "FR",
                "departement": "02",
                "last_activity": "2026-06-25T13:30:00Z"
            }
        },
        {
            "type": "Feature",
            "geometry": {
                "type": "Point",
                "coordinates": [
                    1.31922,
                    43.58872
                ]
            },
            "properties": {
                "id": "STATIC0106",
                "name": "Tournefeuille",
                "elevation": 189,
                "license": {
                    "code": 2,
                    "license": "NON-COMMERCIAL ONLY: CC BY NC",
                    "url": "https:\/\/creativecommons.org\/licenses\/by-nc\/2.0\/fr\/",
                    "source": "infoclimat.fr"
                },
                "country": "FR",
                "departement": "31",
                "last_activity": "2026-06-25T13:30:00Z"
            }
        },
        {
            "type": "Feature",
            "geometry": {
                "type": "Point",
                "coordinates": [
                    1.8183,
                    48.994
                ]
            },
            "properties": {
                "id": "STATIC0107",
                "name": "Gargenville",
                "elevation": 82,
                "license": {
                    "code": 1,
                    "license": "CC BY",
                    "url": "https:\/\/creativecommons.org\/licenses\/by\/2.0\/fr\/",
                    "source": "infoclimat.fr"
                },
                "country": "FR",
                "departement": "78",
                "last_activity": "2026-06-25T13:30:00Z"
            }
        },
        {
            "type": "Feature",
            "geometry": {
                "type": "Point",
                "coordinates": [
                    1.24569,
                    43.6831
                ]
            },
            "properties": {
                "id": "STATIC0108",
                "name": "Montaigut-sur-Save",
                "elevation": 182,
                "license": {
                    "code": 2,
                    "license": "NON-COMMERCIAL ONLY: CC BY NC",
                    "url": "https:\/\/creativecommons.org\/licenses\/by-nc\/2.0\/fr\/",
                    "source": "infoclimat.fr"
                },
                "country": "FR",
                "departement": "31",
                "last_activity": "2026-06-25T13:30:00Z"
            }
        },
        {
            "type": "Feature",
            "geometry": {
                "type": "Point",
                "coordinates": [
                    6.435645,
                    47.020678
                ]
            },
            "properties": {
                "id": "STATIC0109",
                "name": "La Chaux - Village",
                "elevation": 875,
                "license": {
                    "code": 1,
                    "license": "CC BY",
                    "url": "https:\/\/creativecommons.org\/licenses\/by\/2.0\/fr\/",
                    "source": "infoclimat.fr"
                },
                "country": "FR",
                "departement": "25",
                "last_activity": "2026-06-25T13:30:00Z"
            }
        },
        {
            "type": "Feature",
            "geometry": {
                "type": "Point",
                "coordinates": [
                    6.31583,
                    52.00638
                ]
            },
            "properties": {
                "id": "STATIC0110",
                "name": "Zelhem",
                "elevation": 15,
                "license": {
                    "code": 2,
                    "license": "NON-COMMERCIAL ONLY: CC BY NC",
                    "url": "https:\/\/creativecommons.org\/licenses\/by-nc\/2.0\/fr\/",
                    "source": "infoclimat.fr"
                },
                "country": "NL",
                "departement": "NL",
                "last_activity": "2026-06-25T13:20:00Z"
            }
        },
        {
            "type": "Feature",
            "geometry": {
                "type": "Point",
                "coordinates": [
                    3.15624,
                    45.6763
                ]
            },
            "properties": {
                "id": "STATIC0111",
                "name": "Veyre-Monton",
                "elevation": 490,
                "license": {
                    "code": 1,
                    "license": "CC BY",
                    "url": "https:\/\/creativecommons.org\/licenses\/by\/2.0\/fr\/",
                    "source": "infoclimat.fr"
                },
                "country": "FR",
                "departement": "63",
                "last_activity": "2026-06-25T13:30:00Z"
            }
        },
        {
            "type": "Feature",
            "geometry": {
                "type": "Point",
                "coordinates": [
                    -51.28867,
                    -29.71938
                ]
            },
            "properties": {
                "id": "STATIC0112",
                "name": "Capela de Santana",
                "elevation": 155,
                "license": {
                    "code": 2,
                    "license": "NON-COMMERCIAL ONLY: CC BY NC",
                    "url": "https:\/\/creativecommons.org\/licenses\/by-nc\/2.0\/fr\/",
                    "source": "infoclimat.fr"
                },
                "country": "BR",
                "departement": "BR",
                "last_activity": "2026-06-24T20:25:00Z"
            }
        },
        {
            "type": "Feature",
            "geometry": {
                "type": "Point",
                "coordinates": [
                    6.00095,
                    43.24594
                ]
            },
            "properties": {
                "id": "STATIC0113",
                "name": "Belgentier",
                "elevation": 185,
                "license": {
                    "code": 2,
                    "license": "NON-COMMERCIAL ONLY: CC BY NC",
                    "url": "https:\/\/creativecommons.org\/licenses\/by-nc\/2.0\/fr\/",
                    "source": "infoclimat.fr"
                },
                "country": "FR",
                "departement": "83",
                "last_activity": "2026-06-25T13:20:00Z"
            }
        },
        {
            "type": "Feature",
            "geometry": {
                "type": "Point",
                "coordinates": [
                    3.27577,
                    46.4794
                ]
            },
            "properties": {
                "id": "STATIC0114",
                "name": "Besson - La Barillette",
                "elevation": 274,
                "license": {
                    "code": 1,
                    "license": "CC BY",
                    "url": "https:\/\/creativecommons.org\/licenses\/by\/2.0\/fr\/",
                    "source": "infoclimat.fr"
                },
                "country": "FR",
                "departement": "03",
                "last_activity": "2026-06-25T13:30:00Z"
            }
        },
        {
            "type": "Feature",
            "geometry": {
                "type": "Point",
                "coordinates": [
                    -0.3577158,
                    42.510897
                ]
            },
            "properties": {
                "id": "STATIC0115",
                "name": "Sabi\u00f1\u00e1nigo",
                "elevation": 788,
                "license": {
                    "code": 1,
                    "license": "CC BY",
                    "url": "https:\/\/creativecommons.org\/licenses\/by\/2.0\/fr\/",
                    "source": "infoclimat.fr"
                },
                "country": "ES",
                "departement": "ES",
                "last_activity": "2026-06-25T13:10:00Z"
            }
        },
        {
            "type": "Feature",
            "geometry": {
                "type": "Point",
                "coordinates": [
                    7.89629,
                    48.80334
                ]
            },
            "properties": {
                "id": "STATIC0116",
                "name": "Schirrhein",
                "elevation": 138,
                "license": {
                    "code": 1,
                    "license": "CC BY",
                    "url": "https:\/\/creativecommons.org\/licenses\/by\/2.0\/fr\/",
                    "source": "infoclimat.fr"
                },
                "country": "FR",
                "departement": "67",
                "last_activity": "2026-06-25T13:30:00Z"
            }
        },
        {
            "type": "Feature",
            "geometry": {
                "type": "Point",
                "coordinates": [
                    6.00433,
                    44.25932
                ]
            },
            "properties": {
                "id": "STATIC0117",
                "name": "Ch\u00e2teaufort",
                "elevation": 687,
                "license": {
                    "code": 2,
                    "license": "NON-COMMERCIAL ONLY: CC BY NC",
                    "url": "https:\/\/creativecommons.org\/licenses\/by-nc\/2.0\/fr\/",
                    "source": "infoclimat.fr"
                },
                "country": "FR",
                "departement": "04",
                "last_activity": "2026-06-25T13:30:00Z"
            }
        },
        {
            "type": "Feature",
            "geometry": {
                "type": "Point",
                "coordinates": [
                    0.622702,
                    43.104
                ]
            },
            "properties": {
                "id": "STATIC0118",
                "name": "Clarac",
                "elevation": 399,
                "license": {
                    "code": 2,
                    "license": "NON-COMMERCIAL ONLY: CC BY NC",
                    "url": "https:\/\/creativecommons.org\/licenses\/by-nc\/2.0\/fr\/",
                    "source": "infoclimat.fr"
                },
                "country": "FR",
                "departement": "31",
                "last_activity": "2024-07-17T09:30:00Z"
            }
        },
        {
            "type": "Feature",
            "geometry": {
                "type": "Point",
                "coordinates": [
                    4.01968,
                    44.81449
                ]
            },
            "properties": {
                "id": "STATIC0120",
                "name": "Lachapelle-Graillouse - Moulin de Courbet",
                "elevation": 1135,
                "license": {
                    "code": 2,
                    "license": "NON-COMMERCIAL ONLY: CC BY NC",
                    "url": "https:\/\/creativecommons.org\/licenses\/by-nc\/2.0\/fr\/",
                    "source": "infoclimat.fr"
                },
                "country": "FR",
                "departement": "07",
                "last_activity": "2023-08-18T02:30:00Z"
            }
        },
        {
            "type": "Feature",
            "geometry": {
                "type": "Point",
                "coordinates": [
                    -0.747339,
                    45.5991
                ]
            },
            "properties": {
                "id": "STATIC0122",
                "name": "Saint-Andr\u00e9-de-Lidon",
                "elevation": 22,
                "license": {
                    "code": 1,
                    "license": "CC BY",
                    "url": "https:\/\/creativecommons.org\/licenses\/by\/2.0\/fr\/",
                    "source": "infoclimat.fr"
                },
                "country": "FR",
                "departement": "17",
                "last_activity": "2026-06-25T13:30:00Z"
            }
        },
        {
            "type": "Feature",
            "geometry": {
                "type": "Point",
                "coordinates": [
                    -3.66231,
                    47.9205
                ]
            },
            "properties": {
                "id": "STATIC0123",
                "name": "Bannalec",
                "elevation": 94,
                "license": {
                    "code": 2,
                    "license": "NON-COMMERCIAL ONLY: CC BY NC",
                    "url": "https:\/\/creativecommons.org\/licenses\/by-nc\/2.0\/fr\/",
                    "source": "infoclimat.fr"
                },
                "country": "FR",
                "departement": "29",
                "last_activity": "2026-06-25T13:30:00Z"
            }
        },
        {
            "type": "Feature",
            "geometry": {
                "type": "Point",
                "coordinates": [
                    -1.07795,
                    46.0755
                ]
            },
            "properties": {
                "id": "STATIC0124",
                "name": "Ch\u00e2telaillon-Plage - Hippodrome",
                "elevation": 3,
                "license": {
                    "code": 2,
                    "license": "NON-COMMERCIAL ONLY: CC BY NC",
                    "url": "https:\/\/creativecommons.org\/licenses\/by-nc\/2.0\/fr\/",
                    "source": "infoclimat.fr"
                },
                "country": "FR",
                "departement": "17",
                "last_activity": "2026-06-25T13:20:00Z"
            }
        },
        {
            "type": "Feature",
            "geometry": {
                "type": "Point",
                "coordinates": [
                    3.95443,
                    45.6341
                ]
            },
            "properties": {
                "id": "STATIC0125",
                "name": "Ch\u00e2telneuf",
                "elevation": 957,
                "license": {
                    "code": 2,
                    "license": "NON-COMMERCIAL ONLY: CC BY NC",
                    "url": "https:\/\/creativecommons.org\/licenses\/by-nc\/2.0\/fr\/",
                    "source": "infoclimat.fr"
                },
                "country": "FR",
                "departement": "42",
                "last_activity": "2025-02-15T03:10:00Z"
            }
        },
        {
            "type": "Feature",
            "geometry": {
                "type": "Point",
                "coordinates": [
                    0.687555,
                    46.7544
                ]
            },
            "properties": {
                "id": "STATIC0126",
                "name": "Leign\u00e9-les-Bois",
                "elevation": 128,
                "license": {
                    "code": 2,
                    "license": "NON-COMMERCIAL ONLY: CC BY NC",
                    "url": "https:\/\/creativecommons.org\/licenses\/by-nc\/2.0\/fr\/",
                    "source": "infoclimat.fr"
                },
                "country": "FR",
                "departement": "86",
                "last_activity": "2026-06-25T13:20:00Z"
            }
        },
        {
            "type": "Feature",
            "geometry": {
                "type": "Point",
                "coordinates": [
                    7.615218,
                    48.979277
                ]
            },
            "properties": {
                "id": "STATIC0128",
                "name": "Niederbronn-les-Bains - Grand Wintersberg ",
                "elevation": 578,
                "license": {
                    "code": 1,
                    "license": "CC BY",
                    "url": "https:\/\/creativecommons.org\/licenses\/by\/2.0\/fr\/",
                    "source": "infoclimat.fr"
                },
                "country": "FR",
                "departement": "67",
                "last_activity": "2026-06-25T13:30:00Z"
            }
        },
        {
            "type": "Feature",
            "geometry": {
                "type": "Point",
                "coordinates": [
                    -2.932142,
                    48.572079
                ]
            },
            "properties": {
                "id": "STATIC0129",
                "name": "Pl\u00e9lo",
                "elevation": 116,
                "license": {
                    "code": 1,
                    "license": "CC BY",
                    "url": "https:\/\/creativecommons.org\/licenses\/by\/2.0\/fr\/",
                    "source": "infoclimat.fr"
                },
                "country": "FR",
                "departement": "22",
                "last_activity": "2026-06-25T13:30:00Z"
            }
        },
        {
            "type": "Feature",
            "geometry": {
                "type": "Point",
                "coordinates": [
                    7.11359,
                    48.193
                ]
            },
            "properties": {
                "id": "STATIC0130",
                "name": "Sainte-Marie-aux-Mines - Col des Bagenelles",
                "elevation": 905,
                "license": {
                    "code": 2,
                    "license": "NON-COMMERCIAL ONLY: CC BY NC",
                    "url": "https:\/\/creativecommons.org\/licenses\/by-nc\/2.0\/fr\/",
                    "source": "infoclimat.fr"
                },
                "country": "FR",
                "departement": "68",
                "last_activity": "2026-06-25T13:30:00Z"
            }
        },
        {
            "type": "Feature",
            "geometry": {
                "type": "Point",
                "coordinates": [
                    3.57678,
                    46.0809
                ]
            },
            "properties": {
                "id": "STATIC0131",
                "name": "La Chapelle",
                "elevation": 485,
                "license": {
                    "code": 1,
                    "license": "CC BY",
                    "url": "https:\/\/creativecommons.org\/licenses\/by\/2.0\/fr\/",
                    "source": "infoclimat.fr"
                },
                "country": "FR",
                "departement": "03",
                "last_activity": "2026-06-25T13:30:00Z"
            }
        },
        {
            "type": "Feature",
            "geometry": {
                "type": "Point",
                "coordinates": [
                    -0.822301,
                    43.2523
                ]
            },
            "properties": {
                "id": "STATIC0133",
                "name": "Ch\u00e9raute",
                "elevation": 250,
                "license": {
                    "code": 1,
                    "license": "CC BY",
                    "url": "https:\/\/creativecommons.org\/licenses\/by\/2.0\/fr\/",
                    "source": "infoclimat.fr"
                },
                "country": "FR",
                "departement": "64",
                "last_activity": "2026-06-25T13:30:00Z"
            }
        },
        {
            "type": "Feature",
            "geometry": {
                "type": "Point",
                "coordinates": [
                    -1.177,
                    46.0128
                ]
            },
            "properties": {
                "id": "STATIC0134",
                "name": "Ile d'Aix",
                "elevation": 7,
                "license": {
                    "code": 2,
                    "license": "NON-COMMERCIAL ONLY: CC BY NC",
                    "url": "https:\/\/creativecommons.org\/licenses\/by-nc\/2.0\/fr\/",
                    "source": "infoclimat.fr"
                },
                "country": "FR",
                "departement": "17",
                "last_activity": "2026-06-25T13:20:00Z"
            }
        },
        {
            "type": "Feature",
            "geometry": {
                "type": "Point",
                "coordinates": [
                    6.86701,
                    48.08092
                ]
            },
            "properties": {
                "id": "STATIC0136",
                "name": "G\u00e9rardmer - Les Xettes",
                "elevation": 820,
                "license": {
                    "code": 2,
                    "license": "NON-COMMERCIAL ONLY: CC BY NC",
                    "url": "https:\/\/creativecommons.org\/licenses\/by-nc\/2.0\/fr\/",
                    "source": "infoclimat.fr"
                },
                "country": "FR",
                "departement": "88",
                "last_activity": "2026-06-25T13:30:00Z"
            }
        },
        {
            "type": "Feature",
            "geometry": {
                "type": "Point",
                "coordinates": [
                    -3.258229,
                    47.808432
                ]
            },
            "properties": {
                "id": "ME151",
                "name": "[MAE] - Coll\u00e8ge Pierre et Marie Curie - Hennebont",
                "elevation": 41,
                "license": {
                    "code": 1,
                    "license": "CC BY",
                    "url": "https:\/\/creativecommons.org\/licenses\/by\/2.0\/fr\/",
                    "source": "infoclimat.fr"
                },
                "country": "FR",
                "departement": "56",
                "last_activity": "2026-02-16T09:00:00Z"
            }
        },
        {
            "type": "Feature",
            "geometry": {
                "type": "Point",
                "coordinates": [
                    2.04469,
                    43.44582
                ]
            },
            "properties": {
                "id": "STATIC0138",
                "name": "Sor\u00e8ze - Le Causse",
                "elevation": 330,
                "license": {
                    "code": 1,
                    "license": "CC BY",
                    "url": "https:\/\/creativecommons.org\/licenses\/by\/2.0\/fr\/",
                    "source": "infoclimat.fr"
                },
                "country": "FR",
                "departement": "81",
                "last_activity": "2026-06-25T13:30:00Z"
            }
        },
        {
            "type": "Feature",
            "geometry": {
                "type": "Point",
                "coordinates": [
                    4.46696,
                    45.7622
                ]
            },
            "properties": {
                "id": "STATIC0139",
                "name": "Brullioles",
                "elevation": 512,
                "license": {
                    "code": 1,
                    "license": "CC BY",
                    "url": "https:\/\/creativecommons.org\/licenses\/by\/2.0\/fr\/",
                    "source": "infoclimat.fr"
                },
                "country": "FR",
                "departement": "69",
                "last_activity": "2026-06-25T13:30:00Z"
            }
        },
        {
            "type": "Feature",
            "geometry": {
                "type": "Point",
                "coordinates": [
                    1.34237,
                    47.44869
                ]
            },
            "properties": {
                "id": "STATIC0141",
                "name": "Foug\u00e8res-sur-Bi\u00e8vre",
                "elevation": 86,
                "license": {
                    "code": 2,
                    "license": "NON-COMMERCIAL ONLY: CC BY NC",
                    "url": "https:\/\/creativecommons.org\/licenses\/by-nc\/2.0\/fr\/",
                    "source": "infoclimat.fr"
                },
                "country": "FR",
                "departement": "41",
                "last_activity": "2026-06-25T13:20:00Z"
            }
        },
        {
            "type": "Feature",
            "geometry": {
                "type": "Point",
                "coordinates": [
                    -1.02019,
                    46.1862
                ]
            },
            "properties": {
                "id": "STATIC0171",
                "name": "Sainte-Soulle",
                "elevation": 33,
                "license": {
                    "code": 2,
                    "license": "NON-COMMERCIAL ONLY: CC BY NC",
                    "url": "https:\/\/creativecommons.org\/licenses\/by-nc\/2.0\/fr\/",
                    "source": "infoclimat.fr"
                },
                "country": "FR",
                "departement": "17",
                "last_activity": "2026-06-25T13:30:00Z"
            }
        },
        {
            "type": "Feature",
            "geometry": {
                "type": "Point",
                "coordinates": [
                    1.50913,
                    46.5885
                ]
            },
            "properties": {
                "id": "STATIC0372",
                "name": "Argenton-sur-Creuse",
                "elevation": 112,
                "license": {
                    "code": 1,
                    "license": "CC BY",
                    "url": "https:\/\/creativecommons.org\/licenses\/by\/2.0\/fr\/",
                    "source": "infoclimat.fr"
                },
                "country": "FR",
                "departement": "36",
                "last_activity": "2026-06-25T13:30:00Z"
            }
        },
        {
            "type": "Feature",
            "geometry": {
                "type": "Point",
                "coordinates": [
                    1.58907,
                    43.52285
                ]
            },
            "properties": {
                "id": "STATIC0307",
                "name": "Odars",
                "elevation": 231,
                "license": {
                    "code": 2,
                    "license": "NON-COMMERCIAL ONLY: CC BY NC",
                    "url": "https:\/\/creativecommons.org\/licenses\/by-nc\/2.0\/fr\/",
                    "source": "infoclimat.fr"
                },
                "country": "FR",
                "departement": "31",
                "last_activity": "2026-06-25T13:30:00Z"
            }
        },
        {
            "type": "Feature",
            "geometry": {
                "type": "Point",
                "coordinates": [
                    -4.1228,
                    47.9837
                ]
            },
            "properties": {
                "id": "STATIC0308",
                "name": "Quimper",
                "elevation": 40,
                "license": {
                    "code": 1,
                    "license": "CC BY",
                    "url": "https:\/\/creativecommons.org\/licenses\/by\/2.0\/fr\/",
                    "source": "infoclimat.fr"
                },
                "country": "FR",
                "departement": "29",
                "last_activity": "2026-06-25T10:45:00Z"
            }
        },
        {
            "type": "Feature",
            "geometry": {
                "type": "Point",
                "coordinates": [
                    1.82826,
                    46.20097
                ]
            },
            "properties": {
                "id": "STATIC0142",
                "name": "Saint-Sulpice-le-Gu\u00e9r\u00e9tois",
                "elevation": 395,
                "license": {
                    "code": 2,
                    "license": "NON-COMMERCIAL ONLY: CC BY NC",
                    "url": "https:\/\/creativecommons.org\/licenses\/by-nc\/2.0\/fr\/",
                    "source": "infoclimat.fr"
                },
                "country": "FR",
                "departement": "23",
                "last_activity": "2026-06-25T13:30:00Z"
            }
        },
        {
            "type": "Feature",
            "geometry": {
                "type": "Point",
                "coordinates": [
                    4.39899,
                    43.5272
                ]
            },
            "properties": {
                "id": "STATIC0144",
                "name": "Saintes-Maries-de-la-Mer - Pioch Badet",
                "elevation": 3,
                "license": {
                    "code": 1,
                    "license": "CC BY",
                    "url": "https:\/\/creativecommons.org\/licenses\/by\/2.0\/fr\/",
                    "source": "infoclimat.fr"
                },
                "country": "FR",
                "departement": "13",
                "last_activity": "2026-06-25T12:50:00Z"
            }
        },
        {
            "type": "Feature",
            "geometry": {
                "type": "Point",
                "coordinates": [
                    2.06799,
                    43.45241
                ]
            },
            "properties": {
                "id": "STATIC0145",
                "name": "Sor\u00e8ze",
                "elevation": 260,
                "license": {
                    "code": 2,
                    "license": "NON-COMMERCIAL ONLY: CC BY NC",
                    "url": "https:\/\/creativecommons.org\/licenses\/by-nc\/2.0\/fr\/",
                    "source": "infoclimat.fr"
                },
                "country": "FR",
                "departement": "81",
                "last_activity": "2026-06-25T13:30:00Z"
            }
        },
        {
            "type": "Feature",
            "geometry": {
                "type": "Point",
                "coordinates": [
                    7.0563,
                    44.1848
                ]
            },
            "properties": {
                "id": "STATIC0146",
                "name": "Isola",
                "elevation": 870,
                "license": {
                    "code": 1,
                    "license": "CC BY",
                    "url": "https:\/\/creativecommons.org\/licenses\/by\/2.0\/fr\/",
                    "source": "infoclimat.fr"
                },
                "country": "FR",
                "departement": "06",
                "last_activity": "2026-06-25T13:20:00Z"
            }
        },
        {
            "type": "Feature",
            "geometry": {
                "type": "Point",
                "coordinates": [
                    4.432284,
                    43.685963
                ]
            },
            "properties": {
                "id": "ME152",
                "name": "[MAE] - Coll\u00e8ge Jean Vilar - Saint Gilles",
                "elevation": 26,
                "license": {
                    "code": 1,
                    "license": "CC BY",
                    "url": "https:\/\/creativecommons.org\/licenses\/by\/2.0\/fr\/",
                    "source": "infoclimat.fr"
                },
                "country": "FR",
                "departement": "30",
                "last_activity": "2026-06-25T13:30:00Z"
            }
        },
        {
            "type": "Feature",
            "geometry": {
                "type": "Point",
                "coordinates": [
                    0.82822,
                    47.2032
                ]
            },
            "properties": {
                "id": "STATIC0147",
                "name": "Tauxigny",
                "elevation": 89,
                "license": {
                    "code": 2,
                    "license": "NON-COMMERCIAL ONLY: CC BY NC",
                    "url": "https:\/\/creativecommons.org\/licenses\/by-nc\/2.0\/fr\/",
                    "source": "infoclimat.fr"
                },
                "country": "FR",
                "departement": "37",
                "last_activity": "2026-06-25T13:30:00Z"
            }
        },
        {
            "type": "Feature",
            "geometry": {
                "type": "Point",
                "coordinates": [
                    5.4853,
                    43.59839
                ]
            },
            "properties": {
                "id": "STATIC0148",
                "name": "Venelles",
                "elevation": 360,
                "license": {
                    "code": 2,
                    "license": "NON-COMMERCIAL ONLY: CC BY NC",
                    "url": "https:\/\/creativecommons.org\/licenses\/by-nc\/2.0\/fr\/",
                    "source": "infoclimat.fr"
                },
                "country": "FR",
                "departement": "13",
                "last_activity": "2026-06-25T13:30:00Z"
            }
        },
        {
            "type": "Feature",
            "geometry": {
                "type": "Point",
                "coordinates": [
                    2.182729,
                    43.120511
                ]
            },
            "properties": {
                "id": "STATIC0149",
                "name": "Malvi\u00e8s",
                "elevation": 214,
                "license": {
                    "code": 2,
                    "license": "NON-COMMERCIAL ONLY: CC BY NC",
                    "url": "https:\/\/creativecommons.org\/licenses\/by-nc\/2.0\/fr\/",
                    "source": "infoclimat.fr"
                },
                "country": "FR",
                "departement": "11",
                "last_activity": "2026-06-25T13:30:00Z"
            }
        },
        {
            "type": "Feature",
            "geometry": {
                "type": "Point",
                "coordinates": [
                    55.5673,
                    -21.3303
                ]
            },
            "properties": {
                "id": "STATIC0150",
                "name": "Petite-\u00cele - Charri\u00e9",
                "elevation": 645,
                "license": {
                    "code": 2,
                    "license": "NON-COMMERCIAL ONLY: CC BY NC",
                    "url": "https:\/\/creativecommons.org\/licenses\/by-nc\/2.0\/fr\/",
                    "source": "infoclimat.fr"
                },
                "country": "FR",
                "departement": "974",
                "last_activity": "2026-06-25T12:30:00Z"
            }
        },
        {
            "type": "Feature",
            "geometry": {
                "type": "Point",
                "coordinates": [
                    2.16424,
                    44.0698
                ]
            },
            "properties": {
                "id": "STATIC0151",
                "name": "Carmaux",
                "elevation": 328,
                "license": {
                    "code": 1,
                    "license": "CC BY",
                    "url": "https:\/\/creativecommons.org\/licenses\/by\/2.0\/fr\/",
                    "source": "infoclimat.fr"
                },
                "country": "FR",
                "departement": "81",
                "last_activity": "2025-10-03T12:45:00Z"
            }
        },
        {
            "type": "Feature",
            "geometry": {
                "type": "Point",
                "coordinates": [
                    55.219428,
                    -21.043419
                ]
            },
            "properties": {
                "id": "STATIC0152",
                "name": "Saint Paul - Grand Fond",
                "elevation": 10,
                "license": {
                    "code": 2,
                    "license": "NON-COMMERCIAL ONLY: CC BY NC",
                    "url": "https:\/\/creativecommons.org\/licenses\/by-nc\/2.0\/fr\/",
                    "source": "infoclimat.fr"
                },
                "country": "FR",
                "departement": "974",
                "last_activity": "2025-10-10T09:00:00Z"
            }
        },
        {
            "type": "Feature",
            "geometry": {
                "type": "Point",
                "coordinates": [
                    55.695668,
                    -21.053141
                ]
            },
            "properties": {
                "id": "STATIC0153",
                "name": "Saint Beno\u00eet - Bras Madeleine",
                "elevation": 100,
                "license": {
                    "code": 2,
                    "license": "NON-COMMERCIAL ONLY: CC BY NC",
                    "url": "https:\/\/creativecommons.org\/licenses\/by-nc\/2.0\/fr\/",
                    "source": "infoclimat.fr"
                },
                "country": "FR",
                "departement": "974",
                "last_activity": "2026-06-25T13:20:00Z"
            }
        },
        {
            "type": "Feature",
            "geometry": {
                "type": "Point",
                "coordinates": [
                    55.800674,
                    -21.317372
                ]
            },
            "properties": {
                "id": "STATIC0154",
                "name": "Saint Philippe - \u00c9cole du Tremblet",
                "elevation": 105,
                "license": {
                    "code": 2,
                    "license": "NON-COMMERCIAL ONLY: CC BY NC",
                    "url": "https:\/\/creativecommons.org\/licenses\/by-nc\/2.0\/fr\/",
                    "source": "infoclimat.fr"
                },
                "country": "FR",
                "departement": "974",
                "last_activity": "2026-06-25T13:20:00Z"
            }
        },
        {
            "type": "Feature",
            "geometry": {
                "type": "Point",
                "coordinates": [
                    55.474753,
                    -21.286685
                ]
            },
            "properties": {
                "id": "STATIC0155",
                "name": "Saint Pierre - Ravine des Cabris",
                "elevation": 250,
                "license": {
                    "code": 2,
                    "license": "NON-COMMERCIAL ONLY: CC BY NC",
                    "url": "https:\/\/creativecommons.org\/licenses\/by-nc\/2.0\/fr\/",
                    "source": "infoclimat.fr"
                },
                "country": "FR",
                "departement": "974",
                "last_activity": "0000-00-00T00:00:00Z"
            }
        },
        {
            "type": "Feature",
            "geometry": {
                "type": "Point",
                "coordinates": [
                    55.663331,
                    -21.358683
                ]
            },
            "properties": {
                "id": "STATIC0156",
                "name": "Saint Joseph - Parc \u00e0 Moutons",
                "elevation": 290,
                "license": {
                    "code": 2,
                    "license": "NON-COMMERCIAL ONLY: CC BY NC",
                    "url": "https:\/\/creativecommons.org\/licenses\/by-nc\/2.0\/fr\/",
                    "source": "infoclimat.fr"
                },
                "country": "FR",
                "departement": "974",
                "last_activity": "0000-00-00T00:00:00Z"
            }
        },
        {
            "type": "Feature",
            "geometry": {
                "type": "Point",
                "coordinates": [
                    55.495548,
                    -21.26666
                ]
            },
            "properties": {
                "id": "STATIC0157",
                "name": "Le Tampon - Trois Mares",
                "elevation": 490,
                "license": {
                    "code": 2,
                    "license": "NON-COMMERCIAL ONLY: CC BY NC",
                    "url": "https:\/\/creativecommons.org\/licenses\/by-nc\/2.0\/fr\/",
                    "source": "infoclimat.fr"
                },
                "country": "FR",
                "departement": "974",
                "last_activity": "2024-01-19T13:10:00Z"
            }
        },
        {
            "type": "Feature",
            "geometry": {
                "type": "Point",
                "coordinates": [
                    55.378695,
                    -21.236787
                ]
            },
            "properties": {
                "id": "STATIC0158",
                "name": "L'\u00c9tang-Sal\u00e9 - Les Hauts",
                "elevation": 550,
                "license": {
                    "code": 2,
                    "license": "NON-COMMERCIAL ONLY: CC BY NC",
                    "url": "https:\/\/creativecommons.org\/licenses\/by-nc\/2.0\/fr\/",
                    "source": "infoclimat.fr"
                },
                "country": "FR",
                "departement": "974",
                "last_activity": "2026-06-25T12:40:00Z"
            }
        },
        {
            "type": "Feature",
            "geometry": {
                "type": "Point",
                "coordinates": [
                    55.703658,
                    -21.122265
                ]
            },
            "properties": {
                "id": "STATIC0159",
                "name": "Saint Beno\u00eet - Piton Armand Les Hauts",
                "elevation": 575,
                "license": {
                    "code": 2,
                    "license": "NON-COMMERCIAL ONLY: CC BY NC",
                    "url": "https:\/\/creativecommons.org\/licenses\/by-nc\/2.0\/fr\/",
                    "source": "infoclimat.fr"
                },
                "country": "FR",
                "departement": "974",
                "last_activity": "2026-06-25T13:20:00Z"
            }
        },
        {
            "type": "Feature",
            "geometry": {
                "type": "Point",
                "coordinates": [
                    55.515549,
                    -21.025844
                ]
            },
            "properties": {
                "id": "STATIC0160",
                "name": "Salazie - Mare \u00e0 Vieille Place",
                "elevation": 860,
                "license": {
                    "code": 2,
                    "license": "NON-COMMERCIAL ONLY: CC BY NC",
                    "url": "https:\/\/creativecommons.org\/licenses\/by-nc\/2.0\/fr\/",
                    "source": "infoclimat.fr"
                },
                "country": "FR",
                "departement": "974",
                "last_activity": "2025-09-07T06:30:00Z"
            }
        },
        {
            "type": "Feature",
            "geometry": {
                "type": "Point",
                "coordinates": [
                    55.584708,
                    -21.250525
                ]
            },
            "properties": {
                "id": "STATIC0161",
                "name": "Le Tampon - Notre Dame de la Paix",
                "elevation": 1520,
                "license": {
                    "code": 2,
                    "license": "NON-COMMERCIAL ONLY: CC BY NC",
                    "url": "https:\/\/creativecommons.org\/licenses\/by-nc\/2.0\/fr\/",
                    "source": "infoclimat.fr"
                },
                "country": "FR",
                "departement": "974",
                "last_activity": "2026-02-22T11:00:00Z"
            }
        },
        {
            "type": "Feature",
            "geometry": {
                "type": "Point",
                "coordinates": [
                    5.401,
                    50.501
                ]
            },
            "properties": {
                "id": "STATIC0162",
                "name": "Nandrin",
                "elevation": 253,
                "license": {
                    "code": 2,
                    "license": "NON-COMMERCIAL ONLY: CC BY NC",
                    "url": "https:\/\/creativecommons.org\/licenses\/by-nc\/2.0\/fr\/",
                    "source": "infoclimat.fr"
                },
                "country": "BE",
                "departement": "BE",
                "last_activity": "2026-06-25T13:30:00Z"
            }
        },
        {
            "type": "Feature",
            "geometry": {
                "type": "Point",
                "coordinates": [
                    55.430022,
                    -21.100918
                ]
            },
            "properties": {
                "id": "STATIC0163",
                "name": "Saint Paul - Mafate (Marla)",
                "elevation": 1570,
                "license": {
                    "code": 2,
                    "license": "NON-COMMERCIAL ONLY: CC BY NC",
                    "url": "https:\/\/creativecommons.org\/licenses\/by-nc\/2.0\/fr\/",
                    "source": "infoclimat.fr"
                },
                "country": "FR",
                "departement": "974",
                "last_activity": "2026-06-25T13:20:00Z"
            }
        },
        {
            "type": "Feature",
            "geometry": {
                "type": "Point",
                "coordinates": [
                    -3.6951,
                    48.5635
                ]
            },
            "properties": {
                "id": "STATIC0164",
                "name": "Plouigneau",
                "elevation": 154,
                "license": {
                    "code": 2,
                    "license": "NON-COMMERCIAL ONLY: CC BY NC",
                    "url": "https:\/\/creativecommons.org\/licenses\/by-nc\/2.0\/fr\/",
                    "source": "infoclimat.fr"
                },
                "country": "FR",
                "departement": "29",
                "last_activity": "2024-12-20T05:20:00Z"
            }
        },
        {
            "type": "Feature",
            "geometry": {
                "type": "Point",
                "coordinates": [
                    -3.96675,
                    48.40092
                ]
            },
            "properties": {
                "id": "STATIC0165",
                "name": "Commana",
                "elevation": 205,
                "license": {
                    "code": 1,
                    "license": "CC BY",
                    "url": "https:\/\/creativecommons.org\/licenses\/by\/2.0\/fr\/",
                    "source": "infoclimat.fr"
                },
                "country": "FR",
                "departement": "29",
                "last_activity": "2026-06-25T13:30:00Z"
            }
        },
        {
            "type": "Feature",
            "geometry": {
                "type": "Point",
                "coordinates": [
                    -2.847963,
                    47.879318
                ]
            },
            "properties": {
                "id": "ME153",
                "name": "[MAE] - Coll\u00e8ge Jean-Pierre Calloc'h - Locmin\u00e9",
                "elevation": 95,
                "license": {
                    "code": 1,
                    "license": "CC BY",
                    "url": "https:\/\/creativecommons.org\/licenses\/by\/2.0\/fr\/",
                    "source": "infoclimat.fr"
                },
                "country": "FR",
                "departement": "56",
                "last_activity": "2026-06-25T13:30:00Z"
            }
        },
        {
            "type": "Feature",
            "geometry": {
                "type": "Point",
                "coordinates": [
                    -1.13653,
                    49.1768
                ]
            },
            "properties": {
                "id": "STATIC0166",
                "name": "Pont-H\u00e9bert",
                "elevation": 52,
                "license": {
                    "code": 2,
                    "license": "NON-COMMERCIAL ONLY: CC BY NC",
                    "url": "https:\/\/creativecommons.org\/licenses\/by-nc\/2.0\/fr\/",
                    "source": "infoclimat.fr"
                },
                "country": "FR",
                "departement": "50",
                "last_activity": "2026-06-25T13:30:00Z"
            }
        },
        {
            "type": "Feature",
            "geometry": {
                "type": "Point",
                "coordinates": [
                    -0.64795,
                    46.3661
                ]
            },
            "properties": {
                "id": "STATIC0167",
                "name": "Sainte-Christine",
                "elevation": 2,
                "license": {
                    "code": 1,
                    "license": "CC BY",
                    "url": "https:\/\/creativecommons.org\/licenses\/by\/2.0\/fr\/",
                    "source": "infoclimat.fr"
                },
                "country": "FR",
                "departement": "85",
                "last_activity": "2026-06-25T13:20:00Z"
            }
        },
        {
            "type": "Feature",
            "geometry": {
                "type": "Point",
                "coordinates": [
                    -7.70511,
                    33.5689
                ]
            },
            "properties": {
                "id": "STATIC0169",
                "name": "Anfa",
                "elevation": 54,
                "license": {
                    "code": 1,
                    "license": "CC BY",
                    "url": "https:\/\/creativecommons.org\/licenses\/by\/2.0\/fr\/",
                    "source": "infoclimat.fr"
                },
                "country": "MA",
                "departement": "MA",
                "last_activity": "2025-08-10T20:10:00Z"
            }
        },
        {
            "type": "Feature",
            "geometry": {
                "type": "Point",
                "coordinates": [
                    -3.15179,
                    48.5442
                ]
            },
            "properties": {
                "id": "STATIC0170",
                "name": "Gr\u00e2ces",
                "elevation": 72,
                "license": {
                    "code": 1,
                    "license": "CC BY",
                    "url": "https:\/\/creativecommons.org\/licenses\/by\/2.0\/fr\/",
                    "source": "infoclimat.fr"
                },
                "country": "FR",
                "departement": "22",
                "last_activity": "2026-06-25T13:30:00Z"
            }
        },
        {
            "type": "Feature",
            "geometry": {
                "type": "Point",
                "coordinates": [
                    -2.57734,
                    48.5536
                ]
            },
            "properties": {
                "id": "STATIC0172",
                "name": "Planguenoual",
                "elevation": 93,
                "license": {
                    "code": 1,
                    "license": "CC BY",
                    "url": "https:\/\/creativecommons.org\/licenses\/by\/2.0\/fr\/",
                    "source": "infoclimat.fr"
                },
                "country": "FR",
                "departement": "22",
                "last_activity": "2026-06-25T13:30:00Z"
            }
        },
        {
            "type": "Feature",
            "geometry": {
                "type": "Point",
                "coordinates": [
                    7.50574,
                    43.7987
                ]
            },
            "properties": {
                "id": "STATIC0174",
                "name": "Castellar",
                "elevation": 390,
                "license": {
                    "code": 1,
                    "license": "CC BY",
                    "url": "https:\/\/creativecommons.org\/licenses\/by\/2.0\/fr\/",
                    "source": "infoclimat.fr"
                },
                "country": "FR",
                "departement": "06",
                "last_activity": "2025-10-14T14:30:00Z"
            }
        },
        {
            "type": "Feature",
            "geometry": {
                "type": "Point",
                "coordinates": [
                    7.32912,
                    43.9532
                ]
            },
            "properties": {
                "id": "STATIC0175",
                "name": "Lantosque",
                "elevation": 730,
                "license": {
                    "code": 1,
                    "license": "CC BY",
                    "url": "https:\/\/creativecommons.org\/licenses\/by\/2.0\/fr\/",
                    "source": "infoclimat.fr"
                },
                "country": "FR",
                "departement": "06",
                "last_activity": "2024-03-01T21:00:00Z"
            }
        },
        {
            "type": "Feature",
            "geometry": {
                "type": "Point",
                "coordinates": [
                    -2.76194,
                    48.5532
                ]
            },
            "properties": {
                "id": "STATIC0178",
                "name": "Les Rosaires",
                "elevation": 88,
                "license": {
                    "code": 1,
                    "license": "CC BY",
                    "url": "https:\/\/creativecommons.org\/licenses\/by\/2.0\/fr\/",
                    "source": "infoclimat.fr"
                },
                "country": "FR",
                "departement": "22",
                "last_activity": "2026-06-25T13:30:00Z"
            }
        },
        {
            "type": "Feature",
            "geometry": {
                "type": "Point",
                "coordinates": [
                    -0.69305,
                    49.33785
                ]
            },
            "properties": {
                "id": "STATIC0249",
                "name": "Longues-sur-Mer",
                "elevation": 70,
                "license": {
                    "code": 2,
                    "license": "NON-COMMERCIAL ONLY: CC BY NC",
                    "url": "https:\/\/creativecommons.org\/licenses\/by-nc\/2.0\/fr\/",
                    "source": "infoclimat.fr"
                },
                "country": "FR",
                "departement": "14",
                "last_activity": "2026-06-25T13:30:00Z"
            }
        },
        {
            "type": "Feature",
            "geometry": {
                "type": "Point",
                "coordinates": [
                    3.52962,
                    45.12072
                ]
            },
            "properties": {
                "id": "STATIC0179",
                "name": "Mazeyrat-d'Allier",
                "elevation": 630,
                "license": {
                    "code": 1,
                    "license": "CC BY",
                    "url": "https:\/\/creativecommons.org\/licenses\/by\/2.0\/fr\/",
                    "source": "infoclimat.fr"
                },
                "country": "FR",
                "departement": "43",
                "last_activity": "2026-06-25T13:30:00Z"
            }
        },
        {
            "type": "Feature",
            "geometry": {
                "type": "Point",
                "coordinates": [
                    -2.99431,
                    48.4871
                ]
            },
            "properties": {
                "id": "STATIC0180",
                "name": "Boqueho - Col de Marhalla",
                "elevation": 284,
                "license": {
                    "code": 1,
                    "license": "CC BY",
                    "url": "https:\/\/creativecommons.org\/licenses\/by\/2.0\/fr\/",
                    "source": "infoclimat.fr"
                },
                "country": "FR",
                "departement": "22",
                "last_activity": "2026-06-25T13:30:00Z"
            }
        },
        {
            "type": "Feature",
            "geometry": {
                "type": "Point",
                "coordinates": [
                    5.67359,
                    44.8491
                ]
            },
            "properties": {
                "id": "STATIC0181",
                "name": "Lavars",
                "elevation": 735,
                "license": {
                    "code": 1,
                    "license": "CC BY",
                    "url": "https:\/\/creativecommons.org\/licenses\/by\/2.0\/fr\/",
                    "source": "infoclimat.fr"
                },
                "country": "FR",
                "departement": "38",
                "last_activity": "2026-06-25T13:30:00Z"
            }
        },
        {
            "type": "Feature",
            "geometry": {
                "type": "Point",
                "coordinates": [
                    3.34326,
                    44.46614
                ]
            },
            "properties": {
                "id": "STATIC0290",
                "name": "Chanac",
                "elevation": 680,
                "license": {
                    "code": 2,
                    "license": "NON-COMMERCIAL ONLY: CC BY NC",
                    "url": "https:\/\/creativecommons.org\/licenses\/by-nc\/2.0\/fr\/",
                    "source": "infoclimat.fr"
                },
                "country": "FR",
                "departement": "48",
                "last_activity": "2026-06-25T13:30:00Z"
            }
        },
        {
            "type": "Feature",
            "geometry": {
                "type": "Point",
                "coordinates": [
                    4.20787,
                    45.0923
                ]
            },
            "properties": {
                "id": "STATIC0182",
                "name": "Saint-Jeures",
                "elevation": 1014,
                "license": {
                    "code": 1,
                    "license": "CC BY",
                    "url": "https:\/\/creativecommons.org\/licenses\/by\/2.0\/fr\/",
                    "source": "infoclimat.fr"
                },
                "country": "FR",
                "departement": "43",
                "last_activity": "2026-06-25T13:30:00Z"
            }
        },
        {
            "type": "Feature",
            "geometry": {
                "type": "Point",
                "coordinates": [
                    2.60187,
                    44.3383
                ]
            },
            "properties": {
                "id": "STATIC0183",
                "name": "Sainte-Radegonde",
                "elevation": 667,
                "license": {
                    "code": 1,
                    "license": "CC BY",
                    "url": "https:\/\/creativecommons.org\/licenses\/by\/2.0\/fr\/",
                    "source": "infoclimat.fr"
                },
                "country": "FR",
                "departement": "12",
                "last_activity": "2026-06-25T13:30:00Z"
            }
        },
        {
            "type": "Feature",
            "geometry": {
                "type": "Point",
                "coordinates": [
                    3.51077,
                    49.5449
                ]
            },
            "properties": {
                "id": "STATIC0184",
                "name": "Cessi\u00e8res-Suzy - Tourbi\u00e8re de Cessi\u00e8res-Montbavin",
                "elevation": 69,
                "license": {
                    "code": 1,
                    "license": "CC BY",
                    "url": "https:\/\/creativecommons.org\/licenses\/by\/2.0\/fr\/",
                    "source": "infoclimat.fr"
                },
                "country": "FR",
                "departement": "02",
                "last_activity": "2026-06-25T13:30:00Z"
            }
        },
        {
            "type": "Feature",
            "geometry": {
                "type": "Point",
                "coordinates": [
                    6.00667,
                    44.5288
                ]
            },
            "properties": {
                "id": "STATIC0185",
                "name": "La Freissinouse",
                "elevation": 1005,
                "license": {
                    "code": 2,
                    "license": "NON-COMMERCIAL ONLY: CC BY NC",
                    "url": "https:\/\/creativecommons.org\/licenses\/by-nc\/2.0\/fr\/",
                    "source": "infoclimat.fr"
                },
                "country": "FR",
                "departement": "05",
                "last_activity": "2026-06-25T13:20:00Z"
            }
        },
        {
            "type": "Feature",
            "geometry": {
                "type": "Point",
                "coordinates": [
                    2.40669,
                    45.22167
                ]
            },
            "properties": {
                "id": "STATIC0186",
                "name": "Anglards-de-Salers",
                "elevation": 765,
                "license": {
                    "code": 2,
                    "license": "NON-COMMERCIAL ONLY: CC BY NC",
                    "url": "https:\/\/creativecommons.org\/licenses\/by-nc\/2.0\/fr\/",
                    "source": "infoclimat.fr"
                },
                "country": "FR",
                "departement": "15",
                "last_activity": "2026-06-25T13:30:00Z"
            }
        },
        {
            "type": "Feature",
            "geometry": {
                "type": "Point",
                "coordinates": [
                    3.062661,
                    43.72245
                ]
            },
            "properties": {
                "id": "STATIC0188",
                "name": "Av\u00e8ne (Servi\u00e8s)",
                "elevation": 545,
                "license": {
                    "code": 2,
                    "license": "NON-COMMERCIAL ONLY: CC BY NC",
                    "url": "https:\/\/creativecommons.org\/licenses\/by-nc\/2.0\/fr\/",
                    "source": "infoclimat.fr"
                },
                "country": "FR",
                "departement": "34",
                "last_activity": "2026-06-25T13:30:00Z"
            }
        },
        {
            "type": "Feature",
            "geometry": {
                "type": "Point",
                "coordinates": [
                    4.55218,
                    44.0805
                ]
            },
            "properties": {
                "id": "STATIC0451",
                "name": "Saint-Pons-la-Calm - La Gardie",
                "elevation": 280,
                "license": {
                    "code": 1,
                    "license": "CC BY",
                    "url": "https:\/\/creativecommons.org\/licenses\/by\/2.0\/fr\/",
                    "source": "infoclimat.fr"
                },
                "country": "FR",
                "departement": "30",
                "last_activity": "2026-06-25T13:30:00Z"
            }
        },
        {
            "type": "Feature",
            "geometry": {
                "type": "Point",
                "coordinates": [
                    3.21281,
                    43.79989
                ]
            },
            "properties": {
                "id": "STATIC0189",
                "name": "Roqueredonde - Mas de Grezes",
                "elevation": 670,
                "license": {
                    "code": 2,
                    "license": "NON-COMMERCIAL ONLY: CC BY NC",
                    "url": "https:\/\/creativecommons.org\/licenses\/by-nc\/2.0\/fr\/",
                    "source": "infoclimat.fr"
                },
                "country": "FR",
                "departement": "34",
                "last_activity": "2026-06-25T13:30:00Z"
            }
        },
        {
            "type": "Feature",
            "geometry": {
                "type": "Point",
                "coordinates": [
                    -1.39868,
                    47.1387
                ]
            },
            "properties": {
                "id": "STATIC0190",
                "name": "Saint-Fiacre-sur-Maine",
                "elevation": 39,
                "license": {
                    "code": 1,
                    "license": "CC BY",
                    "url": "https:\/\/creativecommons.org\/licenses\/by\/2.0\/fr\/",
                    "source": "infoclimat.fr"
                },
                "country": "FR",
                "departement": "44",
                "last_activity": "2026-06-25T13:30:00Z"
            }
        },
        {
            "type": "Feature",
            "geometry": {
                "type": "Point",
                "coordinates": [
                    -2.129722,
                    47.557583
                ]
            },
            "properties": {
                "id": "STATIC0191",
                "name": "Saint-Dolay - Cran",
                "elevation": 8,
                "license": {
                    "code": 1,
                    "license": "CC BY",
                    "url": "https:\/\/creativecommons.org\/licenses\/by\/2.0\/fr\/",
                    "source": "infoclimat.fr"
                },
                "country": "FR",
                "departement": "56",
                "last_activity": "2026-06-25T13:30:00Z"
            }
        },
        {
            "type": "Feature",
            "geometry": {
                "type": "Point",
                "coordinates": [
                    5.85165,
                    46.4358
                ]
            },
            "properties": {
                "id": "STATIC0192",
                "name": "Saint-Claude",
                "elevation": 840,
                "license": {
                    "code": 2,
                    "license": "NON-COMMERCIAL ONLY: CC BY NC",
                    "url": "https:\/\/creativecommons.org\/licenses\/by-nc\/2.0\/fr\/",
                    "source": "infoclimat.fr"
                },
                "country": "FR",
                "departement": "39",
                "last_activity": "2024-08-31T15:50:00Z"
            }
        },
        {
            "type": "Feature",
            "geometry": {
                "type": "Point",
                "coordinates": [
                    2.54461,
                    49.35479
                ]
            },
            "properties": {
                "id": "STATIC0193",
                "name": "Sacy-le-Grand",
                "elevation": 45,
                "license": {
                    "code": 1,
                    "license": "CC BY",
                    "url": "https:\/\/creativecommons.org\/licenses\/by\/2.0\/fr\/",
                    "source": "infoclimat.fr"
                },
                "country": "FR",
                "departement": "60",
                "last_activity": "2026-06-25T13:30:00Z"
            }
        },
        {
            "type": "Feature",
            "geometry": {
                "type": "Point",
                "coordinates": [
                    9.50307,
                    42.09466
                ]
            },
            "properties": {
                "id": "STATIC0194",
                "name": "Casabianda",
                "elevation": 36,
                "license": {
                    "code": 2,
                    "license": "NON-COMMERCIAL ONLY: CC BY NC",
                    "url": "https:\/\/creativecommons.org\/licenses\/by-nc\/2.0\/fr\/",
                    "source": "infoclimat.fr"
                },
                "country": "FR",
                "departement": "2B",
                "last_activity": "2026-06-25T13:10:00Z"
            }
        },
        {
            "type": "Feature",
            "geometry": {
                "type": "Point",
                "coordinates": [
                    0.128687,
                    44.5376
                ]
            },
            "properties": {
                "id": "STATIC0196",
                "name": "Sainte-Bazeille",
                "elevation": 80,
                "license": {
                    "code": 1,
                    "license": "CC BY",
                    "url": "https:\/\/creativecommons.org\/licenses\/by\/2.0\/fr\/",
                    "source": "infoclimat.fr"
                },
                "country": "FR",
                "departement": "47",
                "last_activity": "2026-06-25T13:30:00Z"
            }
        },
        {
            "type": "Feature",
            "geometry": {
                "type": "Point",
                "coordinates": [
                    6.15767,
                    44.5554
                ]
            },
            "properties": {
                "id": "STATIC0198",
                "name": "La B\u00e2tie-Vieille",
                "elevation": 1002,
                "license": {
                    "code": 2,
                    "license": "NON-COMMERCIAL ONLY: CC BY NC",
                    "url": "https:\/\/creativecommons.org\/licenses\/by-nc\/2.0\/fr\/",
                    "source": "infoclimat.fr"
                },
                "country": "FR",
                "departement": "05",
                "last_activity": "2026-06-25T13:30:00Z"
            }
        },
        {
            "type": "Feature",
            "geometry": {
                "type": "Point",
                "coordinates": [
                    5.84484,
                    46.5125
                ]
            },
            "properties": {
                "id": "STATIC0200",
                "name": "Nanchez (Pr\u00e9novel)",
                "elevation": 905,
                "license": {
                    "code": 1,
                    "license": "CC BY",
                    "url": "https:\/\/creativecommons.org\/licenses\/by\/2.0\/fr\/",
                    "source": "infoclimat.fr"
                },
                "country": "FR",
                "departement": "39",
                "last_activity": "2026-06-25T13:30:00Z"
            }
        },
        {
            "type": "Feature",
            "geometry": {
                "type": "Point",
                "coordinates": [
                    5.01,
                    50.4166667
                ]
            },
            "properties": {
                "id": "STATIC0201",
                "name": "Faulx-Les Tombes",
                "elevation": 159,
                "license": {
                    "code": 1,
                    "license": "CC BY",
                    "url": "https:\/\/creativecommons.org\/licenses\/by\/2.0\/fr\/",
                    "source": "infoclimat.fr"
                },
                "country": "BE",
                "departement": "BE",
                "last_activity": "2024-03-03T10:00:00Z"
            }
        },
        {
            "type": "Feature",
            "geometry": {
                "type": "Point",
                "coordinates": [
                    5.27464,
                    44.5776
                ]
            },
            "properties": {
                "id": "STATIC0202",
                "name": "Saint-Nazaire-le-D\u00e9sert",
                "elevation": 580,
                "license": {
                    "code": 2,
                    "license": "NON-COMMERCIAL ONLY: CC BY NC",
                    "url": "https:\/\/creativecommons.org\/licenses\/by-nc\/2.0\/fr\/",
                    "source": "infoclimat.fr"
                },
                "country": "FR",
                "departement": "26",
                "last_activity": "2026-06-25T13:30:00Z"
            }
        },
        {
            "type": "Feature",
            "geometry": {
                "type": "Point",
                "coordinates": [
                    5.34916,
                    44.8093
                ]
            },
            "properties": {
                "id": "STATIC0203",
                "name": "Marignac-en-Diois",
                "elevation": 600,
                "license": {
                    "code": 2,
                    "license": "NON-COMMERCIAL ONLY: CC BY NC",
                    "url": "https:\/\/creativecommons.org\/licenses\/by-nc\/2.0\/fr\/",
                    "source": "infoclimat.fr"
                },
                "country": "FR",
                "departement": "26",
                "last_activity": "2026-06-25T13:30:00Z"
            }
        },
        {
            "type": "Feature",
            "geometry": {
                "type": "Point",
                "coordinates": [
                    5.04366,
                    46.54996
                ]
            },
            "properties": {
                "id": "STATIC0204",
                "name": "La Gen\u00eate",
                "elevation": 193,
                "license": {
                    "code": 1,
                    "license": "CC BY",
                    "url": "https:\/\/creativecommons.org\/licenses\/by\/2.0\/fr\/",
                    "source": "infoclimat.fr"
                },
                "country": "FR",
                "departement": "71",
                "last_activity": "2026-06-25T13:30:00Z"
            }
        },
        {
            "type": "Feature",
            "geometry": {
                "type": "Point",
                "coordinates": [
                    4.65422,
                    47.2544
                ]
            },
            "properties": {
                "id": "STATIC0206",
                "name": "Commarin",
                "elevation": 380,
                "license": {
                    "code": 1,
                    "license": "CC BY",
                    "url": "https:\/\/creativecommons.org\/licenses\/by\/2.0\/fr\/",
                    "source": "infoclimat.fr"
                },
                "country": "FR",
                "departement": "21",
                "last_activity": "2026-06-25T13:30:00Z"
            }
        },
        {
            "type": "Feature",
            "geometry": {
                "type": "Point",
                "coordinates": [
                    4.29407,
                    44.8785
                ]
            },
            "properties": {
                "id": "STATIC0207",
                "name": "Saint-Martial - Condas",
                "elevation": 697,
                "license": {
                    "code": 1,
                    "license": "CC BY",
                    "url": "https:\/\/creativecommons.org\/licenses\/by\/2.0\/fr\/",
                    "source": "infoclimat.fr"
                },
                "country": "FR",
                "departement": "07",
                "last_activity": "2026-06-25T13:30:00Z"
            }
        },
        {
            "type": "Feature",
            "geometry": {
                "type": "Point",
                "coordinates": [
                    1.11357,
                    45.5844
                ]
            },
            "properties": {
                "id": "STATIC0208",
                "name": "Ladignac-le-Long",
                "elevation": 386,
                "license": {
                    "code": 1,
                    "license": "CC BY",
                    "url": "https:\/\/creativecommons.org\/licenses\/by\/2.0\/fr\/",
                    "source": "infoclimat.fr"
                },
                "country": "FR",
                "departement": "87",
                "last_activity": "2026-06-25T13:30:00Z"
            }
        },
        {
            "type": "Feature",
            "geometry": {
                "type": "Point",
                "coordinates": [
                    4.15354,
                    44.91862
                ]
            },
            "properties": {
                "id": "STATIC0209",
                "name": "Les Estables - Mont d'Alambre",
                "elevation": 1691,
                "license": {
                    "code": 1,
                    "license": "CC BY",
                    "url": "https:\/\/creativecommons.org\/licenses\/by\/2.0\/fr\/",
                    "source": "infoclimat.fr"
                },
                "country": "FR",
                "departement": "43",
                "last_activity": "2026-06-25T13:30:00Z"
            }
        },
        {
            "type": "Feature",
            "geometry": {
                "type": "Point",
                "coordinates": [
                    6.38022,
                    45.678
                ]
            },
            "properties": {
                "id": "STATIC0211",
                "name": "Albertville",
                "elevation": 346,
                "license": {
                    "code": 1,
                    "license": "CC BY",
                    "url": "https:\/\/creativecommons.org\/licenses\/by\/2.0\/fr\/",
                    "source": "infoclimat.fr"
                },
                "country": "FR",
                "departement": "73",
                "last_activity": "2026-06-25T13:30:00Z"
            }
        },
        {
            "type": "Feature",
            "geometry": {
                "type": "Point",
                "coordinates": [
                    -0.156032,
                    48.4571
                ]
            },
            "properties": {
                "id": "STATIC0212",
                "name": "Pr\u00e9-en-Pail - Le Souprat -PNRNM",
                "elevation": 393,
                "license": {
                    "code": 2,
                    "license": "NON-COMMERCIAL ONLY: CC BY NC",
                    "url": "https:\/\/creativecommons.org\/licenses\/by-nc\/2.0\/fr\/",
                    "source": "infoclimat.fr"
                },
                "country": "FR",
                "departement": "53",
                "last_activity": "2026-06-25T13:30:00Z"
            }
        },
        {
            "type": "Feature",
            "geometry": {
                "type": "Point",
                "coordinates": [
                    5.47711,
                    44.9676
                ]
            },
            "properties": {
                "id": "STATIC0213",
                "name": "La-Chapelle-en-Vercors - Combe de Darbounouse",
                "elevation": 1282,
                "license": {
                    "code": 2,
                    "license": "NON-COMMERCIAL ONLY: CC BY NC",
                    "url": "https:\/\/creativecommons.org\/licenses\/by-nc\/2.0\/fr\/",
                    "source": "infoclimat.fr"
                },
                "country": "FR",
                "departement": "26",
                "last_activity": "2026-06-25T13:30:00Z"
            }
        },
        {
            "type": "Feature",
            "geometry": {
                "type": "Point",
                "coordinates": [
                    2.06372,
                    48.1799
                ]
            },
            "properties": {
                "id": "STATIC0214",
                "name": "Bazoches-les-Gallerandes",
                "elevation": 129,
                "license": {
                    "code": 1,
                    "license": "CC BY",
                    "url": "https:\/\/creativecommons.org\/licenses\/by\/2.0\/fr\/",
                    "source": "infoclimat.fr"
                },
                "country": "FR",
                "departement": "45",
                "last_activity": "2026-06-25T13:30:00Z"
            }
        },
        {
            "type": "Feature",
            "geometry": {
                "type": "Point",
                "coordinates": [
                    7.61787,
                    49.05394
                ]
            },
            "properties": {
                "id": "STATIC0215",
                "name": "Sturzelbronn",
                "elevation": 252,
                "license": {
                    "code": 2,
                    "license": "NON-COMMERCIAL ONLY: CC BY NC",
                    "url": "https:\/\/creativecommons.org\/licenses\/by-nc\/2.0\/fr\/",
                    "source": "infoclimat.fr"
                },
                "country": "FR",
                "departement": "57",
                "last_activity": "2025-01-31T17:00:00Z"
            }
        },
        {
            "type": "Feature",
            "geometry": {
                "type": "Point",
                "coordinates": [
                    5.86185,
                    45.2932
                ]
            },
            "properties": {
                "id": "STATIC0216",
                "name": "Saint-Pancrasse",
                "elevation": 1000,
                "license": {
                    "code": 2,
                    "license": "NON-COMMERCIAL ONLY: CC BY NC",
                    "url": "https:\/\/creativecommons.org\/licenses\/by-nc\/2.0\/fr\/",
                    "source": "infoclimat.fr"
                },
                "country": "FR",
                "departement": "38",
                "last_activity": "2026-06-25T13:30:00Z"
            }
        },
        {
            "type": "Feature",
            "geometry": {
                "type": "Point",
                "coordinates": [
                    1.39128,
                    45.27123
                ]
            },
            "properties": {
                "id": "STATIC0217",
                "name": "Saint-Cyr-la-Roche",
                "elevation": 160,
                "license": {
                    "code": 1,
                    "license": "CC BY",
                    "url": "https:\/\/creativecommons.org\/licenses\/by\/2.0\/fr\/",
                    "source": "infoclimat.fr"
                },
                "country": "FR",
                "departement": "19",
                "last_activity": "2026-06-25T13:30:00Z"
            }
        },
        {
            "type": "Feature",
            "geometry": {
                "type": "Point",
                "coordinates": [
                    -1.2667,
                    48.03746
                ]
            },
            "properties": {
                "id": "STATIC0218",
                "name": "Verg\u00e9al",
                "elevation": 84,
                "license": {
                    "code": 2,
                    "license": "NON-COMMERCIAL ONLY: CC BY NC",
                    "url": "https:\/\/creativecommons.org\/licenses\/by-nc\/2.0\/fr\/",
                    "source": "infoclimat.fr"
                },
                "country": "FR",
                "departement": "35",
                "last_activity": "2026-06-25T13:30:00Z"
            }
        },
        {
            "type": "Feature",
            "geometry": {
                "type": "Point",
                "coordinates": [
                    -0.0664058,
                    48.5787
                ]
            },
            "properties": {
                "id": "STATIC0219",
                "name": "La Lande-de-Goult - Bois-de-Goult-PNRNM",
                "elevation": 364,
                "license": {
                    "code": 2,
                    "license": "NON-COMMERCIAL ONLY: CC BY NC",
                    "url": "https:\/\/creativecommons.org\/licenses\/by-nc\/2.0\/fr\/",
                    "source": "infoclimat.fr"
                },
                "country": "FR",
                "departement": "61",
                "last_activity": "2026-06-25T13:20:00Z"
            }
        },
        {
            "type": "Feature",
            "geometry": {
                "type": "Point",
                "coordinates": [
                    6.10708,
                    46.9522
                ]
            },
            "properties": {
                "id": "STATIC0220",
                "name": "Levier",
                "elevation": 720,
                "license": {
                    "code": 1,
                    "license": "CC BY",
                    "url": "https:\/\/creativecommons.org\/licenses\/by\/2.0\/fr\/",
                    "source": "infoclimat.fr"
                },
                "country": "FR",
                "departement": "25",
                "last_activity": "2026-06-25T13:30:00Z"
            }
        },
        {
            "type": "Feature",
            "geometry": {
                "type": "Point",
                "coordinates": [
                    4.18631,
                    44.7963
                ]
            },
            "properties": {
                "id": "STATIC0222",
                "name": "Sagnes-et-Goudoulet",
                "elevation": 1172,
                "license": {
                    "code": 2,
                    "license": "NON-COMMERCIAL ONLY: CC BY NC",
                    "url": "https:\/\/creativecommons.org\/licenses\/by-nc\/2.0\/fr\/",
                    "source": "infoclimat.fr"
                },
                "country": "FR",
                "departement": "07",
                "last_activity": "2024-10-17T03:20:00Z"
            }
        },
        {
            "type": "Feature",
            "geometry": {
                "type": "Point",
                "coordinates": [
                    0.0372291,
                    45.8164
                ]
            },
            "properties": {
                "id": "STATIC0223",
                "name": "Genac - Pontour",
                "elevation": 55,
                "license": {
                    "code": 2,
                    "license": "NON-COMMERCIAL ONLY: CC BY NC",
                    "url": "https:\/\/creativecommons.org\/licenses\/by-nc\/2.0\/fr\/",
                    "source": "infoclimat.fr"
                },
                "country": "FR",
                "departement": "16",
                "last_activity": "2026-06-25T13:30:00Z"
            }
        },
        {
            "type": "Feature",
            "geometry": {
                "type": "Point",
                "coordinates": [
                    4.24665,
                    45.04886
                ]
            },
            "properties": {
                "id": "STATIC0225",
                "name": "Mazet-Saint-Voy",
                "elevation": 1020,
                "license": {
                    "code": 1,
                    "license": "CC BY",
                    "url": "https:\/\/creativecommons.org\/licenses\/by\/2.0\/fr\/",
                    "source": "infoclimat.fr"
                },
                "country": "FR",
                "departement": "43",
                "last_activity": "2026-06-25T13:30:00Z"
            }
        },
        {
            "type": "Feature",
            "geometry": {
                "type": "Point",
                "coordinates": [
                    1.93952,
                    46.54114
                ]
            },
            "properties": {
                "id": "STATIC0226",
                "name": "Chassignolles",
                "elevation": 285,
                "license": {
                    "code": 2,
                    "license": "NON-COMMERCIAL ONLY: CC BY NC",
                    "url": "https:\/\/creativecommons.org\/licenses\/by-nc\/2.0\/fr\/",
                    "source": "infoclimat.fr"
                },
                "country": "FR",
                "departement": "36",
                "last_activity": "2026-06-25T13:30:00Z"
            }
        },
        {
            "type": "Feature",
            "geometry": {
                "type": "Point",
                "coordinates": [
                    6.3119,
                    46.5089
                ]
            },
            "properties": {
                "id": "STATIC0227",
                "name": "Gimel",
                "elevation": 720,
                "license": {
                    "code": 2,
                    "license": "NON-COMMERCIAL ONLY: CC BY NC",
                    "url": "https:\/\/creativecommons.org\/licenses\/by-nc\/2.0\/fr\/",
                    "source": "infoclimat.fr"
                },
                "country": "CH",
                "departement": "CH",
                "last_activity": "2026-06-25T13:20:00Z"
            }
        },
        {
            "type": "Feature",
            "geometry": {
                "type": "Point",
                "coordinates": [
                    6.06878,
                    45.9276
                ]
            },
            "properties": {
                "id": "STATIC0228",
                "name": "Poisy",
                "elevation": 540,
                "license": {
                    "code": 2,
                    "license": "NON-COMMERCIAL ONLY: CC BY NC",
                    "url": "https:\/\/creativecommons.org\/licenses\/by-nc\/2.0\/fr\/",
                    "source": "infoclimat.fr"
                },
                "country": "FR",
                "departement": "74",
                "last_activity": "2026-06-25T13:30:00Z"
            }
        },
        {
            "type": "Feature",
            "geometry": {
                "type": "Point",
                "coordinates": [
                    -151.041,
                    -16.7328
                ]
            },
            "properties": {
                "id": "STATIC0231",
                "name": "Huahine",
                "elevation": 25,
                "license": {
                    "code": 2,
                    "license": "NON-COMMERCIAL ONLY: CC BY NC",
                    "url": "https:\/\/creativecommons.org\/licenses\/by-nc\/2.0\/fr\/",
                    "source": "infoclimat.fr"
                },
                "country": "FR",
                "departement": "987",
                "last_activity": "2026-06-25T13:30:00Z"
            }
        },
        {
            "type": "Feature",
            "geometry": {
                "type": "Point",
                "coordinates": [
                    3.42525,
                    43.79421
                ]
            },
            "properties": {
                "id": "STATIC0233",
                "name": "Saint-Pierre-de-la-Fage",
                "elevation": 622,
                "license": {
                    "code": 2,
                    "license": "NON-COMMERCIAL ONLY: CC BY NC",
                    "url": "https:\/\/creativecommons.org\/licenses\/by-nc\/2.0\/fr\/",
                    "source": "infoclimat.fr"
                },
                "country": "FR",
                "departement": "34",
                "last_activity": "2026-06-25T13:30:00Z"
            }
        },
        {
            "type": "Feature",
            "geometry": {
                "type": "Point",
                "coordinates": [
                    4.14774,
                    47.89818
                ]
            },
            "properties": {
                "id": "STATIC0234",
                "name": "Rugny",
                "elevation": 296,
                "license": {
                    "code": 1,
                    "license": "CC BY",
                    "url": "https:\/\/creativecommons.org\/licenses\/by\/2.0\/fr\/",
                    "source": "infoclimat.fr"
                },
                "country": "FR",
                "departement": "89",
                "last_activity": "2026-06-25T13:30:00Z"
            }
        },
        {
            "type": "Feature",
            "geometry": {
                "type": "Point",
                "coordinates": [
                    0.636649,
                    49.4079
                ]
            },
            "properties": {
                "id": "STATIC0235",
                "name": "Sainte-Croix-sur-Aizier",
                "elevation": 123,
                "license": {
                    "code": 2,
                    "license": "NON-COMMERCIAL ONLY: CC BY NC",
                    "url": "https:\/\/creativecommons.org\/licenses\/by-nc\/2.0\/fr\/",
                    "source": "infoclimat.fr"
                },
                "country": "FR",
                "departement": "27",
                "last_activity": "2026-06-25T13:30:00Z"
            }
        },
        {
            "type": "Feature",
            "geometry": {
                "type": "Point",
                "coordinates": [
                    -2.972676,
                    47.656586
                ]
            },
            "properties": {
                "id": "ME154",
                "name": "[MAE] - Lyc\u00e9e et Centre de formation Kerplouz La Salle - Auray",
                "elevation": 10,
                "license": {
                    "code": 1,
                    "license": "CC BY",
                    "url": "https:\/\/creativecommons.org\/licenses\/by\/2.0\/fr\/",
                    "source": "infoclimat.fr"
                },
                "country": "FR",
                "departement": "56",
                "last_activity": "2025-06-30T15:00:00Z"
            }
        },
        {
            "type": "Feature",
            "geometry": {
                "type": "Point",
                "coordinates": [
                    6.32731,
                    45.8511
                ]
            },
            "properties": {
                "id": "STATIC0237",
                "name": "Les Clefs",
                "elevation": 752,
                "license": {
                    "code": 2,
                    "license": "NON-COMMERCIAL ONLY: CC BY NC",
                    "url": "https:\/\/creativecommons.org\/licenses\/by-nc\/2.0\/fr\/",
                    "source": "infoclimat.fr"
                },
                "country": "FR",
                "departement": "74",
                "last_activity": "2026-06-25T13:10:00Z"
            }
        },
        {
            "type": "Feature",
            "geometry": {
                "type": "Point",
                "coordinates": [
                    5.24765,
                    45.0215
                ]
            },
            "properties": {
                "id": "STATIC0238",
                "name": "Rochechinard",
                "elevation": 683,
                "license": {
                    "code": 2,
                    "license": "NON-COMMERCIAL ONLY: CC BY NC",
                    "url": "https:\/\/creativecommons.org\/licenses\/by-nc\/2.0\/fr\/",
                    "source": "infoclimat.fr"
                },
                "country": "FR",
                "departement": "26",
                "last_activity": "2026-06-25T13:20:00Z"
            }
        },
        {
            "type": "Feature",
            "geometry": {
                "type": "Point",
                "coordinates": [
                    -2.59127,
                    47.764
                ]
            },
            "properties": {
                "id": "STATIC0239",
                "name": "Elven",
                "elevation": 88,
                "license": {
                    "code": 2,
                    "license": "NON-COMMERCIAL ONLY: CC BY NC",
                    "url": "https:\/\/creativecommons.org\/licenses\/by-nc\/2.0\/fr\/",
                    "source": "infoclimat.fr"
                },
                "country": "FR",
                "departement": "56",
                "last_activity": "2026-06-25T13:30:00Z"
            }
        },
        {
            "type": "Feature",
            "geometry": {
                "type": "Point",
                "coordinates": [
                    4.83959,
                    49.3404
                ]
            },
            "properties": {
                "id": "STATIC0240",
                "name": "Grandpr\u00e9",
                "elevation": 129,
                "license": {
                    "code": 2,
                    "license": "NON-COMMERCIAL ONLY: CC BY NC",
                    "url": "https:\/\/creativecommons.org\/licenses\/by-nc\/2.0\/fr\/",
                    "source": "infoclimat.fr"
                },
                "country": "FR",
                "departement": "08",
                "last_activity": "2026-06-25T13:30:00Z"
            }
        },
        {
            "type": "Feature",
            "geometry": {
                "type": "Point",
                "coordinates": [
                    -4.85403,
                    48.0349
                ]
            },
            "properties": {
                "id": "STATIC0241",
                "name": "\u00cele-de-Sein",
                "elevation": 2,
                "license": {
                    "code": 1,
                    "license": "CC BY",
                    "url": "https:\/\/creativecommons.org\/licenses\/by\/2.0\/fr\/",
                    "source": "infoclimat.fr"
                },
                "country": "FR",
                "departement": "29",
                "last_activity": "2026-06-25T13:30:00Z"
            }
        },
        {
            "type": "Feature",
            "geometry": {
                "type": "Point",
                "coordinates": [
                    1.3601,
                    44.46957
                ]
            },
            "properties": {
                "id": "STATIC0242",
                "name": "Douelle",
                "elevation": 113,
                "license": {
                    "code": 1,
                    "license": "CC BY",
                    "url": "https:\/\/creativecommons.org\/licenses\/by\/2.0\/fr\/",
                    "source": "infoclimat.fr"
                },
                "country": "FR",
                "departement": "46",
                "last_activity": "2026-06-25T13:30:00Z"
            }
        },
        {
            "type": "Feature",
            "geometry": {
                "type": "Point",
                "coordinates": [
                    -1.1764,
                    48.9186
                ]
            },
            "properties": {
                "id": "STATIC0243",
                "name": "Percy",
                "elevation": 116,
                "license": {
                    "code": 2,
                    "license": "NON-COMMERCIAL ONLY: CC BY NC",
                    "url": "https:\/\/creativecommons.org\/licenses\/by-nc\/2.0\/fr\/",
                    "source": "infoclimat.fr"
                },
                "country": "FR",
                "departement": "50",
                "last_activity": "2026-06-25T13:30:00Z"
            }
        },
        {
            "type": "Feature",
            "geometry": {
                "type": "Point",
                "coordinates": [
                    3.80916,
                    44.25774
                ]
            },
            "properties": {
                "id": "STATIC0244",
                "name": "Saint-Andr\u00e9-de-Lancize",
                "elevation": 662,
                "license": {
                    "code": 2,
                    "license": "NON-COMMERCIAL ONLY: CC BY NC",
                    "url": "https:\/\/creativecommons.org\/licenses\/by-nc\/2.0\/fr\/",
                    "source": "infoclimat.fr"
                },
                "country": "FR",
                "departement": "48",
                "last_activity": "2026-03-30T13:00:00Z"
            }
        },
        {
            "type": "Feature",
            "geometry": {
                "type": "Point",
                "coordinates": [
                    -0.873668,
                    44.0085
                ]
            },
            "properties": {
                "id": "STATIC0245",
                "name": "Arjuzanx",
                "elevation": 73,
                "license": {
                    "code": 1,
                    "license": "CC BY",
                    "url": "https:\/\/creativecommons.org\/licenses\/by\/2.0\/fr\/",
                    "source": "infoclimat.fr"
                },
                "country": "FR",
                "departement": "40",
                "last_activity": "2026-06-25T13:30:00Z"
            }
        },
        {
            "type": "Feature",
            "geometry": {
                "type": "Point",
                "coordinates": [
                    4.91488,
                    48.0382
                ]
            },
            "properties": {
                "id": "STATIC0246",
                "name": "Ch\u00e2teauvillain",
                "elevation": 236,
                "license": {
                    "code": 2,
                    "license": "NON-COMMERCIAL ONLY: CC BY NC",
                    "url": "https:\/\/creativecommons.org\/licenses\/by-nc\/2.0\/fr\/",
                    "source": "infoclimat.fr"
                },
                "country": "FR",
                "departement": "52",
                "last_activity": "2026-06-25T13:30:00Z"
            }
        },
        {
            "type": "Feature",
            "geometry": {
                "type": "Point",
                "coordinates": [
                    5.78293,
                    45.4295
                ]
            },
            "properties": {
                "id": "STATIC0247",
                "name": "Saint-Christophe-sur-Guiers",
                "elevation": 533,
                "license": {
                    "code": 1,
                    "license": "CC BY",
                    "url": "https:\/\/creativecommons.org\/licenses\/by\/2.0\/fr\/",
                    "source": "infoclimat.fr"
                },
                "country": "FR",
                "departement": "38",
                "last_activity": "2026-06-25T13:20:00Z"
            }
        },
        {
            "type": "Feature",
            "geometry": {
                "type": "Point",
                "coordinates": [
                    -2.81351,
                    48.4637
                ]
            },
            "properties": {
                "id": "STATIC0248",
                "name": "Ploufragan",
                "elevation": 128,
                "license": {
                    "code": 1,
                    "license": "CC BY",
                    "url": "https:\/\/creativecommons.org\/licenses\/by\/2.0\/fr\/",
                    "source": "infoclimat.fr"
                },
                "country": "FR",
                "departement": "22",
                "last_activity": "2026-06-25T13:30:00Z"
            }
        },
        {
            "type": "Feature",
            "geometry": {
                "type": "Point",
                "coordinates": [
                    -2.55146,
                    48.3207
                ]
            },
            "properties": {
                "id": "STATIC0250",
                "name": "Tr\u00e9bry",
                "elevation": 241,
                "license": {
                    "code": 1,
                    "license": "CC BY",
                    "url": "https:\/\/creativecommons.org\/licenses\/by\/2.0\/fr\/",
                    "source": "infoclimat.fr"
                },
                "country": "FR",
                "departement": "22",
                "last_activity": "2026-06-25T13:20:00Z"
            }
        },
        {
            "type": "Feature",
            "geometry": {
                "type": "Point",
                "coordinates": [
                    3.01824,
                    44.5842
                ]
            },
            "properties": {
                "id": "STATIC0252",
                "name": "Prades-d'Aubrac",
                "elevation": 1250,
                "license": {
                    "code": 2,
                    "license": "NON-COMMERCIAL ONLY: CC BY NC",
                    "url": "https:\/\/creativecommons.org\/licenses\/by-nc\/2.0\/fr\/",
                    "source": "infoclimat.fr"
                },
                "country": "FR",
                "departement": "12",
                "last_activity": "2026-06-24T13:50:00Z"
            }
        },
        {
            "type": "Feature",
            "geometry": {
                "type": "Point",
                "coordinates": [
                    -0.83776,
                    46.9752
                ]
            },
            "properties": {
                "id": "STATIC0253",
                "name": "Loublande",
                "elevation": 146,
                "license": {
                    "code": 1,
                    "license": "CC BY",
                    "url": "https:\/\/creativecommons.org\/licenses\/by\/2.0\/fr\/",
                    "source": "infoclimat.fr"
                },
                "country": "FR",
                "departement": "79",
                "last_activity": "2026-06-25T13:30:00Z"
            }
        },
        {
            "type": "Feature",
            "geometry": {
                "type": "Point",
                "coordinates": [
                    8.91298,
                    44.5132
                ]
            },
            "properties": {
                "id": "STATIC0254",
                "name": "Mignanego",
                "elevation": 153,
                "license": {
                    "code": 1,
                    "license": "CC BY",
                    "url": "https:\/\/creativecommons.org\/licenses\/by\/2.0\/fr\/",
                    "source": "infoclimat.fr"
                },
                "country": "IT",
                "departement": "IT",
                "last_activity": "2024-09-09T14:10:00Z"
            }
        },
        {
            "type": "Feature",
            "geometry": {
                "type": "Point",
                "coordinates": [
                    5.91354,
                    46.74452
                ]
            },
            "properties": {
                "id": "STATIC0255",
                "name": "Champagnole",
                "elevation": 540,
                "license": {
                    "code": 2,
                    "license": "NON-COMMERCIAL ONLY: CC BY NC",
                    "url": "https:\/\/creativecommons.org\/licenses\/by-nc\/2.0\/fr\/",
                    "source": "infoclimat.fr"
                },
                "country": "FR",
                "departement": "39",
                "last_activity": "2026-06-25T13:30:00Z"
            }
        },
        {
            "type": "Feature",
            "geometry": {
                "type": "Point",
                "coordinates": [
                    -2.78536,
                    48.3544
                ]
            },
            "properties": {
                "id": "STATIC0256",
                "name": "Ploeuc-l'Hermitage",
                "elevation": 190,
                "license": {
                    "code": 1,
                    "license": "CC BY",
                    "url": "https:\/\/creativecommons.org\/licenses\/by\/2.0\/fr\/",
                    "source": "infoclimat.fr"
                },
                "country": "FR",
                "departement": "22",
                "last_activity": "2026-06-25T13:10:00Z"
            }
        },
        {
            "type": "Feature",
            "geometry": {
                "type": "Point",
                "coordinates": [
                    5.49285,
                    44.03002
                ]
            },
            "properties": {
                "id": "STATIC0257",
                "name": "Saint-Christol",
                "elevation": 824,
                "license": {
                    "code": 1,
                    "license": "CC BY",
                    "url": "https:\/\/creativecommons.org\/licenses\/by\/2.0\/fr\/",
                    "source": "infoclimat.fr"
                },
                "country": "FR",
                "departement": "84",
                "last_activity": "2026-06-25T13:30:00Z"
            }
        },
        {
            "type": "Feature",
            "geometry": {
                "type": "Point",
                "coordinates": [
                    6.3388,
                    45.52364
                ]
            },
            "properties": {
                "id": "STATIC0258",
                "name": "Montsapey",
                "elevation": 1029,
                "license": {
                    "code": 2,
                    "license": "NON-COMMERCIAL ONLY: CC BY NC",
                    "url": "https:\/\/creativecommons.org\/licenses\/by-nc\/2.0\/fr\/",
                    "source": "infoclimat.fr"
                },
                "country": "FR",
                "departement": "73",
                "last_activity": "2026-06-25T13:30:00Z"
            }
        },
        {
            "type": "Feature",
            "geometry": {
                "type": "Point",
                "coordinates": [
                    5.06313,
                    44.5233
                ]
            },
            "properties": {
                "id": "STATIC0259",
                "name": "Dieulefit",
                "elevation": 374,
                "license": {
                    "code": 2,
                    "license": "NON-COMMERCIAL ONLY: CC BY NC",
                    "url": "https:\/\/creativecommons.org\/licenses\/by-nc\/2.0\/fr\/",
                    "source": "infoclimat.fr"
                },
                "country": "FR",
                "departement": "26",
                "last_activity": "2026-06-25T13:30:00Z"
            }
        },
        {
            "type": "Feature",
            "geometry": {
                "type": "Point",
                "coordinates": [
                    1.92984,
                    50.60179
                ]
            },
            "properties": {
                "id": "STATIC0260",
                "name": "Bourthes",
                "elevation": 120,
                "license": {
                    "code": 1,
                    "license": "CC BY",
                    "url": "https:\/\/creativecommons.org\/licenses\/by\/2.0\/fr\/",
                    "source": "infoclimat.fr"
                },
                "country": "FR",
                "departement": "62",
                "last_activity": "2026-06-25T13:30:00Z"
            }
        },
        {
            "type": "Feature",
            "geometry": {
                "type": "Point",
                "coordinates": [
                    6.80635,
                    46.6841
                ]
            },
            "properties": {
                "id": "STATIC0261",
                "name": "Bussy-sur-Moudon",
                "elevation": 634,
                "license": {
                    "code": 2,
                    "license": "NON-COMMERCIAL ONLY: CC BY NC",
                    "url": "https:\/\/creativecommons.org\/licenses\/by-nc\/2.0\/fr\/",
                    "source": "infoclimat.fr"
                },
                "country": "CH",
                "departement": "CH",
                "last_activity": "2026-06-25T13:30:00Z"
            }
        },
        {
            "type": "Feature",
            "geometry": {
                "type": "Point",
                "coordinates": [
                    -3.79063,
                    40.65277
                ]
            },
            "properties": {
                "id": "STATIC0262",
                "name": "Colmenar Viejo",
                "elevation": 855,
                "license": {
                    "code": 2,
                    "license": "NON-COMMERCIAL ONLY: CC BY NC",
                    "url": "https:\/\/creativecommons.org\/licenses\/by-nc\/2.0\/fr\/",
                    "source": "infoclimat.fr"
                },
                "country": "ES",
                "departement": "ES",
                "last_activity": "2026-06-25T13:00:00Z"
            }
        },
        {
            "type": "Feature",
            "geometry": {
                "type": "Point",
                "coordinates": [
                    0.831112,
                    45.53787
                ]
            },
            "properties": {
                "id": "STATIC0263",
                "name": "Saint-Saud-Lacoussi\u00e8re - Lage",
                "elevation": 267,
                "license": {
                    "code": 1,
                    "license": "CC BY",
                    "url": "https:\/\/creativecommons.org\/licenses\/by\/2.0\/fr\/",
                    "source": "infoclimat.fr"
                },
                "country": "FR",
                "departement": "24",
                "last_activity": "2026-06-25T13:30:00Z"
            }
        },
        {
            "type": "Feature",
            "geometry": {
                "type": "Point",
                "coordinates": [
                    2.1608,
                    44.67839
                ]
            },
            "properties": {
                "id": "STATIC0264",
                "name": "Bagnac-sur-C\u00e9l\u00e9",
                "elevation": 270,
                "license": {
                    "code": 1,
                    "license": "CC BY",
                    "url": "https:\/\/creativecommons.org\/licenses\/by\/2.0\/fr\/",
                    "source": "infoclimat.fr"
                },
                "country": "FR",
                "departement": "46",
                "last_activity": "2026-06-25T13:30:00Z"
            }
        },
        {
            "type": "Feature",
            "geometry": {
                "type": "Point",
                "coordinates": [
                    -0.41383,
                    48.5572
                ]
            },
            "properties": {
                "id": "STATIC0265",
                "name": "Bagnoles-de-l'Orne-La-Prise-Pontin",
                "elevation": 217,
                "license": {
                    "code": 1,
                    "license": "CC BY",
                    "url": "https:\/\/creativecommons.org\/licenses\/by\/2.0\/fr\/",
                    "source": "infoclimat.fr"
                },
                "country": "FR",
                "departement": "61",
                "last_activity": "2026-06-25T13:30:00Z"
            }
        },
        {
            "type": "Feature",
            "geometry": {
                "type": "Point",
                "coordinates": [
                    -0.56561,
                    48.54667
                ]
            },
            "properties": {
                "id": "STATIC0266",
                "name": "Juvigny-Val-d'Andaine-PNRNM",
                "elevation": 133,
                "license": {
                    "code": 2,
                    "license": "NON-COMMERCIAL ONLY: CC BY NC",
                    "url": "https:\/\/creativecommons.org\/licenses\/by-nc\/2.0\/fr\/",
                    "source": "infoclimat.fr"
                },
                "country": "FR",
                "departement": "61",
                "last_activity": "2026-06-25T13:30:00Z"
            }
        },
        {
            "type": "Feature",
            "geometry": {
                "type": "Point",
                "coordinates": [
                    0.36955,
                    46.81975
                ]
            },
            "properties": {
                "id": "STATIC0267",
                "name": "Saint-Genest-d'Ambi\u00e8re",
                "elevation": 115,
                "license": {
                    "code": 2,
                    "license": "NON-COMMERCIAL ONLY: CC BY NC",
                    "url": "https:\/\/creativecommons.org\/licenses\/by-nc\/2.0\/fr\/",
                    "source": "infoclimat.fr"
                },
                "country": "FR",
                "departement": "86",
                "last_activity": "2026-01-01T15:50:00Z"
            }
        },
        {
            "type": "Feature",
            "geometry": {
                "type": "Point",
                "coordinates": [
                    6.37984,
                    47.05105
                ]
            },
            "properties": {
                "id": "STATIC0268",
                "name": "Arc-sous-Cicon - Village",
                "elevation": 785,
                "license": {
                    "code": 2,
                    "license": "NON-COMMERCIAL ONLY: CC BY NC",
                    "url": "https:\/\/creativecommons.org\/licenses\/by-nc\/2.0\/fr\/",
                    "source": "infoclimat.fr"
                },
                "country": "FR",
                "departement": "25",
                "last_activity": "2026-06-25T12:00:00Z"
            }
        },
        {
            "type": "Feature",
            "geometry": {
                "type": "Point",
                "coordinates": [
                    3.18959,
                    45.8148
                ]
            },
            "properties": {
                "id": "STATIC0273",
                "name": "Malintrat",
                "elevation": 321,
                "license": {
                    "code": 1,
                    "license": "CC BY",
                    "url": "https:\/\/creativecommons.org\/licenses\/by\/2.0\/fr\/",
                    "source": "infoclimat.fr"
                },
                "country": "FR",
                "departement": "63",
                "last_activity": "2026-06-25T13:30:00Z"
            }
        },
        {
            "type": "Feature",
            "geometry": {
                "type": "Point",
                "coordinates": [
                    0.863467,
                    45.9512
                ]
            },
            "properties": {
                "id": "STATIC0274",
                "name": "Brigueuil - Village",
                "elevation": 291,
                "license": {
                    "code": 2,
                    "license": "NON-COMMERCIAL ONLY: CC BY NC",
                    "url": "https:\/\/creativecommons.org\/licenses\/by-nc\/2.0\/fr\/",
                    "source": "infoclimat.fr"
                },
                "country": "FR",
                "departement": "16",
                "last_activity": "2026-06-25T13:30:00Z"
            }
        },
        {
            "type": "Feature",
            "geometry": {
                "type": "Point",
                "coordinates": [
                    2.2783,
                    49.8925
                ]
            },
            "properties": {
                "id": "STATIC0275",
                "name": "Amiens - Saint-Roch",
                "elevation": 30,
                "license": {
                    "code": 1,
                    "license": "CC BY",
                    "url": "https:\/\/creativecommons.org\/licenses\/by\/2.0\/fr\/",
                    "source": "infoclimat.fr"
                },
                "country": "FR",
                "departement": "80",
                "last_activity": "2026-06-25T13:30:00Z"
            }
        },
        {
            "type": "Feature",
            "geometry": {
                "type": "Point",
                "coordinates": [
                    3.25008,
                    45.80078
                ]
            },
            "properties": {
                "id": "STATIC0276",
                "name": "Pont-du-Ch\u00e2teau",
                "elevation": 350,
                "license": {
                    "code": 2,
                    "license": "NON-COMMERCIAL ONLY: CC BY NC",
                    "url": "https:\/\/creativecommons.org\/licenses\/by-nc\/2.0\/fr\/",
                    "source": "infoclimat.fr"
                },
                "country": "FR",
                "departement": "63",
                "last_activity": "2026-06-25T13:30:00Z"
            }
        },
        {
            "type": "Feature",
            "geometry": {
                "type": "Point",
                "coordinates": [
                    6.96179,
                    43.8313
                ]
            },
            "properties": {
                "id": "STATIC0278",
                "name": "Gr\u00e9oli\u00e8res les Neiges",
                "elevation": 1387,
                "license": {
                    "code": 1,
                    "license": "CC BY",
                    "url": "https:\/\/creativecommons.org\/licenses\/by\/2.0\/fr\/",
                    "source": "infoclimat.fr"
                },
                "country": "FR",
                "departement": "06",
                "last_activity": "2024-10-15T06:20:00Z"
            }
        },
        {
            "type": "Feature",
            "geometry": {
                "type": "Point",
                "coordinates": [
                    1.33333,
                    44.85
                ]
            },
            "properties": {
                "id": "STATIC0279",
                "name": "Sainte-Mondane",
                "elevation": 78,
                "license": {
                    "code": 1,
                    "license": "CC BY",
                    "url": "https:\/\/creativecommons.org\/licenses\/by\/2.0\/fr\/",
                    "source": "infoclimat.fr"
                },
                "country": "FR",
                "departement": "24",
                "last_activity": "2026-06-25T13:30:00Z"
            }
        },
        {
            "type": "Feature",
            "geometry": {
                "type": "Point",
                "coordinates": [
                    7.51682,
                    43.782
                ]
            },
            "properties": {
                "id": "STATIC0280",
                "name": "Menton - Garavan",
                "elevation": 4,
                "license": {
                    "code": 2,
                    "license": "NON-COMMERCIAL ONLY: CC BY NC",
                    "url": "https:\/\/creativecommons.org\/licenses\/by-nc\/2.0\/fr\/",
                    "source": "infoclimat.fr"
                },
                "country": "FR",
                "departement": "06",
                "last_activity": "2024-10-15T06:20:00Z"
            }
        },
        {
            "type": "Feature",
            "geometry": {
                "type": "Point",
                "coordinates": [
                    -1.29564,
                    40.5945
                ]
            },
            "properties": {
                "id": "STATIC0281",
                "name": "Torremocha de Jiloca",
                "elevation": 979,
                "license": {
                    "code": 2,
                    "license": "NON-COMMERCIAL ONLY: CC BY NC",
                    "url": "https:\/\/creativecommons.org\/licenses\/by-nc\/2.0\/fr\/",
                    "source": "infoclimat.fr"
                },
                "country": "ES",
                "departement": "ES",
                "last_activity": "2026-06-25T13:00:00Z"
            }
        },
        {
            "type": "Feature",
            "geometry": {
                "type": "Point",
                "coordinates": [
                    5.59209,
                    45.36395
                ]
            },
            "properties": {
                "id": "STATIC0282",
                "name": "Voiron",
                "elevation": 368,
                "license": {
                    "code": 2,
                    "license": "NON-COMMERCIAL ONLY: CC BY NC",
                    "url": "https:\/\/creativecommons.org\/licenses\/by-nc\/2.0\/fr\/",
                    "source": "infoclimat.fr"
                },
                "country": "FR",
                "departement": "38",
                "last_activity": "2026-05-27T14:30:00Z"
            }
        },
        {
            "type": "Feature",
            "geometry": {
                "type": "Point",
                "coordinates": [
                    1.32074,
                    47.6006
                ]
            },
            "properties": {
                "id": "STATIC0319",
                "name": "Blois Nord",
                "elevation": 108,
                "license": {
                    "code": 2,
                    "license": "NON-COMMERCIAL ONLY: CC BY NC",
                    "url": "https:\/\/creativecommons.org\/licenses\/by-nc\/2.0\/fr\/",
                    "source": "infoclimat.fr"
                },
                "country": "FR",
                "departement": "41",
                "last_activity": "2026-06-25T13:30:00Z"
            }
        },
        {
            "type": "Feature",
            "geometry": {
                "type": "Point",
                "coordinates": [
                    6.24205,
                    46.1433
                ]
            },
            "properties": {
                "id": "STATIC0283",
                "name": "Esery",
                "elevation": 450,
                "license": {
                    "code": 2,
                    "license": "NON-COMMERCIAL ONLY: CC BY NC",
                    "url": "https:\/\/creativecommons.org\/licenses\/by-nc\/2.0\/fr\/",
                    "source": "infoclimat.fr"
                },
                "country": "FR",
                "departement": "74",
                "last_activity": "2026-06-25T12:30:00Z"
            }
        },
        {
            "type": "Feature",
            "geometry": {
                "type": "Point",
                "coordinates": [
                    -1.39349,
                    43.8462
                ]
            },
            "properties": {
                "id": "STATIC0284",
                "name": "Moliets-et-Maa",
                "elevation": 20,
                "license": {
                    "code": 1,
                    "license": "CC BY",
                    "url": "https:\/\/creativecommons.org\/licenses\/by\/2.0\/fr\/",
                    "source": "infoclimat.fr"
                },
                "country": "FR",
                "departement": "40",
                "last_activity": "2026-06-25T13:30:00Z"
            }
        },
        {
            "type": "Feature",
            "geometry": {
                "type": "Point",
                "coordinates": [
                    3.02197,
                    43.7015
                ]
            },
            "properties": {
                "id": "STATIC0285",
                "name": "M\u00e9lagues - Marcou",
                "elevation": 880,
                "license": {
                    "code": 2,
                    "license": "NON-COMMERCIAL ONLY: CC BY NC",
                    "url": "https:\/\/creativecommons.org\/licenses\/by-nc\/2.0\/fr\/",
                    "source": "infoclimat.fr"
                },
                "country": "FR",
                "departement": "12",
                "last_activity": "2026-06-25T13:30:00Z"
            }
        },
        {
            "type": "Feature",
            "geometry": {
                "type": "Point",
                "coordinates": [
                    -6.47053,
                    40.8795
                ]
            },
            "properties": {
                "id": "STATIC0286",
                "name": "Villavieja de Yeltes",
                "elevation": 732,
                "license": {
                    "code": 2,
                    "license": "NON-COMMERCIAL ONLY: CC BY NC",
                    "url": "https:\/\/creativecommons.org\/licenses\/by-nc\/2.0\/fr\/",
                    "source": "infoclimat.fr"
                },
                "country": "ES",
                "departement": "es",
                "last_activity": "2026-06-25T13:20:00Z"
            }
        },
        {
            "type": "Feature",
            "geometry": {
                "type": "Point",
                "coordinates": [
                    6.16883,
                    46.1556
                ]
            },
            "properties": {
                "id": "STATIC0287",
                "name": "Bossey",
                "elevation": 490,
                "license": {
                    "code": 2,
                    "license": "NON-COMMERCIAL ONLY: CC BY NC",
                    "url": "https:\/\/creativecommons.org\/licenses\/by-nc\/2.0\/fr\/",
                    "source": "infoclimat.fr"
                },
                "country": "FR",
                "departement": "74",
                "last_activity": "2026-06-25T13:20:00Z"
            }
        },
        {
            "type": "Feature",
            "geometry": {
                "type": "Point",
                "coordinates": [
                    6.53629,
                    45.67247
                ]
            },
            "properties": {
                "id": "STATIC0288",
                "name": "Ar\u00eaches-Le Planay",
                "elevation": 1231,
                "license": {
                    "code": 1,
                    "license": "CC BY",
                    "url": "https:\/\/creativecommons.org\/licenses\/by\/2.0\/fr\/",
                    "source": "infoclimat.fr"
                },
                "country": "FR",
                "departement": "73",
                "last_activity": "2026-06-25T13:30:00Z"
            }
        },
        {
            "type": "Feature",
            "geometry": {
                "type": "Point",
                "coordinates": [
                    55.2889,
                    -21.0361
                ]
            },
            "properties": {
                "id": "ME155",
                "name": "[MAE] - Lyc\u00e9e Maison Blanche - SAINT-PAUL",
                "elevation": 499,
                "license": {
                    "code": 1,
                    "license": "CC BY",
                    "url": "https:\/\/creativecommons.org\/licenses\/by\/2.0\/fr\/",
                    "source": "infoclimat.fr"
                },
                "country": "FR",
                "departement": "974",
                "last_activity": "2026-06-25T13:30:00Z"
            }
        },
        {
            "type": "Feature",
            "geometry": {
                "type": "Point",
                "coordinates": [
                    6.19252,
                    48.6239
                ]
            },
            "properties": {
                "id": "STATIC0292",
                "name": "Fl\u00e9ville-devant-Nancy",
                "elevation": 221,
                "license": {
                    "code": 1,
                    "license": "CC BY",
                    "url": "https:\/\/creativecommons.org\/licenses\/by\/2.0\/fr\/",
                    "source": "infoclimat.fr"
                },
                "country": "FR",
                "departement": "54",
                "last_activity": "2026-06-25T13:30:00Z"
            }
        },
        {
            "type": "Feature",
            "geometry": {
                "type": "Point",
                "coordinates": [
                    1.82367,
                    49.0183
                ]
            },
            "properties": {
                "id": "STATIC0296",
                "name": "Breuil-en-Vexin - La Chartre",
                "elevation": 162,
                "license": {
                    "code": 1,
                    "license": "CC BY",
                    "url": "https:\/\/creativecommons.org\/licenses\/by\/2.0\/fr\/",
                    "source": "infoclimat.fr"
                },
                "country": "FR",
                "departement": "78",
                "last_activity": "2026-06-25T13:30:00Z"
            }
        },
        {
            "type": "Feature",
            "geometry": {
                "type": "Point",
                "coordinates": [
                    8.03123,
                    48.99083
                ]
            },
            "properties": {
                "id": "STATIC0297",
                "name": "Schleithal",
                "elevation": 155,
                "license": {
                    "code": 1,
                    "license": "CC BY",
                    "url": "https:\/\/creativecommons.org\/licenses\/by\/2.0\/fr\/",
                    "source": "infoclimat.fr"
                },
                "country": "FR",
                "departement": "67",
                "last_activity": "2026-06-25T13:30:00Z"
            }
        },
        {
            "type": "Feature",
            "geometry": {
                "type": "Point",
                "coordinates": [
                    4.1717584,
                    45.1810681
                ]
            },
            "properties": {
                "id": "STATIC0298",
                "name": "Grazac",
                "elevation": 809,
                "license": {
                    "code": 1,
                    "license": "CC BY",
                    "url": "https:\/\/creativecommons.org\/licenses\/by\/2.0\/fr\/",
                    "source": "infoclimat.fr"
                },
                "country": "FR",
                "departement": "43",
                "last_activity": "2026-06-25T13:30:00Z"
            }
        },
        {
            "type": "Feature",
            "geometry": {
                "type": "Point",
                "coordinates": [
                    -2.55922,
                    48.3091
                ]
            },
            "properties": {
                "id": "STATIC0299",
                "name": "Tr\u00e9bry - Bel Air",
                "elevation": 315,
                "license": {
                    "code": 1,
                    "license": "CC BY",
                    "url": "https:\/\/creativecommons.org\/licenses\/by\/2.0\/fr\/",
                    "source": "infoclimat.fr"
                },
                "country": "FR",
                "departement": "22",
                "last_activity": "2026-06-25T13:20:00Z"
            }
        },
        {
            "type": "Feature",
            "geometry": {
                "type": "Point",
                "coordinates": [
                    3.67182,
                    44.6544
                ]
            },
            "properties": {
                "id": "STATIC0300",
                "name": "Ch\u00e2teauneuf-de-Randon",
                "elevation": 1140,
                "license": {
                    "code": 1,
                    "license": "CC BY",
                    "url": "https:\/\/creativecommons.org\/licenses\/by\/2.0\/fr\/",
                    "source": "infoclimat.fr"
                },
                "country": "FR",
                "departement": "48",
                "last_activity": "2024-10-15T06:20:00Z"
            }
        },
        {
            "type": "Feature",
            "geometry": {
                "type": "Point",
                "coordinates": [
                    5.90734,
                    45.6621
                ]
            },
            "properties": {
                "id": "STATIC0302",
                "name": "Aix-les-Bains",
                "elevation": 359,
                "license": {
                    "code": 2,
                    "license": "NON-COMMERCIAL ONLY: CC BY NC",
                    "url": "https:\/\/creativecommons.org\/licenses\/by-nc\/2.0\/fr\/",
                    "source": "infoclimat.fr"
                },
                "country": "FR",
                "departement": "73",
                "last_activity": "2026-06-25T13:20:00Z"
            }
        },
        {
            "type": "Feature",
            "geometry": {
                "type": "Point",
                "coordinates": [
                    -2.47357,
                    47.9685
                ]
            },
            "properties": {
                "id": "STATIC0303",
                "name": "Taupont - Vall\u00e9e du Ninian",
                "elevation": 37,
                "license": {
                    "code": 2,
                    "license": "NON-COMMERCIAL ONLY: CC BY NC",
                    "url": "https:\/\/creativecommons.org\/licenses\/by-nc\/2.0\/fr\/",
                    "source": "infoclimat.fr"
                },
                "country": "FR",
                "departement": "56",
                "last_activity": "2026-06-25T13:30:00Z"
            }
        },
        {
            "type": "Feature",
            "geometry": {
                "type": "Point",
                "coordinates": [
                    -3.70578,
                    40.4606
                ]
            },
            "properties": {
                "id": "STATIC0304",
                "name": "Madrid - Tetu\u00e1n",
                "elevation": 638,
                "license": {
                    "code": 2,
                    "license": "NON-COMMERCIAL ONLY: CC BY NC",
                    "url": "https:\/\/creativecommons.org\/licenses\/by-nc\/2.0\/fr\/",
                    "source": "infoclimat.fr"
                },
                "country": "ES",
                "departement": "ES",
                "last_activity": "2026-06-25T13:30:00Z"
            }
        },
        {
            "type": "Feature",
            "geometry": {
                "type": "Point",
                "coordinates": [
                    -0.245612,
                    39.1629
                ]
            },
            "properties": {
                "id": "STATIC0306",
                "name": "Cullera",
                "elevation": 8,
                "license": {
                    "code": 2,
                    "license": "NON-COMMERCIAL ONLY: CC BY NC",
                    "url": "https:\/\/creativecommons.org\/licenses\/by-nc\/2.0\/fr\/",
                    "source": "infoclimat.fr"
                },
                "country": "ES",
                "departement": "ES",
                "last_activity": "2026-06-25T13:30:00Z"
            }
        },
        {
            "type": "Feature",
            "geometry": {
                "type": "Point",
                "coordinates": [
                    5.84295,
                    46.2646
                ]
            },
            "properties": {
                "id": "STATIC0309",
                "name": "La Pesse - Combe d'Evuaz",
                "elevation": 1085,
                "license": {
                    "code": 2,
                    "license": "NON-COMMERCIAL ONLY: CC BY NC",
                    "url": "https:\/\/creativecommons.org\/licenses\/by-nc\/2.0\/fr\/",
                    "source": "infoclimat.fr"
                },
                "country": "FR",
                "departement": "39",
                "last_activity": "2026-06-25T13:30:00Z"
            }
        },
        {
            "type": "Feature",
            "geometry": {
                "type": "Point",
                "coordinates": [
                    3.99279,
                    44.9417
                ]
            },
            "properties": {
                "id": "STATIC0310",
                "name": "Le Monastier-sur-Gazeille",
                "elevation": 935,
                "license": {
                    "code": 1,
                    "license": "CC BY",
                    "url": "https:\/\/creativecommons.org\/licenses\/by\/2.0\/fr\/",
                    "source": "infoclimat.fr"
                },
                "country": "FR",
                "departement": "43",
                "last_activity": "2026-06-25T13:20:00Z"
            }
        },
        {
            "type": "Feature",
            "geometry": {
                "type": "Point",
                "coordinates": [
                    3.37353,
                    44.9754
                ]
            },
            "properties": {
                "id": "STATIC0311",
                "name": "Auvers - Mont Mouchet",
                "elevation": 1495,
                "license": {
                    "code": 1,
                    "license": "CC BY",
                    "url": "https:\/\/creativecommons.org\/licenses\/by\/2.0\/fr\/",
                    "source": "infoclimat.fr"
                },
                "country": "FR",
                "departement": "43",
                "last_activity": "2026-06-25T13:10:00Z"
            }
        },
        {
            "type": "Feature",
            "geometry": {
                "type": "Point",
                "coordinates": [
                    4.28522,
                    44.1323
                ]
            },
            "properties": {
                "id": "STATIC0312",
                "name": "Brouzet-l\u00e8s-Al\u00e8s - Mont Bouquet",
                "elevation": 623,
                "license": {
                    "code": 2,
                    "license": "NON-COMMERCIAL ONLY: CC BY NC",
                    "url": "https:\/\/creativecommons.org\/licenses\/by-nc\/2.0\/fr\/",
                    "source": "infoclimat.fr"
                },
                "country": "FR",
                "departement": "30",
                "last_activity": "2024-10-15T06:20:00Z"
            }
        },
        {
            "type": "Feature",
            "geometry": {
                "type": "Point",
                "coordinates": [
                    4.59959,
                    45.6304
                ]
            },
            "properties": {
                "id": "STATIC0315",
                "name": "Saint-Andr\u00e9-la-C\u00f4te",
                "elevation": 839,
                "license": {
                    "code": 1,
                    "license": "CC BY",
                    "url": "https:\/\/creativecommons.org\/licenses\/by\/2.0\/fr\/",
                    "source": "infoclimat.fr"
                },
                "country": "FR",
                "departement": "69",
                "last_activity": "2026-06-25T13:30:00Z"
            }
        },
        {
            "type": "Feature",
            "geometry": {
                "type": "Point",
                "coordinates": [
                    3.296,
                    49.6247
                ]
            },
            "properties": {
                "id": "STATIC0316",
                "name": "Amigny-Rouy - Prairies de Condren",
                "elevation": 44,
                "license": {
                    "code": 1,
                    "license": "CC BY",
                    "url": "https:\/\/creativecommons.org\/licenses\/by\/2.0\/fr\/",
                    "source": "infoclimat.fr"
                },
                "country": "FR",
                "departement": "02",
                "last_activity": "2026-06-25T13:30:00Z"
            }
        },
        {
            "type": "Feature",
            "geometry": {
                "type": "Point",
                "coordinates": [
                    8.77254,
                    41.769
                ]
            },
            "properties": {
                "id": "STATIC0317",
                "name": "Coti-Chiavari",
                "elevation": 630,
                "license": {
                    "code": 1,
                    "license": "CC BY",
                    "url": "https:\/\/creativecommons.org\/licenses\/by\/2.0\/fr\/",
                    "source": "infoclimat.fr"
                },
                "country": "FR",
                "departement": "2A",
                "last_activity": "2026-06-25T13:30:00Z"
            }
        },
        {
            "type": "Feature",
            "geometry": {
                "type": "Point",
                "coordinates": [
                    5.3353,
                    44.1896
                ]
            },
            "properties": {
                "id": "STATIC0318",
                "name": "Brantes",
                "elevation": 466,
                "license": {
                    "code": 1,
                    "license": "CC BY",
                    "url": "https:\/\/creativecommons.org\/licenses\/by\/2.0\/fr\/",
                    "source": "infoclimat.fr"
                },
                "country": "FR",
                "departement": "84",
                "last_activity": "2026-06-25T13:30:00Z"
            }
        },
        {
            "type": "Feature",
            "geometry": {
                "type": "Point",
                "coordinates": [
                    2.332127,
                    49.864422
                ]
            },
            "properties": {
                "id": "STATIC0320",
                "name": "Amiens-Val d'Avre",
                "elevation": 59,
                "license": {
                    "code": 1,
                    "license": "CC BY",
                    "url": "https:\/\/creativecommons.org\/licenses\/by\/2.0\/fr\/",
                    "source": "infoclimat.fr"
                },
                "country": "FR",
                "departement": "80",
                "last_activity": "2026-06-25T13:30:00Z"
            }
        },
        {
            "type": "Feature",
            "geometry": {
                "type": "Point",
                "coordinates": [
                    5.26254,
                    44.6937
                ]
            },
            "properties": {
                "id": "STATIC0322",
                "name": "Aurel-Vercheny",
                "elevation": 296,
                "license": {
                    "code": 2,
                    "license": "NON-COMMERCIAL ONLY: CC BY NC",
                    "url": "https:\/\/creativecommons.org\/licenses\/by-nc\/2.0\/fr\/",
                    "source": "infoclimat.fr"
                },
                "country": "FR",
                "departement": "26",
                "last_activity": "2026-06-25T13:20:00Z"
            }
        },
        {
            "type": "Feature",
            "geometry": {
                "type": "Point",
                "coordinates": [
                    5.39838,
                    44.7065
                ]
            },
            "properties": {
                "id": "STATIC0323",
                "name": "Solaure-en-Diois",
                "elevation": 442,
                "license": {
                    "code": 2,
                    "license": "NON-COMMERCIAL ONLY: CC BY NC",
                    "url": "https:\/\/creativecommons.org\/licenses\/by-nc\/2.0\/fr\/",
                    "source": "infoclimat.fr"
                },
                "country": "FR",
                "departement": "26",
                "last_activity": "2026-06-25T13:10:00Z"
            }
        },
        {
            "type": "Feature",
            "geometry": {
                "type": "Point",
                "coordinates": [
                    6.625332837407362,
                    43.76350746844474
                ]
            },
            "properties": {
                "id": "STATIC0325",
                "name": "La Bastide",
                "elevation": 1015,
                "license": {
                    "code": 2,
                    "license": "NON-COMMERCIAL ONLY: CC BY NC",
                    "url": "https:\/\/creativecommons.org\/licenses\/by-nc\/2.0\/fr\/",
                    "source": "infoclimat.fr"
                },
                "country": "FR",
                "departement": "83",
                "last_activity": "2026-06-25T13:00:00Z"
            }
        },
        {
            "type": "Feature",
            "geometry": {
                "type": "Point",
                "coordinates": [
                    6.964458,
                    47.991257
                ]
            },
            "properties": {
                "id": "STATIC0326",
                "name": "Wildenstein - Bramont",
                "elevation": 714,
                "license": {
                    "code": 2,
                    "license": "NON-COMMERCIAL ONLY: CC BY NC",
                    "url": "https:\/\/creativecommons.org\/licenses\/by-nc\/2.0\/fr\/",
                    "source": "infoclimat.fr"
                },
                "country": "FR",
                "departement": "68",
                "last_activity": "2026-06-25T13:20:00Z"
            }
        },
        {
            "type": "Feature",
            "geometry": {
                "type": "Point",
                "coordinates": [
                    2.22395,
                    43.9459
                ]
            },
            "properties": {
                "id": "STATIC0328",
                "name": "Saint-Ju\u00e9ry",
                "elevation": 228,
                "license": {
                    "code": 1,
                    "license": "CC BY",
                    "url": "https:\/\/creativecommons.org\/licenses\/by\/2.0\/fr\/",
                    "source": "infoclimat.fr"
                },
                "country": "FR",
                "departement": "81",
                "last_activity": "2026-06-25T13:30:00Z"
            }
        },
        {
            "type": "Feature",
            "geometry": {
                "type": "Point",
                "coordinates": [
                    3.49947,
                    43.6468
                ]
            },
            "properties": {
                "id": "STATIC0329",
                "name": "Saint-Andr\u00e9-de-Sangonis",
                "elevation": 66,
                "license": {
                    "code": 2,
                    "license": "NON-COMMERCIAL ONLY: CC BY NC",
                    "url": "https:\/\/creativecommons.org\/licenses\/by-nc\/2.0\/fr\/",
                    "source": "infoclimat.fr"
                },
                "country": "FR",
                "departement": "34",
                "last_activity": "2026-06-25T13:30:00Z"
            }
        },
        {
            "type": "Feature",
            "geometry": {
                "type": "Point",
                "coordinates": [
                    7.59871,
                    49.0249
                ]
            },
            "properties": {
                "id": "STATIC0331",
                "name": "Sturzelbronn - Grafenweiher",
                "elevation": 229,
                "license": {
                    "code": 2,
                    "license": "NON-COMMERCIAL ONLY: CC BY NC",
                    "url": "https:\/\/creativecommons.org\/licenses\/by-nc\/2.0\/fr\/",
                    "source": "infoclimat.fr"
                },
                "country": "FR",
                "departement": "57",
                "last_activity": "2026-06-25T13:20:00Z"
            }
        },
        {
            "type": "Feature",
            "geometry": {
                "type": "Point",
                "coordinates": [
                    -0.188956,
                    48.4462
                ]
            },
            "properties": {
                "id": "STATIC0332",
                "name": "Pr\u00e9-en-Pail, marais du Fourneau - PNRNM",
                "elevation": 269,
                "license": {
                    "code": 2,
                    "license": "NON-COMMERCIAL ONLY: CC BY NC",
                    "url": "https:\/\/creativecommons.org\/licenses\/by-nc\/2.0\/fr\/",
                    "source": "infoclimat.fr"
                },
                "country": "FR",
                "departement": "53",
                "last_activity": "2026-06-25T13:20:00Z"
            }
        },
        {
            "type": "Feature",
            "geometry": {
                "type": "Point",
                "coordinates": [
                    8.97291,
                    42.5572
                ]
            },
            "properties": {
                "id": "STATIC0333",
                "name": "Speloncato",
                "elevation": 533,
                "license": {
                    "code": 2,
                    "license": "NON-COMMERCIAL ONLY: CC BY NC",
                    "url": "https:\/\/creativecommons.org\/licenses\/by-nc\/2.0\/fr\/",
                    "source": "infoclimat.fr"
                },
                "country": "FR",
                "departement": "2B",
                "last_activity": "2026-06-25T13:30:00Z"
            }
        },
        {
            "type": "Feature",
            "geometry": {
                "type": "Point",
                "coordinates": [
                    -1.7474,
                    46.57713
                ]
            },
            "properties": {
                "id": "STATIC0334",
                "name": "L'\u00eele-d'Olonne",
                "elevation": 22,
                "license": {
                    "code": 2,
                    "license": "NON-COMMERCIAL ONLY: CC BY NC",
                    "url": "https:\/\/creativecommons.org\/licenses\/by-nc\/2.0\/fr\/",
                    "source": "infoclimat.fr"
                },
                "country": "FR",
                "departement": "85",
                "last_activity": "2026-06-25T13:30:00Z"
            }
        },
        {
            "type": "Feature",
            "geometry": {
                "type": "Point",
                "coordinates": [
                    4.033865,
                    46.943568
                ]
            },
            "properties": {
                "id": "STATIC0335",
                "name": "Glux-en-Glenne",
                "elevation": 573,
                "license": {
                    "code": 1,
                    "license": "CC BY",
                    "url": "https:\/\/creativecommons.org\/licenses\/by\/2.0\/fr\/",
                    "source": "infoclimat.fr"
                },
                "country": "FR",
                "departement": "58",
                "last_activity": "2026-06-25T13:30:00Z"
            }
        },
        {
            "type": "Feature",
            "geometry": {
                "type": "Point",
                "coordinates": [
                    1.5686,
                    47.1506
                ]
            },
            "properties": {
                "id": "STATIC0337",
                "name": "Valen\u00e7ay",
                "elevation": 136,
                "license": {
                    "code": 2,
                    "license": "NON-COMMERCIAL ONLY: CC BY NC",
                    "url": "https:\/\/creativecommons.org\/licenses\/by-nc\/2.0\/fr\/",
                    "source": "infoclimat.fr"
                },
                "country": "FR",
                "departement": "36",
                "last_activity": "2026-06-25T13:30:00Z"
            }
        },
        {
            "type": "Feature",
            "geometry": {
                "type": "Point",
                "coordinates": [
                    4.86977,
                    45.16729
                ]
            },
            "properties": {
                "id": "STATIC0339",
                "name": "Saint-Barth\u00e9lemy-de-Vals",
                "elevation": 189,
                "license": {
                    "code": 2,
                    "license": "NON-COMMERCIAL ONLY: CC BY NC",
                    "url": "https:\/\/creativecommons.org\/licenses\/by-nc\/2.0\/fr\/",
                    "source": "infoclimat.fr"
                },
                "country": "FR",
                "departement": "26",
                "last_activity": "2026-06-25T13:30:00Z"
            }
        },
        {
            "type": "Feature",
            "geometry": {
                "type": "Point",
                "coordinates": [
                    6.70828,
                    45.9091
                ]
            },
            "properties": {
                "id": "STATIC0340",
                "name": "Passy - Le Fayet",
                "elevation": 592,
                "license": {
                    "code": 2,
                    "license": "NON-COMMERCIAL ONLY: CC BY NC",
                    "url": "https:\/\/creativecommons.org\/licenses\/by-nc\/2.0\/fr\/",
                    "source": "infoclimat.fr"
                },
                "country": "FR",
                "departement": "74",
                "last_activity": "2026-06-25T13:30:00Z"
            }
        },
        {
            "type": "Feature",
            "geometry": {
                "type": "Point",
                "coordinates": [
                    55.5985,
                    -21.339
                ]
            },
            "properties": {
                "id": "STATIC0341",
                "name": "Saint-Joseph - Les Lianes",
                "elevation": 570,
                "license": {
                    "code": 1,
                    "license": "CC BY",
                    "url": "https:\/\/creativecommons.org\/licenses\/by\/2.0\/fr\/",
                    "source": "infoclimat.fr"
                },
                "country": "FR",
                "departement": "974",
                "last_activity": "2026-06-25T13:20:00Z"
            }
        },
        {
            "type": "Feature",
            "geometry": {
                "type": "Point",
                "coordinates": [
                    3.62302,
                    43.8884
                ]
            },
            "properties": {
                "id": "STATIC0397",
                "name": "Gorni\u00e8s",
                "elevation": 210,
                "license": {
                    "code": 2,
                    "license": "NON-COMMERCIAL ONLY: CC BY NC",
                    "url": "https:\/\/creativecommons.org\/licenses\/by-nc\/2.0\/fr\/",
                    "source": "infoclimat.fr"
                },
                "country": "FR",
                "departement": "34",
                "last_activity": "2026-06-25T13:30:00Z"
            }
        },
        {
            "type": "Feature",
            "geometry": {
                "type": "Point",
                "coordinates": [
                    5.92067,
                    45.3095
                ]
            },
            "properties": {
                "id": "STATIC0342",
                "name": "Lumbin",
                "elevation": 246,
                "license": {
                    "code": 2,
                    "license": "NON-COMMERCIAL ONLY: CC BY NC",
                    "url": "https:\/\/creativecommons.org\/licenses\/by-nc\/2.0\/fr\/",
                    "source": "infoclimat.fr"
                },
                "country": "FR",
                "departement": "38",
                "last_activity": "2026-06-25T13:30:00Z"
            }
        },
        {
            "type": "Feature",
            "geometry": {
                "type": "Point",
                "coordinates": [
                    4.842938,
                    46.778597
                ]
            },
            "properties": {
                "id": "ME156",
                "name": "[MAE] - Lyc\u00e9e des m\u00e9tiers Jeannette Guyot - Chalon-sur-Sa\u00f4ne",
                "elevation": 183,
                "license": {
                    "code": 1,
                    "license": "CC BY",
                    "url": "https:\/\/creativecommons.org\/licenses\/by\/2.0\/fr\/",
                    "source": "infoclimat.fr"
                },
                "country": "FR",
                "departement": "71",
                "last_activity": "2026-06-25T13:30:00Z"
            }
        },
        {
            "type": "Feature",
            "geometry": {
                "type": "Point",
                "coordinates": [
                    5.41461,
                    46.1758
                ]
            },
            "properties": {
                "id": "STATIC0350",
                "name": "Hautecourt-Roman\u00e8che - RNN Grotte de Hautecourt",
                "elevation": 495,
                "license": {
                    "code": 2,
                    "license": "NON-COMMERCIAL ONLY: CC BY NC",
                    "url": "https:\/\/creativecommons.org\/licenses\/by-nc\/2.0\/fr\/",
                    "source": "infoclimat.fr"
                },
                "country": "FR",
                "departement": "01",
                "last_activity": "2026-06-25T13:30:00Z"
            }
        },
        {
            "type": "Feature",
            "geometry": {
                "type": "Point",
                "coordinates": [
                    5.81113,
                    46.1626
                ]
            },
            "properties": {
                "id": "STATIC0351",
                "name": "Montanges - RNR Galerie du Pont des Pierres",
                "elevation": 484,
                "license": {
                    "code": 2,
                    "license": "NON-COMMERCIAL ONLY: CC BY NC",
                    "url": "https:\/\/creativecommons.org\/licenses\/by-nc\/2.0\/fr\/",
                    "source": "infoclimat.fr"
                },
                "country": "FR",
                "departement": "01",
                "last_activity": "2026-06-25T13:30:00Z"
            }
        },
        {
            "type": "Feature",
            "geometry": {
                "type": "Point",
                "coordinates": [
                    2.43976,
                    42.7897
                ]
            },
            "properties": {
                "id": "STATIC0352",
                "name": "Fosse",
                "elevation": 503,
                "license": {
                    "code": 2,
                    "license": "NON-COMMERCIAL ONLY: CC BY NC",
                    "url": "https:\/\/creativecommons.org\/licenses\/by-nc\/2.0\/fr\/",
                    "source": "infoclimat.fr"
                },
                "country": "FR",
                "departement": "66",
                "last_activity": "2026-06-25T13:20:00Z"
            }
        },
        {
            "type": "Feature",
            "geometry": {
                "type": "Point",
                "coordinates": [
                    2.31592,
                    42.7775
                ]
            },
            "properties": {
                "id": "STATIC0353",
                "name": "Salvezines",
                "elevation": 634,
                "license": {
                    "code": 2,
                    "license": "NON-COMMERCIAL ONLY: CC BY NC",
                    "url": "https:\/\/creativecommons.org\/licenses\/by-nc\/2.0\/fr\/",
                    "source": "infoclimat.fr"
                },
                "country": "FR",
                "departement": "11",
                "last_activity": "2026-06-25T13:10:00Z"
            }
        },
        {
            "type": "Feature",
            "geometry": {
                "type": "Point",
                "coordinates": [
                    5.60582,
                    45.9536
                ]
            },
            "properties": {
                "id": "STATIC0354",
                "name": "Cormaranche-en-Bugey",
                "elevation": 820,
                "license": {
                    "code": 2,
                    "license": "NON-COMMERCIAL ONLY: CC BY NC",
                    "url": "https:\/\/creativecommons.org\/licenses\/by-nc\/2.0\/fr\/",
                    "source": "infoclimat.fr"
                },
                "country": "FR",
                "departement": "01",
                "last_activity": "2026-06-25T13:30:00Z"
            }
        },
        {
            "type": "Feature",
            "geometry": {
                "type": "Point",
                "coordinates": [
                    4.08601,
                    45.7332
                ]
            },
            "properties": {
                "id": "STATIC0355",
                "name": "Saint-Etienne-le-Molard",
                "elevation": 358,
                "license": {
                    "code": 2,
                    "license": "NON-COMMERCIAL ONLY: CC BY NC",
                    "url": "https:\/\/creativecommons.org\/licenses\/by-nc\/2.0\/fr\/",
                    "source": "infoclimat.fr"
                },
                "country": "FR",
                "departement": "42",
                "last_activity": "2026-06-25T13:30:00Z"
            }
        },
        {
            "type": "Feature",
            "geometry": {
                "type": "Point",
                "coordinates": [
                    4.04583,
                    45.64478
                ]
            },
            "properties": {
                "id": "STATIC0356",
                "name": "Champdieu",
                "elevation": 435,
                "license": {
                    "code": 2,
                    "license": "NON-COMMERCIAL ONLY: CC BY NC",
                    "url": "https:\/\/creativecommons.org\/licenses\/by-nc\/2.0\/fr\/",
                    "source": "infoclimat.fr"
                },
                "country": "FR",
                "departement": "42",
                "last_activity": "2026-06-25T13:30:00Z"
            }
        },
        {
            "type": "Feature",
            "geometry": {
                "type": "Point",
                "coordinates": [
                    3.89497,
                    45.63293
                ]
            },
            "properties": {
                "id": "STATIC0357",
                "name": "Saint-Bonnet-le-Courreau",
                "elevation": 1250,
                "license": {
                    "code": 2,
                    "license": "NON-COMMERCIAL ONLY: CC BY NC",
                    "url": "https:\/\/creativecommons.org\/licenses\/by-nc\/2.0\/fr\/",
                    "source": "infoclimat.fr"
                },
                "country": "FR",
                "departement": "42",
                "last_activity": "2026-06-25T13:30:00Z"
            }
        },
        {
            "type": "Feature",
            "geometry": {
                "type": "Point",
                "coordinates": [
                    3.84662,
                    45.64131
                ]
            },
            "properties": {
                "id": "STATIC0358",
                "name": "Sauvain",
                "elevation": 1360,
                "license": {
                    "code": 2,
                    "license": "NON-COMMERCIAL ONLY: CC BY NC",
                    "url": "https:\/\/creativecommons.org\/licenses\/by-nc\/2.0\/fr\/",
                    "source": "infoclimat.fr"
                },
                "country": "FR",
                "departement": "42",
                "last_activity": "2026-06-25T13:30:00Z"
            }
        },
        {
            "type": "Feature",
            "geometry": {
                "type": "Point",
                "coordinates": [
                    5.2551,
                    45.3211
                ]
            },
            "properties": {
                "id": "STATIC0359",
                "name": "Saint-Sim\u00e9on-de-Bressieux",
                "elevation": 535,
                "license": {
                    "code": 1,
                    "license": "CC BY",
                    "url": "https:\/\/creativecommons.org\/licenses\/by\/2.0\/fr\/",
                    "source": "infoclimat.fr"
                },
                "country": "FR",
                "departement": "38",
                "last_activity": "2026-06-25T13:30:00Z"
            }
        },
        {
            "type": "Feature",
            "geometry": {
                "type": "Point",
                "coordinates": [
                    2.7578,
                    45.6091
                ]
            },
            "properties": {
                "id": "STATIC0360",
                "name": "Murat-le-Quaire - Banne d'Ordanche",
                "elevation": 1332,
                "license": {
                    "code": 2,
                    "license": "NON-COMMERCIAL ONLY: CC BY NC",
                    "url": "https:\/\/creativecommons.org\/licenses\/by-nc\/2.0\/fr\/",
                    "source": "infoclimat.fr"
                },
                "country": "FR",
                "departement": "63",
                "last_activity": "2026-06-25T13:20:00Z"
            }
        },
        {
            "type": "Feature",
            "geometry": {
                "type": "Point",
                "coordinates": [
                    3.93856,
                    45.7706
                ]
            },
            "properties": {
                "id": "STATIC0361",
                "name": "L'H\u00f4pital-sous-Rochefort",
                "elevation": 420,
                "license": {
                    "code": 2,
                    "license": "NON-COMMERCIAL ONLY: CC BY NC",
                    "url": "https:\/\/creativecommons.org\/licenses\/by-nc\/2.0\/fr\/",
                    "source": "infoclimat.fr"
                },
                "country": "FR",
                "departement": "42",
                "last_activity": "2026-06-25T13:30:00Z"
            }
        },
        {
            "type": "Feature",
            "geometry": {
                "type": "Point",
                "coordinates": [
                    -70.5838,
                    47.3302
                ]
            },
            "properties": {
                "id": "STATIC0362",
                "name": "Baie-Saint-Paul",
                "elevation": 470,
                "license": {
                    "code": 1,
                    "license": "CC BY",
                    "url": "https:\/\/creativecommons.org\/licenses\/by\/2.0\/fr\/",
                    "source": "infoclimat.fr"
                },
                "country": "CA",
                "departement": "CA",
                "last_activity": "2026-06-25T13:30:00Z"
            }
        },
        {
            "type": "Feature",
            "geometry": {
                "type": "Point",
                "coordinates": [
                    2.556378,
                    43.224722
                ]
            },
            "properties": {
                "id": "STATIC0363",
                "name": "Marseillette - l'Isthme",
                "elevation": 52,
                "license": {
                    "code": 1,
                    "license": "CC BY",
                    "url": "https:\/\/creativecommons.org\/licenses\/by\/2.0\/fr\/",
                    "source": "infoclimat.fr"
                },
                "country": "FR",
                "departement": "11",
                "last_activity": "2026-05-08T22:20:00Z"
            }
        },
        {
            "type": "Feature",
            "geometry": {
                "type": "Point",
                "coordinates": [
                    2.50126,
                    42.6619
                ]
            },
            "properties": {
                "id": "STATIC0364",
                "name": "Arboussols",
                "elevation": 550,
                "license": {
                    "code": 2,
                    "license": "NON-COMMERCIAL ONLY: CC BY NC",
                    "url": "https:\/\/creativecommons.org\/licenses\/by-nc\/2.0\/fr\/",
                    "source": "infoclimat.fr"
                },
                "country": "FR",
                "departement": "66",
                "last_activity": "2025-12-29T13:30:00Z"
            }
        },
        {
            "type": "Feature",
            "geometry": {
                "type": "Point",
                "coordinates": [
                    6.221957,
                    44.66514
                ]
            },
            "properties": {
                "id": "STATIC0365",
                "name": "Pont-du-Foss\u00e9",
                "elevation": 1113,
                "license": {
                    "code": 2,
                    "license": "NON-COMMERCIAL ONLY: CC BY NC",
                    "url": "https:\/\/creativecommons.org\/licenses\/by-nc\/2.0\/fr\/",
                    "source": "infoclimat.fr"
                },
                "country": "FR",
                "departement": "05",
                "last_activity": "2026-06-25T13:30:00Z"
            }
        },
        {
            "type": "Feature",
            "geometry": {
                "type": "Point",
                "coordinates": [
                    166.5,
                    -22.23945
                ]
            },
            "properties": {
                "id": "STATIC0366",
                "name": "Tina Noum\u00e9a",
                "elevation": 20,
                "license": {
                    "code": 1,
                    "license": "CC BY",
                    "url": "https:\/\/creativecommons.org\/licenses\/by\/2.0\/fr\/",
                    "source": "infoclimat.fr"
                },
                "country": "FR",
                "departement": "988",
                "last_activity": "2026-06-25T13:30:00Z"
            }
        },
        {
            "type": "Feature",
            "geometry": {
                "type": "Point",
                "coordinates": [
                    2.64456,
                    50.79399
                ]
            },
            "properties": {
                "id": "STATIC0367",
                "name": "Godewaersvelde",
                "elevation": 46,
                "license": {
                    "code": 2,
                    "license": "NON-COMMERCIAL ONLY: CC BY NC",
                    "url": "https:\/\/creativecommons.org\/licenses\/by-nc\/2.0\/fr\/",
                    "source": "infoclimat.fr"
                },
                "country": "FR",
                "departement": "59",
                "last_activity": "2026-06-25T13:30:00Z"
            }
        },
        {
            "type": "Feature",
            "geometry": {
                "type": "Point",
                "coordinates": [
                    3.24116,
                    50.7323
                ]
            },
            "properties": {
                "id": "STATIC0368",
                "name": "Mouscron-Herseaux",
                "elevation": 43,
                "license": {
                    "code": 1,
                    "license": "CC BY",
                    "url": "https:\/\/creativecommons.org\/licenses\/by\/2.0\/fr\/",
                    "source": "infoclimat.fr"
                },
                "country": "BE",
                "departement": "BE",
                "last_activity": "2026-06-25T13:30:00Z"
            }
        },
        {
            "type": "Feature",
            "geometry": {
                "type": "Point",
                "coordinates": [
                    4.13333,
                    45.68333
                ]
            },
            "properties": {
                "id": "STATIC0370",
                "name": "Mornand-en-Forez",
                "elevation": 355,
                "license": {
                    "code": 2,
                    "license": "NON-COMMERCIAL ONLY: CC BY NC",
                    "url": "https:\/\/creativecommons.org\/licenses\/by-nc\/2.0\/fr\/",
                    "source": "infoclimat.fr"
                },
                "country": "FR",
                "departement": "42",
                "last_activity": "2026-06-25T13:15:00Z"
            }
        },
        {
            "type": "Feature",
            "geometry": {
                "type": "Point",
                "coordinates": [
                    0.739295,
                    43.1059
                ]
            },
            "properties": {
                "id": "STATIC0371",
                "name": "Saint-Gaudens",
                "elevation": 306,
                "license": {
                    "code": 2,
                    "license": "NON-COMMERCIAL ONLY: CC BY NC",
                    "url": "https:\/\/creativecommons.org\/licenses\/by-nc\/2.0\/fr\/",
                    "source": "infoclimat.fr"
                },
                "country": "FR",
                "departement": "31",
                "last_activity": "2026-06-25T13:00:00Z"
            }
        },
        {
            "type": "Feature",
            "geometry": {
                "type": "Point",
                "coordinates": [
                    2.75573,
                    45.6026
                ]
            },
            "properties": {
                "id": "STATIC0373",
                "name": "Murat-le-Quaire - Super-Murat",
                "elevation": 1145,
                "license": {
                    "code": 2,
                    "license": "NON-COMMERCIAL ONLY: CC BY NC",
                    "url": "https:\/\/creativecommons.org\/licenses\/by-nc\/2.0\/fr\/",
                    "source": "infoclimat.fr"
                },
                "country": "FR",
                "departement": "63",
                "last_activity": "2026-06-25T13:30:00Z"
            }
        },
        {
            "type": "Feature",
            "geometry": {
                "type": "Point",
                "coordinates": [
                    4.84705,
                    44.7731
                ]
            },
            "properties": {
                "id": "STATIC0375",
                "name": "Livron-sur-Dr\u00f4me",
                "elevation": 140,
                "license": {
                    "code": 2,
                    "license": "NON-COMMERCIAL ONLY: CC BY NC",
                    "url": "https:\/\/creativecommons.org\/licenses\/by-nc\/2.0\/fr\/",
                    "source": "infoclimat.fr"
                },
                "country": "FR",
                "departement": "26",
                "last_activity": "2026-06-25T13:00:00Z"
            }
        },
        {
            "type": "Feature",
            "geometry": {
                "type": "Point",
                "coordinates": [
                    2.26039,
                    50.35477
                ]
            },
            "properties": {
                "id": "STATIC0376",
                "name": "Croisette",
                "elevation": 142,
                "license": {
                    "code": 1,
                    "license": "CC BY",
                    "url": "https:\/\/creativecommons.org\/licenses\/by\/2.0\/fr\/",
                    "source": "infoclimat.fr"
                },
                "country": "FR",
                "departement": "62",
                "last_activity": "2026-06-25T13:20:00Z"
            }
        },
        {
            "type": "Feature",
            "geometry": {
                "type": "Point",
                "coordinates": [
                    0.0236678,
                    48.1698
                ]
            },
            "properties": {
                "id": "STATIC0377",
                "name": "Neuvillalais - Th\u00e9val",
                "elevation": 87,
                "license": {
                    "code": 1,
                    "license": "CC BY",
                    "url": "https:\/\/creativecommons.org\/licenses\/by\/2.0\/fr\/",
                    "source": "infoclimat.fr"
                },
                "country": "FR",
                "departement": "72",
                "last_activity": "2026-06-25T13:20:00Z"
            }
        },
        {
            "type": "Feature",
            "geometry": {
                "type": "Point",
                "coordinates": [
                    1.674292,
                    47.336263
                ]
            },
            "properties": {
                "id": "STATIC0378",
                "name": "Pruniers-en-Sologne",
                "elevation": 89,
                "license": {
                    "code": 2,
                    "license": "NON-COMMERCIAL ONLY: CC BY NC",
                    "url": "https:\/\/creativecommons.org\/licenses\/by-nc\/2.0\/fr\/",
                    "source": "infoclimat.fr"
                },
                "country": "FR",
                "departement": "41",
                "last_activity": "2026-06-25T13:20:00Z"
            }
        },
        {
            "type": "Feature",
            "geometry": {
                "type": "Point",
                "coordinates": [
                    5.53944,
                    43.42905
                ]
            },
            "properties": {
                "id": "STATIC0381",
                "name": "Gr\u00e9asque",
                "elevation": 334,
                "license": {
                    "code": 2,
                    "license": "NON-COMMERCIAL ONLY: CC BY NC",
                    "url": "https:\/\/creativecommons.org\/licenses\/by-nc\/2.0\/fr\/",
                    "source": "infoclimat.fr"
                },
                "country": "FR",
                "departement": "13",
                "last_activity": "2026-06-25T13:30:00Z"
            }
        },
        {
            "type": "Feature",
            "geometry": {
                "type": "Point",
                "coordinates": [
                    5.6046,
                    43.1737
                ]
            },
            "properties": {
                "id": "STATIC0382",
                "name": "La Ciotat - H\u00f4tel de Ville",
                "elevation": 20,
                "license": {
                    "code": 1,
                    "license": "CC BY",
                    "url": "https:\/\/creativecommons.org\/licenses\/by\/2.0\/fr\/",
                    "source": "infoclimat.fr"
                },
                "country": "FR",
                "departement": "13",
                "last_activity": "2026-06-25T13:30:00Z"
            }
        },
        {
            "type": "Feature",
            "geometry": {
                "type": "Point",
                "coordinates": [
                    2.73333,
                    50.58333
                ]
            },
            "properties": {
                "id": "STATIC0385",
                "name": "Richebourg",
                "elevation": 17,
                "license": {
                    "code": 1,
                    "license": "CC BY",
                    "url": "https:\/\/creativecommons.org\/licenses\/by\/2.0\/fr\/",
                    "source": "infoclimat.fr"
                },
                "country": "FR",
                "departement": "62",
                "last_activity": "2026-06-25T13:30:00Z"
            }
        },
        {
            "type": "Feature",
            "geometry": {
                "type": "Point",
                "coordinates": [
                    6.18078,
                    46.1869
                ]
            },
            "properties": {
                "id": "STATIC0386",
                "name": "Geneva",
                "elevation": 424,
                "license": {
                    "code": 1,
                    "license": "CC BY",
                    "url": "https:\/\/creativecommons.org\/licenses\/by\/2.0\/fr\/",
                    "source": "infoclimat.fr"
                },
                "country": "CH",
                "departement": "CH",
                "last_activity": "2026-06-25T13:30:00Z"
            }
        },
        {
            "type": "Feature",
            "geometry": {
                "type": "Point",
                "coordinates": [
                    -1.3517,
                    49.49134
                ]
            },
            "properties": {
                "id": "STATIC0387",
                "name": "Saint-Floxel",
                "elevation": 45,
                "license": {
                    "code": 2,
                    "license": "NON-COMMERCIAL ONLY: CC BY NC",
                    "url": "https:\/\/creativecommons.org\/licenses\/by-nc\/2.0\/fr\/",
                    "source": "infoclimat.fr"
                },
                "country": "FR",
                "departement": "50",
                "last_activity": "2026-06-25T13:30:00Z"
            }
        },
        {
            "type": "Feature",
            "geometry": {
                "type": "Point",
                "coordinates": [
                    3.99539,
                    45.61856
                ]
            },
            "properties": {
                "id": "STATIC0388",
                "name": "Essertines-en-Ch\u00e2telneuf",
                "elevation": 807,
                "license": {
                    "code": 2,
                    "license": "NON-COMMERCIAL ONLY: CC BY NC",
                    "url": "https:\/\/creativecommons.org\/licenses\/by-nc\/2.0\/fr\/",
                    "source": "infoclimat.fr"
                },
                "country": "FR",
                "departement": "42",
                "last_activity": "2026-06-25T13:30:00Z"
            }
        },
        {
            "type": "Feature",
            "geometry": {
                "type": "Point",
                "coordinates": [
                    0.385598,
                    45.6366
                ]
            },
            "properties": {
                "id": "STATIC0389",
                "name": "Chazelles",
                "elevation": 109,
                "license": {
                    "code": 2,
                    "license": "NON-COMMERCIAL ONLY: CC BY NC",
                    "url": "https:\/\/creativecommons.org\/licenses\/by-nc\/2.0\/fr\/",
                    "source": "infoclimat.fr"
                },
                "country": "FR",
                "departement": "16",
                "last_activity": "2026-06-25T13:30:00Z"
            }
        },
        {
            "type": "Feature",
            "geometry": {
                "type": "Point",
                "coordinates": [
                    3.14861,
                    43.8343
                ]
            },
            "properties": {
                "id": "STATIC0390",
                "name": "Le Clapier-Larbussel",
                "elevation": 640,
                "license": {
                    "code": 2,
                    "license": "NON-COMMERCIAL ONLY: CC BY NC",
                    "url": "https:\/\/creativecommons.org\/licenses\/by-nc\/2.0\/fr\/",
                    "source": "infoclimat.fr"
                },
                "country": "FR",
                "departement": "12",
                "last_activity": "2026-06-25T13:30:00Z"
            }
        },
        {
            "type": "Feature",
            "geometry": {
                "type": "Point",
                "coordinates": [
                    3.81307,
                    45.5879
                ]
            },
            "properties": {
                "id": "STATIC0391",
                "name": "Valcivi\u00e8res - Rimbaud",
                "elevation": 965,
                "license": {
                    "code": 2,
                    "license": "NON-COMMERCIAL ONLY: CC BY NC",
                    "url": "https:\/\/creativecommons.org\/licenses\/by-nc\/2.0\/fr\/",
                    "source": "infoclimat.fr"
                },
                "country": "FR",
                "departement": "63",
                "last_activity": "2026-06-25T13:30:00Z"
            }
        },
        {
            "type": "Feature",
            "geometry": {
                "type": "Point",
                "coordinates": [
                    2.94039,
                    43.6858
                ]
            },
            "properties": {
                "id": "STATIC0392",
                "name": "Castanet-le-Haut - La Baraquette",
                "elevation": 850,
                "license": {
                    "code": 2,
                    "license": "NON-COMMERCIAL ONLY: CC BY NC",
                    "url": "https:\/\/creativecommons.org\/licenses\/by-nc\/2.0\/fr\/",
                    "source": "infoclimat.fr"
                },
                "country": "FR",
                "departement": "34",
                "last_activity": "2026-06-25T13:30:00Z"
            }
        },
        {
            "type": "Feature",
            "geometry": {
                "type": "Point",
                "coordinates": [
                    4.08264,
                    44.636
                ]
            },
            "properties": {
                "id": "STATIC0393",
                "name": "Borne - Les Hautes Plaines",
                "elevation": 1230,
                "license": {
                    "code": 2,
                    "license": "NON-COMMERCIAL ONLY: CC BY NC",
                    "url": "https:\/\/creativecommons.org\/licenses\/by-nc\/2.0\/fr\/",
                    "source": "infoclimat.fr"
                },
                "country": "FR",
                "departement": "07",
                "last_activity": "2026-06-25T13:30:00Z"
            }
        },
        {
            "type": "Feature",
            "geometry": {
                "type": "Point",
                "coordinates": [
                    4.16107,
                    44.739
                ]
            },
            "properties": {
                "id": "STATIC0394",
                "name": "Le Roux",
                "elevation": 1240,
                "license": {
                    "code": 2,
                    "license": "NON-COMMERCIAL ONLY: CC BY NC",
                    "url": "https:\/\/creativecommons.org\/licenses\/by-nc\/2.0\/fr\/",
                    "source": "infoclimat.fr"
                },
                "country": "FR",
                "departement": "07",
                "last_activity": "2026-06-25T13:30:00Z"
            }
        },
        {
            "type": "Feature",
            "geometry": {
                "type": "Point",
                "coordinates": [
                    6.93948,
                    48.5825
                ]
            },
            "properties": {
                "id": "STATIC0395",
                "name": "Cirey-sur-Vezouze",
                "elevation": 314,
                "license": {
                    "code": 1,
                    "license": "CC BY",
                    "url": "https:\/\/creativecommons.org\/licenses\/by\/2.0\/fr\/",
                    "source": "infoclimat.fr"
                },
                "country": "FR",
                "departement": "54",
                "last_activity": "2026-06-25T13:30:00Z"
            }
        },
        {
            "type": "Feature",
            "geometry": {
                "type": "Point",
                "coordinates": [
                    -3.09816,
                    48.7299
                ]
            },
            "properties": {
                "id": "STATIC0399",
                "name": "Plourivo",
                "elevation": 75,
                "license": {
                    "code": 1,
                    "license": "CC BY",
                    "url": "https:\/\/creativecommons.org\/licenses\/by\/2.0\/fr\/",
                    "source": "infoclimat.fr"
                },
                "country": "FR",
                "departement": "22",
                "last_activity": "2026-06-25T13:30:00Z"
            }
        },
        {
            "type": "Feature",
            "geometry": {
                "type": "Point",
                "coordinates": [
                    10.524014,
                    43.312832
                ]
            },
            "properties": {
                "id": "STATIC0401",
                "name": "Cecina",
                "elevation": 7,
                "license": {
                    "code": 2,
                    "license": "NON-COMMERCIAL ONLY: CC BY NC",
                    "url": "https:\/\/creativecommons.org\/licenses\/by-nc\/2.0\/fr\/",
                    "source": "infoclimat.fr"
                },
                "country": "IT",
                "departement": "00",
                "last_activity": "2026-06-25T13:20:00Z"
            }
        },
        {
            "type": "Feature",
            "geometry": {
                "type": "Point",
                "coordinates": [
                    7.224031,
                    43.702332
                ]
            },
            "properties": {
                "id": "STATIC0402",
                "name": "Nice - Ventabrun",
                "elevation": 160,
                "license": {
                    "code": 2,
                    "license": "NON-COMMERCIAL ONLY: CC BY NC",
                    "url": "https:\/\/creativecommons.org\/licenses\/by-nc\/2.0\/fr\/",
                    "source": "infoclimat.fr"
                },
                "country": "FR",
                "departement": "06",
                "last_activity": "2026-06-25T13:30:00Z"
            }
        },
        {
            "type": "Feature",
            "geometry": {
                "type": "Point",
                "coordinates": [
                    3.93694,
                    44.3104
                ]
            },
            "properties": {
                "id": "STATIC0403",
                "name": "Chamborigaud - Mas Jourdon",
                "elevation": 598,
                "license": {
                    "code": 1,
                    "license": "CC BY",
                    "url": "https:\/\/creativecommons.org\/licenses\/by\/2.0\/fr\/",
                    "source": "infoclimat.fr"
                },
                "country": "FR",
                "departement": "30",
                "last_activity": "2026-06-25T13:30:00Z"
            }
        },
        {
            "type": "Feature",
            "geometry": {
                "type": "Point",
                "coordinates": [
                    5.20361,
                    44.03235
                ]
            },
            "properties": {
                "id": "STATIC0404",
                "name": "Blauvac",
                "elevation": 324,
                "license": {
                    "code": 1,
                    "license": "CC BY",
                    "url": "https:\/\/creativecommons.org\/licenses\/by\/2.0\/fr\/",
                    "source": "infoclimat.fr"
                },
                "country": "FR",
                "departement": "84",
                "last_activity": "2026-06-25T13:30:00Z"
            }
        },
        {
            "type": "Feature",
            "geometry": {
                "type": "Point",
                "coordinates": [
                    3.93318,
                    44.5999
                ]
            },
            "properties": {
                "id": "STATIC0405",
                "name": "Saint-Laurent-les-Bains - Abbaye de Notre-Dame-des-Neiges",
                "elevation": 1100,
                "license": {
                    "code": 1,
                    "license": "CC BY",
                    "url": "https:\/\/creativecommons.org\/licenses\/by\/2.0\/fr\/",
                    "source": "infoclimat.fr"
                },
                "country": "FR",
                "departement": "07",
                "last_activity": "2026-04-07T13:30:00Z"
            }
        },
        {
            "type": "Feature",
            "geometry": {
                "type": "Point",
                "coordinates": [
                    3.9251,
                    46.1227
                ]
            },
            "properties": {
                "id": "STATIC0406",
                "name": "Saint-Forgeux-Lespinasse",
                "elevation": 320,
                "license": {
                    "code": 1,
                    "license": "CC BY",
                    "url": "https:\/\/creativecommons.org\/licenses\/by\/2.0\/fr\/",
                    "source": "infoclimat.fr"
                },
                "country": "FR",
                "departement": "42",
                "last_activity": "2026-06-25T13:30:00Z"
            }
        },
        {
            "type": "Feature",
            "geometry": {
                "type": "Point",
                "coordinates": [
                    4.00288,
                    44.7899
                ]
            },
            "properties": {
                "id": "STATIC0407",
                "name": "Lachapelle-Graillouse - Moulin de Courbet",
                "elevation": 1134,
                "license": {
                    "code": 1,
                    "license": "CC BY",
                    "url": "https:\/\/creativecommons.org\/licenses\/by\/2.0\/fr\/",
                    "source": "infoclimat.fr"
                },
                "country": "FR",
                "departement": "07",
                "last_activity": "2026-06-25T13:30:00Z"
            }
        },
        {
            "type": "Feature",
            "geometry": {
                "type": "Point",
                "coordinates": [
                    6.21949,
                    44.0806
                ]
            },
            "properties": {
                "id": "STATIC0408",
                "name": "Digne-les-Bains - Les F\u00e9rr\u00e9ols",
                "elevation": 596,
                "license": {
                    "code": 2,
                    "license": "NON-COMMERCIAL ONLY: CC BY NC",
                    "url": "https:\/\/creativecommons.org\/licenses\/by-nc\/2.0\/fr\/",
                    "source": "infoclimat.fr"
                },
                "country": "FR",
                "departement": "04",
                "last_activity": "2026-06-25T08:10:00Z"
            }
        },
        {
            "type": "Feature",
            "geometry": {
                "type": "Point",
                "coordinates": [
                    55.3354,
                    -21.2677
                ]
            },
            "properties": {
                "id": "STATIC0409",
                "name": "L'\u00c9tang-Sal\u00e9 - Les Bains",
                "elevation": 10,
                "license": {
                    "code": 2,
                    "license": "NON-COMMERCIAL ONLY: CC BY NC",
                    "url": "https:\/\/creativecommons.org\/licenses\/by-nc\/2.0\/fr\/",
                    "source": "infoclimat.fr"
                },
                "country": "FR",
                "departement": "974",
                "last_activity": "2026-06-25T12:30:00Z"
            }
        },
        {
            "type": "Feature",
            "geometry": {
                "type": "Point",
                "coordinates": [
                    55.6172,
                    -21.3811
                ]
            },
            "properties": {
                "id": "STATIC0410",
                "name": "Saint-Joseph - Le Butor",
                "elevation": 30,
                "license": {
                    "code": 2,
                    "license": "NON-COMMERCIAL ONLY: CC BY NC",
                    "url": "https:\/\/creativecommons.org\/licenses\/by-nc\/2.0\/fr\/",
                    "source": "infoclimat.fr"
                },
                "country": "FR",
                "departement": "974",
                "last_activity": "2026-06-25T13:20:00Z"
            }
        },
        {
            "type": "Feature",
            "geometry": {
                "type": "Point",
                "coordinates": [
                    55.725414,
                    -21.362132
                ]
            },
            "properties": {
                "id": "STATIC0411",
                "name": "Saint-Philippe - Le Baril",
                "elevation": 50,
                "license": {
                    "code": 2,
                    "license": "NON-COMMERCIAL ONLY: CC BY NC",
                    "url": "https:\/\/creativecommons.org\/licenses\/by-nc\/2.0\/fr\/",
                    "source": "infoclimat.fr"
                },
                "country": "FR",
                "departement": "974",
                "last_activity": "2026-06-25T13:20:00Z"
            }
        },
        {
            "type": "Feature",
            "geometry": {
                "type": "Point",
                "coordinates": [
                    55.494,
                    -20.9122
                ]
            },
            "properties": {
                "id": "STATIC0412",
                "name": "Saint-Denis - La Bretagne",
                "elevation": 155,
                "license": {
                    "code": 2,
                    "license": "NON-COMMERCIAL ONLY: CC BY NC",
                    "url": "https:\/\/creativecommons.org\/licenses\/by-nc\/2.0\/fr\/",
                    "source": "infoclimat.fr"
                },
                "country": "FR",
                "departement": "974",
                "last_activity": "2026-06-25T13:20:00Z"
            }
        },
        {
            "type": "Feature",
            "geometry": {
                "type": "Point",
                "coordinates": [
                    55.4282,
                    -20.8784
                ]
            },
            "properties": {
                "id": "STATIC0413",
                "name": "Saint-Denis - La Montagne",
                "elevation": 280,
                "license": {
                    "code": 2,
                    "license": "NON-COMMERCIAL ONLY: CC BY NC",
                    "url": "https:\/\/creativecommons.org\/licenses\/by-nc\/2.0\/fr\/",
                    "source": "infoclimat.fr"
                },
                "country": "FR",
                "departement": "974",
                "last_activity": "2026-06-25T12:30:00Z"
            }
        },
        {
            "type": "Feature",
            "geometry": {
                "type": "Point",
                "coordinates": [
                    55.3142,
                    -21.2161
                ]
            },
            "properties": {
                "id": "STATIC0414",
                "name": "Saint-Leu - Piton Saint-Leu",
                "elevation": 310,
                "license": {
                    "code": 2,
                    "license": "NON-COMMERCIAL ONLY: CC BY NC",
                    "url": "https:\/\/creativecommons.org\/licenses\/by-nc\/2.0\/fr\/",
                    "source": "infoclimat.fr"
                },
                "country": "FR",
                "departement": "974",
                "last_activity": "2026-06-25T13:20:00Z"
            }
        },
        {
            "type": "Feature",
            "geometry": {
                "type": "Point",
                "coordinates": [
                    55.5383,
                    -21.1961
                ]
            },
            "properties": {
                "id": "STATIC0415",
                "name": "Le Tampon - Plaine des Cafres ; Bois Court",
                "elevation": 1370,
                "license": {
                    "code": 2,
                    "license": "NON-COMMERCIAL ONLY: CC BY NC",
                    "url": "https:\/\/creativecommons.org\/licenses\/by-nc\/2.0\/fr\/",
                    "source": "infoclimat.fr"
                },
                "country": "FR",
                "departement": "974",
                "last_activity": "2026-06-25T13:10:00Z"
            }
        },
        {
            "type": "Feature",
            "geometry": {
                "type": "Point",
                "coordinates": [
                    55.428,
                    -20.88
                ]
            },
            "properties": {
                "id": "STATIC0416",
                "name": "Saint-Denis - La Montagne",
                "elevation": 320,
                "license": {
                    "code": 2,
                    "license": "NON-COMMERCIAL ONLY: CC BY NC",
                    "url": "https:\/\/creativecommons.org\/licenses\/by-nc\/2.0\/fr\/",
                    "source": "infoclimat.fr"
                },
                "country": "FR",
                "departement": "974",
                "last_activity": "2026-06-25T13:20:00Z"
            }
        },
        {
            "type": "Feature",
            "geometry": {
                "type": "Point",
                "coordinates": [
                    55.5576,
                    -21.175
                ]
            },
            "properties": {
                "id": "STATIC0417",
                "name": "Le Tampon - Plaine des Cafres ; Piton Doret",
                "elevation": 1590,
                "license": {
                    "code": 2,
                    "license": "NON-COMMERCIAL ONLY: CC BY NC",
                    "url": "https:\/\/creativecommons.org\/licenses\/by-nc\/2.0\/fr\/",
                    "source": "infoclimat.fr"
                },
                "country": "FR",
                "departement": "974",
                "last_activity": "2026-04-12T22:00:00Z"
            }
        },
        {
            "type": "Feature",
            "geometry": {
                "type": "Point",
                "coordinates": [
                    55.5721,
                    -20.896
                ]
            },
            "properties": {
                "id": "STATIC0418",
                "name": "Sainte-Marie - La Convenance",
                "elevation": 45,
                "license": {
                    "code": 2,
                    "license": "NON-COMMERCIAL ONLY: CC BY NC",
                    "url": "https:\/\/creativecommons.org\/licenses\/by-nc\/2.0\/fr\/",
                    "source": "infoclimat.fr"
                },
                "country": "FR",
                "departement": "974",
                "last_activity": "2026-04-04T05:00:00Z"
            }
        },
        {
            "type": "Feature",
            "geometry": {
                "type": "Point",
                "coordinates": [
                    55.5762,
                    -21.1927
                ]
            },
            "properties": {
                "id": "STATIC0419",
                "name": "Le Tampon - Plaine des Cafres ; Bourg Murat",
                "elevation": 1610,
                "license": {
                    "code": 2,
                    "license": "NON-COMMERCIAL ONLY: CC BY NC",
                    "url": "https:\/\/creativecommons.org\/licenses\/by-nc\/2.0\/fr\/",
                    "source": "infoclimat.fr"
                },
                "country": "FR",
                "departement": "974",
                "last_activity": "2026-06-25T13:20:00Z"
            }
        },
        {
            "type": "Feature",
            "geometry": {
                "type": "Point",
                "coordinates": [
                    55.3445,
                    -21.2202
                ]
            },
            "properties": {
                "id": "STATIC0420",
                "name": "Les Avirons - La Chapelle, le T\u00e9velave",
                "elevation": 701,
                "license": {
                    "code": 2,
                    "license": "NON-COMMERCIAL ONLY: CC BY NC",
                    "url": "https:\/\/creativecommons.org\/licenses\/by-nc\/2.0\/fr\/",
                    "source": "infoclimat.fr"
                },
                "country": "FR",
                "departement": "974",
                "last_activity": "2026-06-25T13:30:00Z"
            }
        },
        {
            "type": "Feature",
            "geometry": {
                "type": "Point",
                "coordinates": [
                    2.96966,
                    45.7433
                ]
            },
            "properties": {
                "id": "STATIC0421",
                "name": "Saint-Gen\u00e8s-Champanelle",
                "elevation": 950,
                "license": {
                    "code": 2,
                    "license": "NON-COMMERCIAL ONLY: CC BY NC",
                    "url": "https:\/\/creativecommons.org\/licenses\/by-nc\/2.0\/fr\/",
                    "source": "infoclimat.fr"
                },
                "country": "FR",
                "departement": "63",
                "last_activity": "2026-06-25T13:30:00Z"
            }
        },
        {
            "type": "Feature",
            "geometry": {
                "type": "Point",
                "coordinates": [
                    -1.56953,
                    46.65722
                ]
            },
            "properties": {
                "id": "STATIC0422",
                "name": "Landeronde",
                "elevation": 44,
                "license": {
                    "code": 2,
                    "license": "NON-COMMERCIAL ONLY: CC BY NC",
                    "url": "https:\/\/creativecommons.org\/licenses\/by-nc\/2.0\/fr\/",
                    "source": "infoclimat.fr"
                },
                "country": "FR",
                "departement": "85",
                "last_activity": "2026-06-25T13:30:00Z"
            }
        },
        {
            "type": "Feature",
            "geometry": {
                "type": "Point",
                "coordinates": [
                    7.51943,
                    43.788
                ]
            },
            "properties": {
                "id": "STATIC0423",
                "name": "Menton - La Casetta",
                "elevation": 120,
                "license": {
                    "code": 1,
                    "license": "CC BY",
                    "url": "https:\/\/creativecommons.org\/licenses\/by\/2.0\/fr\/",
                    "source": "infoclimat.fr"
                },
                "country": "FR",
                "departement": "06",
                "last_activity": "2026-03-19T12:45:00Z"
            }
        },
        {
            "type": "Feature",
            "geometry": {
                "type": "Point",
                "coordinates": [
                    2.42032,
                    44.466
                ]
            },
            "properties": {
                "id": "STATIC0424",
                "name": "Valady",
                "elevation": 322,
                "license": {
                    "code": 2,
                    "license": "NON-COMMERCIAL ONLY: CC BY NC",
                    "url": "https:\/\/creativecommons.org\/licenses\/by-nc\/2.0\/fr\/",
                    "source": "infoclimat.fr"
                },
                "country": "FR",
                "departement": "12",
                "last_activity": "2026-06-25T13:30:00Z"
            }
        },
        {
            "type": "Feature",
            "geometry": {
                "type": "Point",
                "coordinates": [
                    3.12377,
                    46.5337
                ]
            },
            "properties": {
                "id": "STATIC0425",
                "name": "Autry-Issards",
                "elevation": 270,
                "license": {
                    "code": 2,
                    "license": "NON-COMMERCIAL ONLY: CC BY NC",
                    "url": "https:\/\/creativecommons.org\/licenses\/by-nc\/2.0\/fr\/",
                    "source": "infoclimat.fr"
                },
                "country": "FR",
                "departement": "03",
                "last_activity": "2026-06-25T13:30:00Z"
            }
        },
        {
            "type": "Feature",
            "geometry": {
                "type": "Point",
                "coordinates": [
                    3.27952,
                    43.48333
                ]
            },
            "properties": {
                "id": "STATIC0426",
                "name": "Pouzolles",
                "elevation": 81,
                "license": {
                    "code": 1,
                    "license": "CC BY",
                    "url": "https:\/\/creativecommons.org\/licenses\/by\/2.0\/fr\/",
                    "source": "infoclimat.fr"
                },
                "country": "FR",
                "departement": "34",
                "last_activity": "2026-06-25T13:30:00Z"
            }
        },
        {
            "type": "Feature",
            "geometry": {
                "type": "Point",
                "coordinates": [
                    1.38333,
                    49.01667
                ]
            },
            "properties": {
                "id": "STATIC0427",
                "name": "Pacy-sur-Eure",
                "elevation": 51,
                "license": {
                    "code": 2,
                    "license": "NON-COMMERCIAL ONLY: CC BY NC",
                    "url": "https:\/\/creativecommons.org\/licenses\/by-nc\/2.0\/fr\/",
                    "source": "infoclimat.fr"
                },
                "country": "FR",
                "departement": "27",
                "last_activity": "2026-06-25T13:30:00Z"
            }
        },
        {
            "type": "Feature",
            "geometry": {
                "type": "Point",
                "coordinates": [
                    3.89564,
                    45.0641
                ]
            },
            "properties": {
                "id": "STATIC0428",
                "name": "Chadrac",
                "elevation": 700,
                "license": {
                    "code": 1,
                    "license": "CC BY",
                    "url": "https:\/\/creativecommons.org\/licenses\/by\/2.0\/fr\/",
                    "source": "infoclimat.fr"
                },
                "country": "FR",
                "departement": "43",
                "last_activity": "2026-06-25T13:30:00Z"
            }
        },
        {
            "type": "Feature",
            "geometry": {
                "type": "Point",
                "coordinates": [
                    0.924965,
                    47.5041
                ]
            },
            "properties": {
                "id": "STATIC0429",
                "name": "Neuill\u00e9-le-Lierre",
                "elevation": 78,
                "license": {
                    "code": 2,
                    "license": "NON-COMMERCIAL ONLY: CC BY NC",
                    "url": "https:\/\/creativecommons.org\/licenses\/by-nc\/2.0\/fr\/",
                    "source": "infoclimat.fr"
                },
                "country": "FR",
                "departement": "37",
                "last_activity": "2026-06-25T13:30:00Z"
            }
        },
        {
            "type": "Feature",
            "geometry": {
                "type": "Point",
                "coordinates": [
                    3.32418,
                    44.8496
                ]
            },
            "properties": {
                "id": "STATIC0430",
                "name": "Saint-Pierre-le-Vieux",
                "elevation": 976,
                "license": {
                    "code": 1,
                    "license": "CC BY",
                    "url": "https:\/\/creativecommons.org\/licenses\/by\/2.0\/fr\/",
                    "source": "infoclimat.fr"
                },
                "country": "FR",
                "departement": "48",
                "last_activity": "2026-06-25T13:30:00Z"
            }
        },
        {
            "type": "Feature",
            "geometry": {
                "type": "Point",
                "coordinates": [
                    -0.35,
                    45.3
                ]
            },
            "properties": {
                "id": "STATIC0431",
                "name": "Vallet",
                "elevation": 87,
                "license": {
                    "code": 1,
                    "license": "CC BY",
                    "url": "https:\/\/creativecommons.org\/licenses\/by\/2.0\/fr\/",
                    "source": "infoclimat.fr"
                },
                "country": "FR",
                "departement": "17",
                "last_activity": "2026-06-25T13:30:00Z"
            }
        },
        {
            "type": "Feature",
            "geometry": {
                "type": "Point",
                "coordinates": [
                    1.73499,
                    44.077
                ]
            },
            "properties": {
                "id": "STATIC0432",
                "name": "Penne",
                "elevation": 190,
                "license": {
                    "code": 2,
                    "license": "NON-COMMERCIAL ONLY: CC BY NC",
                    "url": "https:\/\/creativecommons.org\/licenses\/by-nc\/2.0\/fr\/",
                    "source": "infoclimat.fr"
                },
                "country": "FR",
                "departement": "81",
                "last_activity": "2026-06-25T13:30:00Z"
            }
        },
        {
            "type": "Feature",
            "geometry": {
                "type": "Point",
                "coordinates": [
                    6.39664,
                    48.27358
                ]
            },
            "properties": {
                "id": "STATIC0433",
                "name": "Igney",
                "elevation": 308,
                "license": {
                    "code": 1,
                    "license": "CC BY",
                    "url": "https:\/\/creativecommons.org\/licenses\/by\/2.0\/fr\/",
                    "source": "infoclimat.fr"
                },
                "country": "FR",
                "departement": "88",
                "last_activity": "2026-06-25T13:30:00Z"
            }
        },
        {
            "type": "Feature",
            "geometry": {
                "type": "Point",
                "coordinates": [
                    2.03658,
                    43.26823
                ]
            },
            "properties": {
                "id": "STATIC0435",
                "name": "Pexiora",
                "elevation": 151,
                "license": {
                    "code": 2,
                    "license": "NON-COMMERCIAL ONLY: CC BY NC",
                    "url": "https:\/\/creativecommons.org\/licenses\/by-nc\/2.0\/fr\/",
                    "source": "infoclimat.fr"
                },
                "country": "FR",
                "departement": "11",
                "last_activity": "2026-06-25T13:20:00Z"
            }
        },
        {
            "type": "Feature",
            "geometry": {
                "type": "Point",
                "coordinates": [
                    6.42697,
                    46.19194
                ]
            },
            "properties": {
                "id": "STATIC0436",
                "name": "Bog\u00e8ve",
                "elevation": 970,
                "license": {
                    "code": 2,
                    "license": "NON-COMMERCIAL ONLY: CC BY NC",
                    "url": "https:\/\/creativecommons.org\/licenses\/by-nc\/2.0\/fr\/",
                    "source": "infoclimat.fr"
                },
                "country": "FR",
                "departement": "74",
                "last_activity": "2026-06-25T13:30:00Z"
            }
        },
        {
            "type": "Feature",
            "geometry": {
                "type": "Point",
                "coordinates": [
                    -3.003753,
                    47.567285
                ]
            },
            "properties": {
                "id": "STATIC0438",
                "name": "Saint-Philibert-Kernevest",
                "elevation": 14,
                "license": {
                    "code": 1,
                    "license": "CC BY",
                    "url": "https:\/\/creativecommons.org\/licenses\/by\/2.0\/fr\/",
                    "source": "infoclimat.fr"
                },
                "country": "FR",
                "departement": "56",
                "last_activity": "2026-06-25T13:30:00Z"
            }
        },
        {
            "type": "Feature",
            "geometry": {
                "type": "Point",
                "coordinates": [
                    1.43852,
                    45.55203
                ]
            },
            "properties": {
                "id": "STATIC0439",
                "name": "Meuzac",
                "elevation": 393,
                "license": {
                    "code": 2,
                    "license": "NON-COMMERCIAL ONLY: CC BY NC",
                    "url": "https:\/\/creativecommons.org\/licenses\/by-nc\/2.0\/fr\/",
                    "source": "infoclimat.fr"
                },
                "country": "FR",
                "departement": "87",
                "last_activity": "2026-06-25T13:30:00Z"
            }
        },
        {
            "type": "Feature",
            "geometry": {
                "type": "Point",
                "coordinates": [
                    1.34716,
                    42.88837
                ]
            },
            "properties": {
                "id": "STATIC0440",
                "name": "Massat",
                "elevation": 661,
                "license": {
                    "code": 2,
                    "license": "NON-COMMERCIAL ONLY: CC BY NC",
                    "url": "https:\/\/creativecommons.org\/licenses\/by-nc\/2.0\/fr\/",
                    "source": "infoclimat.fr"
                },
                "country": "FR",
                "departement": "09",
                "last_activity": "2026-06-25T13:30:00Z"
            }
        },
        {
            "type": "Feature",
            "geometry": {
                "type": "Point",
                "coordinates": [
                    6.42103,
                    46.0319
                ]
            },
            "properties": {
                "id": "STATIC0442",
                "name": "Brizon - Col de Solaison",
                "elevation": 1511,
                "license": {
                    "code": 1,
                    "license": "CC BY",
                    "url": "https:\/\/creativecommons.org\/licenses\/by\/2.0\/fr\/",
                    "source": "infoclimat.fr"
                },
                "country": "FR",
                "departement": "74",
                "last_activity": "2026-06-25T13:30:00Z"
            }
        },
        {
            "type": "Feature",
            "geometry": {
                "type": "Point",
                "coordinates": [
                    -0.55672,
                    45.79303
                ]
            },
            "properties": {
                "id": "STATIC0445",
                "name": "V\u00e9n\u00e9rand",
                "elevation": 72,
                "license": {
                    "code": 2,
                    "license": "NON-COMMERCIAL ONLY: CC BY NC",
                    "url": "https:\/\/creativecommons.org\/licenses\/by-nc\/2.0\/fr\/",
                    "source": "infoclimat.fr"
                },
                "country": "FR",
                "departement": "17",
                "last_activity": "2026-06-25T13:30:00Z"
            }
        },
        {
            "type": "Feature",
            "geometry": {
                "type": "Point",
                "coordinates": [
                    6.50946,
                    48.60967
                ]
            },
            "properties": {
                "id": "STATIC0446",
                "name": "Jolivet",
                "elevation": 229,
                "license": {
                    "code": 1,
                    "license": "CC BY",
                    "url": "https:\/\/creativecommons.org\/licenses\/by\/2.0\/fr\/",
                    "source": "infoclimat.fr"
                },
                "country": "FR",
                "departement": "54",
                "last_activity": "2026-06-25T13:30:00Z"
            }
        },
        {
            "type": "Feature",
            "geometry": {
                "type": "Point",
                "coordinates": [
                    18.40015,
                    46.14984
                ]
            },
            "properties": {
                "id": "STATIC0447",
                "name": "P\u00e9csv\u00e1rad",
                "elevation": 216,
                "license": {
                    "code": 2,
                    "license": "NON-COMMERCIAL ONLY: CC BY NC",
                    "url": "https:\/\/creativecommons.org\/licenses\/by-nc\/2.0\/fr\/",
                    "source": "infoclimat.fr"
                },
                "country": "HUN",
                "departement": "HU",
                "last_activity": "2026-06-25T13:30:00Z"
            }
        },
        {
            "type": "Feature",
            "geometry": {
                "type": "Point",
                "coordinates": [
                    2.5843,
                    46.4785
                ]
            },
            "properties": {
                "id": "STATIC0448",
                "name": "Audes",
                "elevation": 205,
                "license": {
                    "code": 1,
                    "license": "CC BY",
                    "url": "https:\/\/creativecommons.org\/licenses\/by\/2.0\/fr\/",
                    "source": "infoclimat.fr"
                },
                "country": "FR",
                "departement": "03",
                "last_activity": "2026-06-25T13:30:00Z"
            }
        },
        {
            "type": "Feature",
            "geometry": {
                "type": "Point",
                "coordinates": [
                    -0.469195,
                    43.1608
                ]
            },
            "properties": {
                "id": "STATIC0449",
                "name": "Buziet",
                "elevation": 366,
                "license": {
                    "code": 2,
                    "license": "NON-COMMERCIAL ONLY: CC BY NC",
                    "url": "https:\/\/creativecommons.org\/licenses\/by-nc\/2.0\/fr\/",
                    "source": "infoclimat.fr"
                },
                "country": "FR",
                "departement": "64",
                "last_activity": "2026-06-25T13:30:00Z"
            }
        },
        {
            "type": "Feature",
            "geometry": {
                "type": "Point",
                "coordinates": [
                    -1.8481,
                    53.6541
                ]
            },
            "properties": {
                "id": "STATIC0450",
                "name": "Huddersfield",
                "elevation": 220,
                "license": {
                    "code": 1,
                    "license": "CC BY",
                    "url": "https:\/\/creativecommons.org\/licenses\/by\/2.0\/fr\/",
                    "source": "infoclimat.fr"
                },
                "country": "GB",
                "departement": "GB",
                "last_activity": "2026-06-25T13:30:00Z"
            }
        },
        {
            "type": "Feature",
            "geometry": {
                "type": "Point",
                "coordinates": [
                    -1.6208,
                    49.6433
                ]
            },
            "properties": {
                "id": "STATIC0464",
                "name": "Cherbourg - Port Chantereyne",
                "elevation": 5,
                "license": {
                    "code": 1,
                    "license": "CC BY",
                    "url": "https:\/\/creativecommons.org\/licenses\/by\/2.0\/fr\/",
                    "source": "infoclimat.fr"
                },
                "country": "FR",
                "departement": "50",
                "last_activity": "2026-06-25T13:30:00Z"
            }
        },
        {
            "type": "Feature",
            "geometry": {
                "type": "Point",
                "coordinates": [
                    5.92855,
                    46.8377
                ]
            },
            "properties": {
                "id": "STATIC0452",
                "name": "Andelot-en-Montagne",
                "elevation": 608,
                "license": {
                    "code": 2,
                    "license": "NON-COMMERCIAL ONLY: CC BY NC",
                    "url": "https:\/\/creativecommons.org\/licenses\/by-nc\/2.0\/fr\/",
                    "source": "infoclimat.fr"
                },
                "country": "FR",
                "departement": "39",
                "last_activity": "2026-06-25T13:30:00Z"
            }
        },
        {
            "type": "Feature",
            "geometry": {
                "type": "Point",
                "coordinates": [
                    2.73596,
                    45.6753
                ]
            },
            "properties": {
                "id": "STATIC0453",
                "name": "Laqueuille - Les Plaines",
                "elevation": 910,
                "license": {
                    "code": 2,
                    "license": "NON-COMMERCIAL ONLY: CC BY NC",
                    "url": "https:\/\/creativecommons.org\/licenses\/by-nc\/2.0\/fr\/",
                    "source": "infoclimat.fr"
                },
                "country": "FR",
                "departement": "63",
                "last_activity": "2026-06-25T13:10:00Z"
            }
        },
        {
            "type": "Feature",
            "geometry": {
                "type": "Point",
                "coordinates": [
                    5.61307,
                    50.7268
                ]
            },
            "properties": {
                "id": "STATIC0454",
                "name": "Heure-le-Romain (Oupeye)",
                "elevation": 140,
                "license": {
                    "code": 2,
                    "license": "NON-COMMERCIAL ONLY: CC BY NC",
                    "url": "https:\/\/creativecommons.org\/licenses\/by-nc\/2.0\/fr\/",
                    "source": "infoclimat.fr"
                },
                "country": "BE",
                "departement": "BE",
                "last_activity": "2026-06-25T13:20:00Z"
            }
        },
        {
            "type": "Feature",
            "geometry": {
                "type": "Point",
                "coordinates": [
                    2.70083,
                    48.48808
                ]
            },
            "properties": {
                "id": "STATIC0455",
                "name": "Chartrettes",
                "elevation": 80,
                "license": {
                    "code": 1,
                    "license": "CC BY",
                    "url": "https:\/\/creativecommons.org\/licenses\/by\/2.0\/fr\/",
                    "source": "infoclimat.fr"
                },
                "country": "FR",
                "departement": "77",
                "last_activity": "2026-06-25T13:20:00Z"
            }
        },
        {
            "type": "Feature",
            "geometry": {
                "type": "Point",
                "coordinates": [
                    -0.440697,
                    46.3873
                ]
            },
            "properties": {
                "id": "STATIC0456",
                "name": "\u00c9chir\u00e9",
                "elevation": 37,
                "license": {
                    "code": 2,
                    "license": "NON-COMMERCIAL ONLY: CC BY NC",
                    "url": "https:\/\/creativecommons.org\/licenses\/by-nc\/2.0\/fr\/",
                    "source": "infoclimat.fr"
                },
                "country": "FR",
                "departement": "79",
                "last_activity": "2026-06-25T13:30:00Z"
            }
        },
        {
            "type": "Feature",
            "geometry": {
                "type": "Point",
                "coordinates": [
                    6.64816,
                    46.3371
                ]
            },
            "properties": {
                "id": "STATIC0457",
                "name": "Chevenoz",
                "elevation": 830,
                "license": {
                    "code": 2,
                    "license": "NON-COMMERCIAL ONLY: CC BY NC",
                    "url": "https:\/\/creativecommons.org\/licenses\/by-nc\/2.0\/fr\/",
                    "source": "infoclimat.fr"
                },
                "country": "FR",
                "departement": "74",
                "last_activity": "2026-06-25T13:30:00Z"
            }
        },
        {
            "type": "Feature",
            "geometry": {
                "type": "Point",
                "coordinates": [
                    2.80943,
                    48.3613
                ]
            },
            "properties": {
                "id": "STATIC0458",
                "name": "Moret-Loing-et-Orvanne",
                "elevation": 56,
                "license": {
                    "code": 1,
                    "license": "CC BY",
                    "url": "https:\/\/creativecommons.org\/licenses\/by\/2.0\/fr\/",
                    "source": "infoclimat.fr"
                },
                "country": "FR",
                "departement": "77",
                "last_activity": "2026-06-25T13:30:00Z"
            }
        },
        {
            "type": "Feature",
            "geometry": {
                "type": "Point",
                "coordinates": [
                    2.657483,
                    45.580028
                ]
            },
            "properties": {
                "id": "STATIC0459",
                "name": "Tauves - Les Chaumettes basses",
                "elevation": 960,
                "license": {
                    "code": 2,
                    "license": "NON-COMMERCIAL ONLY: CC BY NC",
                    "url": "https:\/\/creativecommons.org\/licenses\/by-nc\/2.0\/fr\/",
                    "source": "infoclimat.fr"
                },
                "country": "FR",
                "departement": "63",
                "last_activity": "2026-06-25T13:20:00Z"
            }
        },
        {
            "type": "Feature",
            "geometry": {
                "type": "Point",
                "coordinates": [
                    7.04309,
                    43.8594
                ]
            },
            "properties": {
                "id": "STATIC0460",
                "name": "Roquest\u00e9ron",
                "elevation": 441,
                "license": {
                    "code": 2,
                    "license": "NON-COMMERCIAL ONLY: CC BY NC",
                    "url": "https:\/\/creativecommons.org\/licenses\/by-nc\/2.0\/fr\/",
                    "source": "infoclimat.fr"
                },
                "country": "FR",
                "departement": "06",
                "last_activity": "2026-06-25T13:20:00Z"
            }
        },
        {
            "type": "Feature",
            "geometry": {
                "type": "Point",
                "coordinates": [
                    3.86074,
                    43.6333
                ]
            },
            "properties": {
                "id": "STATIC0461",
                "name": "Montpellier - Universit\u00e9 \/ Campus Triolet",
                "elevation": 50,
                "license": {
                    "code": 2,
                    "license": "NON-COMMERCIAL ONLY: CC BY NC",
                    "url": "https:\/\/creativecommons.org\/licenses\/by-nc\/2.0\/fr\/",
                    "source": "infoclimat.fr"
                },
                "country": "FR",
                "departement": "34",
                "last_activity": "2026-06-25T13:30:00Z"
            }
        },
        {
            "type": "Feature",
            "geometry": {
                "type": "Point",
                "coordinates": [
                    -1.27653,
                    47.737
                ]
            },
            "properties": {
                "id": "STATIC0463",
                "name": "Soudan - La Mornais",
                "elevation": 78,
                "license": {
                    "code": 1,
                    "license": "CC BY",
                    "url": "https:\/\/creativecommons.org\/licenses\/by\/2.0\/fr\/",
                    "source": "infoclimat.fr"
                },
                "country": "FR",
                "departement": "44",
                "last_activity": "2026-06-25T13:30:00Z"
            }
        },
        {
            "type": "Feature",
            "geometry": {
                "type": "Point",
                "coordinates": [
                    5.1162,
                    47.1774
                ]
            },
            "properties": {
                "id": "STATIC0465",
                "name": "Izeure - Tarsul",
                "elevation": 196,
                "license": {
                    "code": 1,
                    "license": "CC BY",
                    "url": "https:\/\/creativecommons.org\/licenses\/by\/2.0\/fr\/",
                    "source": "infoclimat.fr"
                },
                "country": "FR",
                "departement": "21",
                "last_activity": "2026-03-12T08:45:00Z"
            }
        },
        {
            "type": "Feature",
            "geometry": {
                "type": "Point",
                "coordinates": [
                    3.92619,
                    44.4713
                ]
            },
            "properties": {
                "id": "STATIC0466",
                "name": "Pourcharesses - Morangi\u00e8s",
                "elevation": 650,
                "license": {
                    "code": 2,
                    "license": "NON-COMMERCIAL ONLY: CC BY NC",
                    "url": "https:\/\/creativecommons.org\/licenses\/by-nc\/2.0\/fr\/",
                    "source": "infoclimat.fr"
                },
                "country": "FR",
                "departement": "48",
                "last_activity": "2026-06-25T13:30:00Z"
            }
        },
        {
            "type": "Feature",
            "geometry": {
                "type": "Point",
                "coordinates": [
                    3.86963,
                    44.4066
                ]
            },
            "properties": {
                "id": "STATIC0467",
                "name": "Pourcharesses - Chantegrive",
                "elevation": 1220,
                "license": {
                    "code": 2,
                    "license": "NON-COMMERCIAL ONLY: CC BY NC",
                    "url": "https:\/\/creativecommons.org\/licenses\/by-nc\/2.0\/fr\/",
                    "source": "infoclimat.fr"
                },
                "country": "FR",
                "departement": "48",
                "last_activity": "2026-06-25T13:30:00Z"
            }
        },
        {
            "type": "Feature",
            "geometry": {
                "type": "Point",
                "coordinates": [
                    2.78739,
                    45.6056
                ]
            },
            "properties": {
                "id": "STATIC0468",
                "name": "Murat-le-Quaire - Col du Vieux Loup",
                "elevation": 1350,
                "license": {
                    "code": 2,
                    "license": "NON-COMMERCIAL ONLY: CC BY NC",
                    "url": "https:\/\/creativecommons.org\/licenses\/by-nc\/2.0\/fr\/",
                    "source": "infoclimat.fr"
                },
                "country": "FR",
                "departement": "63",
                "last_activity": "2026-06-25T13:30:00Z"
            }
        },
        {
            "type": "Feature",
            "geometry": {
                "type": "Point",
                "coordinates": [
                    3.14672,
                    42.4519
                ]
            },
            "properties": {
                "id": "STATIC0469",
                "name": "Cerb\u00e8re - Puig Gallines",
                "elevation": 305,
                "license": {
                    "code": 1,
                    "license": "CC BY",
                    "url": "https:\/\/creativecommons.org\/licenses\/by\/2.0\/fr\/",
                    "source": "infoclimat.fr"
                },
                "country": "FR",
                "departement": "66",
                "last_activity": "2026-06-25T13:10:00Z"
            }
        },
        {
            "type": "Feature",
            "geometry": {
                "type": "Point",
                "coordinates": [
                    0.325911,
                    42.8318
                ]
            },
            "properties": {
                "id": "STATIC0470",
                "name": "Vielle-Aure",
                "elevation": 794,
                "license": {
                    "code": 1,
                    "license": "CC BY",
                    "url": "https:\/\/creativecommons.org\/licenses\/by\/2.0\/fr\/",
                    "source": "infoclimat.fr"
                },
                "country": "FR",
                "departement": "65",
                "last_activity": "2026-06-25T13:30:00Z"
            }
        },
        {
            "type": "Feature",
            "geometry": {
                "type": "Point",
                "coordinates": [
                    31.0743,
                    -17.7639
                ]
            },
            "properties": {
                "id": "ME159",
                "name": "[MAE] \u00c9cole fran\u00e7aise de HARARE",
                "elevation": 1533,
                "license": {
                    "code": 1,
                    "license": "CC BY",
                    "url": "https:\/\/creativecommons.org\/licenses\/by\/2.0\/fr\/",
                    "source": "infoclimat.fr"
                },
                "country": "ZW",
                "departement": "ZW",
                "last_activity": "2026-06-25T13:30:00Z"
            }
        },
        {
            "type": "Feature",
            "geometry": {
                "type": "Point",
                "coordinates": [
                    -2.962618,
                    48.06243
                ]
            },
            "properties": {
                "id": "ME161",
                "name": "[MAE] Lyc\u00e9e Jeanne d'Arc - Pontivy",
                "elevation": 86,
                "license": {
                    "code": 1,
                    "license": "CC BY",
                    "url": "https:\/\/creativecommons.org\/licenses\/by\/2.0\/fr\/",
                    "source": "infoclimat.fr"
                },
                "country": "FR",
                "departement": "56",
                "last_activity": "2026-06-25T13:30:00Z"
            }
        },
        {
            "type": "Feature",
            "geometry": {
                "type": "Point",
                "coordinates": [
                    -0.506712,
                    46.0434
                ]
            },
            "properties": {
                "id": "STATIC0472",
                "name": "Loulay",
                "elevation": 54,
                "license": {
                    "code": 2,
                    "license": "NON-COMMERCIAL ONLY: CC BY NC",
                    "url": "https:\/\/creativecommons.org\/licenses\/by-nc\/2.0\/fr\/",
                    "source": "infoclimat.fr"
                },
                "country": "FR",
                "departement": "17",
                "last_activity": "2026-06-25T13:30:00Z"
            }
        },
        {
            "type": "Feature",
            "geometry": {
                "type": "Point",
                "coordinates": [
                    -1.09275,
                    45.98736
                ]
            },
            "properties": {
                "id": "STATIC0474",
                "name": "Fouras",
                "elevation": 13,
                "license": {
                    "code": 1,
                    "license": "CC BY",
                    "url": "https:\/\/creativecommons.org\/licenses\/by\/2.0\/fr\/",
                    "source": "infoclimat.fr"
                },
                "country": "FR",
                "departement": "17",
                "last_activity": "2026-06-25T13:30:00Z"
            }
        },
        {
            "type": "Feature",
            "geometry": {
                "type": "Point",
                "coordinates": [
                    -1.22974,
                    44.0853
                ]
            },
            "properties": {
                "id": "STATIC0475",
                "name": "Saint-Julien-en-Born",
                "elevation": 23,
                "license": {
                    "code": 1,
                    "license": "CC BY",
                    "url": "https:\/\/creativecommons.org\/licenses\/by\/2.0\/fr\/",
                    "source": "infoclimat.fr"
                },
                "country": "FR",
                "departement": "40",
                "last_activity": "2026-06-25T13:30:00Z"
            }
        },
        {
            "type": "Feature",
            "geometry": {
                "type": "Point",
                "coordinates": [
                    7.83068,
                    48.65786
                ]
            },
            "properties": {
                "id": "STATIC0476",
                "name": "La Wantzenau",
                "elevation": 133,
                "license": {
                    "code": 2,
                    "license": "NON-COMMERCIAL ONLY: CC BY NC",
                    "url": "https:\/\/creativecommons.org\/licenses\/by-nc\/2.0\/fr\/",
                    "source": "infoclimat.fr"
                },
                "country": "FR",
                "departement": "67",
                "last_activity": "2026-06-25T13:30:00Z"
            }
        },
        {
            "type": "Feature",
            "geometry": {
                "type": "Point",
                "coordinates": [
                    2.17884,
                    46.26216
                ]
            },
            "properties": {
                "id": "STATIC0477",
                "name": "Saint-Silvain-sous-Toulx",
                "elevation": 515,
                "license": {
                    "code": 1,
                    "license": "CC BY",
                    "url": "https:\/\/creativecommons.org\/licenses\/by\/2.0\/fr\/",
                    "source": "infoclimat.fr"
                },
                "country": "FR",
                "departement": "23",
                "last_activity": "2026-06-25T13:30:00Z"
            }
        }
    ]
}